{
	"credit": "Made with Blockbench",
	"texture_size": [64, 64],
	"textures": {
		"1": "item/cit/blackhole_2"
	},
	"elements": [
		{
			"from": [-5, -5, 8],
			"to": [21, 21, 8],
			"rotation": {"angle": 0, "axis": "y", "origin": [1, -1, 7]},
			"faces": {
				"north": {"uv": [0, 0, 6.5, 6.25], "texture": "#1"},
				"east": {"uv": [6.5, 1, 7, 7.25], "texture": "#1"},
				"south": {"uv": [0, 6.25, 6.5, 12.5], "texture": "#1"},
				"west": {"uv": [7, 1, 7.5, 7.25], "texture": "#1"},
				"up": {"uv": [13, 0.5, 6.5, 0], "texture": "#1"},
				"down": {"uv": [13, 0.5, 6.5, 1], "texture": "#1"}
			}
		}
	],
	"display": {
		"ground": {
			"translation": [0, 15.5, 0]
		}
	}
}