{
	"credit": "Made with Blockbench",
	"texture_size": [64, 64],
	"textures": {
		"0": "item/cit/camera",
		"particle": "item/cit/camera"
	},
	"elements": [
		{
			"from": [2, 0, 4],
			"to": [10, 7, 11],
			"rotation": {"angle": 0, "axis": "y", "origin": [8, 0, 8]},
			"faces": {
				"north": {"uv": [1.75, 4.25, 3.75, 6], "texture": "#0"},
				"east": {"uv": [0, 4.25, 1.75, 6], "texture": "#0"},
				"south": {"uv": [5.5, 4.25, 7.5, 6], "texture": "#0"},
				"west": {"uv": [3.75, 4.25, 5.5, 6], "texture": "#0"},
				"up": {"uv": [3.75, 4.25, 1.75, 2.5], "texture": "#0"},
				"down": {"uv": [5.75, 2.5, 3.75, 4.25], "texture": "#0"}
			}
		},
		{
			"from": [1, 1, 5],
			"to": [14, 6, 10],
			"rotation": {"angle": 0, "axis": "y", "origin": [9, 0, 8]},
			"faces": {
				"north": {"uv": [1.25, 1.25, 4.5, 2.5], "texture": "#0"},
				"east": {"uv": [0, 1.25, 1.25, 2.5], "texture": "#0"},
				"south": {"uv": [5.75, 1.25, 9, 2.5], "texture": "#0"},
				"west": {"uv": [4.5, 1.25, 5.75, 2.5], "texture": "#0"},
				"up": {"uv": [4.5, 1.25, 1.25, 0], "texture": "#0"},
				"down": {"uv": [7.75, 0, 4.5, 1.25], "texture": "#0"}
			}
		},
		{
			"from": [16, -1, 3],
			"to": [18, 8, 12],
			"rotation": {"angle": 0, "axis": "y", "origin": [24, 0, 8]},
			"faces": {
				"north": {"uv": [2.25, 8.25, 2.75, 10.5], "texture": "#0"},
				"east": {"uv": [0, 8.25, 2.25, 10.5], "texture": "#0"},
				"south": {"uv": [5, 8.25, 5.5, 10.5], "texture": "#0"},
				"west": {"uv": [2.75, 8.25, 5, 10.5], "texture": "#0"},
				"up": {"uv": [2.75, 8.25, 2.25, 6], "texture": "#0"},
				"down": {"uv": [3.25, 6, 2.75, 8.25], "texture": "#0"}
			}
		},
		{
			"from": [17, 0, 11],
			"to": [19, 8, 12],
			"rotation": {"angle": 0, "axis": "y", "origin": [25, 0, 8]},
			"faces": {
				"north": {"uv": [10.25, 5.75, 10.75, 7.75], "texture": "#0"},
				"east": {"uv": [10, 5.75, 10.25, 7.75], "texture": "#0"},
				"south": {"uv": [11, 5.75, 11.5, 7.75], "texture": "#0"},
				"west": {"uv": [10.75, 5.75, 11, 7.75], "texture": "#0"},
				"up": {"uv": [10.75, 5.75, 10.25, 5.5], "texture": "#0"},
				"down": {"uv": [11.25, 5.5, 10.75, 5.75], "texture": "#0"}
			}
		},
		{
			"from": [17, 0, 3],
			"to": [19, 8, 4],
			"rotation": {"angle": 0, "axis": "y", "origin": [25, 0, 0]},
			"faces": {
				"north": {"uv": [0.25, 10.75, 0.75, 12.75], "texture": "#0"},
				"east": {"uv": [0, 10.75, 0.25, 12.75], "texture": "#0"},
				"south": {"uv": [1, 10.75, 1.5, 12.75], "texture": "#0"},
				"west": {"uv": [0.75, 10.75, 1, 12.75], "texture": "#0"},
				"up": {"uv": [0.75, 10.75, 0.25, 10.5], "texture": "#0"},
				"down": {"uv": [1.25, 10.5, 0.75, 10.75], "texture": "#0"}
			}
		},
		{
			"from": [9, 0, 3],
			"to": [11, 8, 4],
			"rotation": {"angle": 0, "axis": "y", "origin": [17, 0, 0]},
			"faces": {
				"north": {"uv": [3.25, 10.75, 3.75, 12.75], "texture": "#0"},
				"east": {"uv": [3, 10.75, 3.25, 12.75], "texture": "#0"},
				"south": {"uv": [4, 10.75, 4.5, 12.75], "texture": "#0"},
				"west": {"uv": [3.75, 10.75, 4, 12.75], "texture": "#0"},
				"up": {"uv": [3.75, 10.75, 3.25, 10.5], "texture": "#0"},
				"down": {"uv": [4.25, 10.5, 3.75, 10.75], "texture": "#0"}
			}
		},
		{
			"from": [9, 0, 11],
			"to": [11, 8, 12],
			"rotation": {"angle": 0, "axis": "y", "origin": [17, 0, 8]},
			"faces": {
				"north": {"uv": [10.75, 8, 11.25, 10], "texture": "#0"},
				"east": {"uv": [10.5, 8, 10.75, 10], "texture": "#0"},
				"south": {"uv": [11.5, 8, 12, 10], "texture": "#0"},
				"west": {"uv": [11.25, 8, 11.5, 10], "texture": "#0"},
				"up": {"uv": [11.25, 8, 10.75, 7.75], "texture": "#0"},
				"down": {"uv": [11.75, 7.75, 11.25, 8], "texture": "#0"}
			}
		},
		{
			"from": [17, 7, 4],
			"to": [19, 8, 12],
			"rotation": {"angle": 0, "axis": "x", "origin": [25, 4, 12]},
			"faces": {
				"north": {"uv": [7.5, 11.5, 8, 11.75], "texture": "#0"},
				"east": {"uv": [5.5, 11.5, 7.5, 11.75], "texture": "#0"},
				"south": {"uv": [10, 11.5, 10.5, 11.75], "texture": "#0"},
				"west": {"uv": [8, 11.5, 10, 11.75], "texture": "#0"},
				"up": {"uv": [8, 11.5, 7.5, 9.5], "texture": "#0"},
				"down": {"uv": [8.5, 9.5, 8, 11.5], "texture": "#0"}
			}
		},
		{
			"from": [8, 7, 3],
			"to": [10, 8, 12],
			"rotation": {"angle": 0, "axis": "y", "origin": [16, 4, 11]},
			"faces": {
				"north": {"uv": [11.25, 2.25, 11.75, 2.5], "texture": "#0"},
				"east": {"uv": [9, 2.25, 11.25, 2.5], "texture": "#0"},
				"south": {"uv": [14, 2.25, 14.5, 2.5], "texture": "#0"},
				"west": {"uv": [11.75, 2.25, 14, 2.5], "texture": "#0"},
				"up": {"uv": [11.75, 2.25, 11.25, 0], "texture": "#0"},
				"down": {"uv": [12.25, 0, 11.75, 2.25], "texture": "#0"}
			}
		},
		{
			"from": [2, 9, 7],
			"to": [10, 10, 8],
			"rotation": {"angle": 0, "axis": "y", "origin": [2, 6, 15]},
			"faces": {
				"north": {"uv": [7.75, 5.25, 9.75, 5.5], "texture": "#0"},
				"east": {"uv": [7.5, 5.25, 7.75, 5.5], "texture": "#0"},
				"south": {"uv": [10, 5.25, 12, 5.5], "texture": "#0"},
				"west": {"uv": [9.75, 5.25, 10, 5.5], "texture": "#0"},
				"up": {"uv": [9.75, 5.25, 7.75, 5], "texture": "#0"},
				"down": {"uv": [11.75, 5, 9.75, 5.25], "texture": "#0"}
			}
		},
		{
			"from": [8, 3, 7],
			"to": [10, 10, 8],
			"rotation": {"angle": 0, "axis": "x", "origin": [16, 11, 11]},
			"faces": {
				"north": {"uv": [10.75, 10.25, 11.25, 12], "texture": "#0"},
				"east": {"uv": [10.5, 10.25, 10.75, 12], "texture": "#0"},
				"south": {"uv": [11.5, 10.25, 12, 12], "texture": "#0"},
				"west": {"uv": [11.25, 10.25, 11.5, 12], "texture": "#0"},
				"up": {"uv": [11.25, 10.25, 10.75, 10], "texture": "#0"},
				"down": {"uv": [11.75, 10, 11.25, 10.25], "texture": "#0"}
			}
		},
		{
			"from": [2, 1, 7],
			"to": [4, 9, 8],
			"rotation": {"angle": 0, "axis": "y", "origin": [10, 9, 11]},
			"faces": {
				"north": {"uv": [1.75, 10.75, 2.25, 12.75], "texture": "#0"},
				"east": {"uv": [1.5, 10.75, 1.75, 12.75], "texture": "#0"},
				"south": {"uv": [2.5, 10.75, 3, 12.75], "texture": "#0"},
				"west": {"uv": [2.25, 10.75, 2.5, 12.75], "texture": "#0"},
				"up": {"uv": [2.25, 10.75, 1.75, 10.5], "texture": "#0"},
				"down": {"uv": [2.75, 10.5, 2.25, 10.75], "texture": "#0"}
			}
		},
		{
			"from": [17, -1, 3],
			"to": [19, 0, 12],
			"rotation": {"angle": 0, "axis": "y", "origin": [25, -4, 12]},
			"faces": {
				"north": {"uv": [9.75, 4.75, 10.25, 5], "texture": "#0"},
				"east": {"uv": [7.5, 4.75, 9.75, 5], "texture": "#0"},
				"south": {"uv": [12.5, 4.75, 13, 5], "texture": "#0"},
				"west": {"uv": [10.25, 4.75, 12.5, 5], "texture": "#0"},
				"up": {"uv": [10.25, 4.75, 9.75, 2.5], "texture": "#0"},
				"down": {"uv": [10.75, 2.5, 10.25, 4.75], "texture": "#0"}
			}
		},
		{
			"from": [14, 0, 4],
			"to": [16, 7, 11],
			"rotation": {"angle": 0, "axis": "y", "origin": [22, 0, 8]},
			"faces": {
				"north": {"uv": [7.25, 7.75, 7.75, 9.5], "texture": "#0"},
				"east": {"uv": [5.5, 7.75, 7.25, 9.5], "texture": "#0"},
				"south": {"uv": [9.5, 7.75, 10, 9.5], "texture": "#0"},
				"west": {"uv": [7.75, 7.75, 9.5, 9.5], "texture": "#0"},
				"up": {"uv": [7.75, 7.75, 7.25, 6], "texture": "#0"},
				"down": {"uv": [8.25, 6, 7.75, 7.75], "texture": "#0"}
			}
		}
	]
}