{
	"credit": "Made with Blockbench",
	"texture_size": [64, 64],
	"textures": {
		"0": "mcs:item/cit/black_hole",
		"1": "mcs:item/cit/around_hole",
		"particle": "mcs:item/cit/black_hole"
	},
	"elements": [
		{
			"from": [0, 0, 0],
			"to": [16, 16, 16],
			"faces": {
				"north": {"uv": [0, 0, 4, 4], "texture": "#0"},
				"east": {"uv": [0, 4, 4, 8], "texture": "#0"},
				"south": {"uv": [4, 0, 8, 4], "texture": "#0"},
				"west": {"uv": [4, 4, 8, 8], "texture": "#0"},
				"up": {"uv": [4, 12, 0, 8], "texture": "#0"},
				"down": {"uv": [12, 0, 8, 4], "texture": "#0"}
			}
		},
		{
			"from": [-2, -2, 18],
			"to": [18, 18, 18],
			"rotation": {"angle": 0, "axis": "y", "origin": [-1, -1, 2]},
			"faces": {
				"north": {"uv": [0, 0, 5.75, 5.5], "texture": "#1"},
				"east": {"uv": [0, 0, 0, 5.5], "texture": "#1"},
				"south": {"uv": [0, 5.5, 5.75, 11], "texture": "#1"},
				"west": {"uv": [0, 0, 0, 5.5], "texture": "#1"},
				"up": {"uv": [5.75, 0, 0, 0], "texture": "#1"},
				"down": {"uv": [5.75, 0, 0, 0], "texture": "#1"}
			}
		},
		{
			"from": [-2, -2, -2],
			"to": [-2, 18, 18],
			"rotation": {"angle": 0, "axis": "y", "origin": [8, -1, 1]},
			"faces": {
				"north": {"uv": [0, 0, 0, 5.5], "texture": "#1"},
				"east": {"uv": [0, 0, 5.75, 5.5], "texture": "#1"},
				"south": {"uv": [0, 0, 0, 5.5], "texture": "#1"},
				"west": {"uv": [0, 5.5, 5.75, 11], "texture": "#1"},
				"up": {"uv": [5.75, 0, 0, 0], "rotation": 90, "texture": "#1"},
				"down": {"uv": [5.75, 0, 0, 0], "rotation": 270, "texture": "#1"}
			}
		},
		{
			"from": [-2, 18, -2],
			"to": [18, 18, 18],
			"rotation": {"angle": 0, "axis": "x", "origin": [15, 7, 14]},
			"faces": {
				"north": {"uv": [0, 0, 0, 5.5], "rotation": 90, "texture": "#1"},
				"east": {"uv": [5.75, 0, 0, 0], "texture": "#1"},
				"south": {"uv": [0, 0, 0, 5.5], "rotation": 270, "texture": "#1"},
				"west": {"uv": [5.75, 0, 0, 0], "rotation": 180, "texture": "#1"},
				"up": {"uv": [0, 5.5, 5.75, 11], "rotation": 270, "texture": "#1"},
				"down": {"uv": [0, 0, 5.75, 5.5], "rotation": 270, "texture": "#1"}
			}
		},
		{
			"from": [-2, -2, -2],
			"to": [18, -2, 18],
			"rotation": {"angle": 0, "axis": "y", "origin": [15, 8, 1]},
			"faces": {
				"north": {"uv": [0, 0, 0, 5.5], "rotation": 90, "texture": "#1"},
				"east": {"uv": [5.75, 0, 0, 0], "rotation": 180, "texture": "#1"},
				"south": {"uv": [0, 0, 0, 5.5], "rotation": 270, "texture": "#1"},
				"west": {"uv": [5.75, 0, 0, 0], "texture": "#1"},
				"up": {"uv": [0, 0, 5.75, 5.5], "rotation": 270, "texture": "#1"},
				"down": {"uv": [0, 5.5, 5.75, 11], "rotation": 270, "texture": "#1"}
			}
		},
		{
			"from": [-2, -2, -2],
			"to": [18, 18, -2],
			"rotation": {"angle": 0, "axis": "x", "origin": [15, 15, 8]},
			"faces": {
				"north": {"uv": [0, 5.5, 5.75, 11], "rotation": 90, "texture": "#1"},
				"east": {"uv": [5.75, 0, 0, 0], "rotation": 90, "texture": "#1"},
				"south": {"uv": [0, 0, 5.75, 5.5], "rotation": 270, "texture": "#1"},
				"west": {"uv": [5.75, 0, 0, 0], "rotation": 90, "texture": "#1"},
				"up": {"uv": [0, 0, 0, 5.5], "rotation": 270, "texture": "#1"},
				"down": {"uv": [0, 0, 0, 5.5], "rotation": 270, "texture": "#1"}
			}
		},
		{
			"from": [18, -2, -2],
			"to": [18, 18, 18],
			"rotation": {"angle": 0, "axis": "y", "origin": [8, 15, 15]},
			"faces": {
				"north": {"uv": [5.75, 0, 0, 0], "rotation": 90, "texture": "#1"},
				"east": {"uv": [0, 5.5, 5.75, 11], "rotation": 90, "texture": "#1"},
				"south": {"uv": [5.75, 0, 0, 0], "rotation": 90, "texture": "#1"},
				"west": {"uv": [0, 0, 5.75, 5.5], "rotation": 270, "texture": "#1"},
				"up": {"uv": [0, 0, 0, 5.5], "texture": "#1"},
				"down": {"uv": [0, 0, 0, 5.5], "rotation": 180, "texture": "#1"}
			}
		}
	]
}