{
	"credit": "Made with Blockbench",
	"texture_size": [32, 32],
	"textures": {
		"0": "mcs:item/cit/circle_texture",
		"particle": "mcs:item/cit/circle_texture"
	},
	"elements": [
		{
			"from": [3, 0, -16],
			"to": [13, 0.5, -16],
			"rotation": {"angle": 0, "axis": "y", "origin": [8, 1, -16]},
			"faces": {
				"north": {"uv": [0, 0, 5, 1], "texture": "#0", "tintindex": 0},
				"east": {"uv": [0, 0, 0, 1], "texture": "#0", "tintindex": 0},
				"south": {"uv": [0, 1, 5, 2], "texture": "#0", "tintindex": 0},
				"west": {"uv": [0, 0, 0, 1], "texture": "#0", "tintindex": 0},
				"up": {"uv": [5, 0, 0, 0], "texture": "#0", "tintindex": 0},
				"down": {"uv": [5, 0, 0, 0], "texture": "#0", "tintindex": 0}
			}
		},
		{
			"from": [3, 0, 32],
			"to": [13, 0.5, 32],
			"rotation": {"angle": 0, "axis": "y", "origin": [8, 1, 32]},
			"faces": {
				"north": {"uv": [0, 2, 5, 3], "texture": "#0", "tintindex": 0},
				"east": {"uv": [0, 0, 0, 1], "texture": "#0", "tintindex": 0},
				"south": {"uv": [0, 3, 5, 4], "texture": "#0", "tintindex": 0},
				"west": {"uv": [0, 0, 0, 1], "texture": "#0", "tintindex": 0},
				"up": {"uv": [5, 0, 0, 0], "texture": "#0", "tintindex": 0},
				"down": {"uv": [5, 0, 0, 0], "texture": "#0", "tintindex": 0}
			}
		},
		{
			"from": [32, 0, 3],
			"to": [32, 0.5, 13],
			"rotation": {"angle": 0, "axis": "y", "origin": [32, 1, 8]},
			"faces": {
				"north": {"uv": [0, 0, 0, 1], "texture": "#0", "tintindex": 0},
				"east": {"uv": [0, 4, 5, 5], "texture": "#0", "tintindex": 0},
				"south": {"uv": [0, 0, 0, 1], "texture": "#0", "tintindex": 0},
				"west": {"uv": [0, 5, 5, 6], "texture": "#0", "tintindex": 0},
				"up": {"uv": [0, 5, 0, 0], "texture": "#0", "tintindex": 0},
				"down": {"uv": [0, 0, 0, 5], "texture": "#0", "tintindex": 0}
			}
		},
		{
			"from": [-16, 0, 3],
			"to": [-16, 0.5, 13],
			"rotation": {"angle": 0, "axis": "y", "origin": [-16, 1, 8]},
			"faces": {
				"north": {"uv": [0, 0, 0, 1], "texture": "#0", "tintindex": 0},
				"east": {"uv": [5, 0, 10, 1], "texture": "#0", "tintindex": 0},
				"south": {"uv": [0, 0, 0, 1], "texture": "#0", "tintindex": 0},
				"west": {"uv": [5, 1, 10, 2], "texture": "#0", "tintindex": 0},
				"up": {"uv": [0, 5, 0, 0], "texture": "#0", "tintindex": 0},
				"down": {"uv": [0, 0, 0, 5], "texture": "#0", "tintindex": 0}
			}
		},
		{
			"from": [12.92388, 0, -15.61732],
			"to": [19.92388, 0.5, -15.61732],
			"rotation": {"angle": -22.5, "axis": "y", "origin": [13.92388, 0, -15.61732]},
			"faces": {
				"north": {"uv": [5, 2, 8.5, 3], "texture": "#0", "tintindex": 0},
				"east": {"uv": [0, 0, 0, 1], "texture": "#0", "tintindex": 0},
				"south": {"uv": [5, 3, 8.5, 4], "texture": "#0", "tintindex": 0},
				"west": {"uv": [0, 0, 0, 1], "texture": "#0", "tintindex": 0},
				"up": {"uv": [3.5, 0, 0, 0], "texture": "#0", "tintindex": 0},
				"down": {"uv": [3.5, 0, 0, 0], "texture": "#0", "tintindex": 0}
			}
		},
		{
			"from": [-3.54289, 0, 29.70398],
			"to": [3.45711, 0.5, 29.70398],
			"rotation": {"angle": -22.5, "axis": "y", "origin": [-2.54289, 0, 29.70398]},
			"faces": {
				"north": {"uv": [5, 4, 8.5, 5], "texture": "#0", "tintindex": 0},
				"east": {"uv": [0, 0, 0, 1], "texture": "#0", "tintindex": 0},
				"south": {"uv": [5, 5, 8.5, 6], "texture": "#0", "tintindex": 0},
				"west": {"uv": [0, 0, 0, 1], "texture": "#0", "tintindex": 0},
				"up": {"uv": [3.5, 0, 0, 0], "texture": "#0", "tintindex": 0},
				"down": {"uv": [3.5, 0, 0, 0], "texture": "#0", "tintindex": 0}
			}
		},
		{
			"from": [29.74841, 0, -3.49746],
			"to": [29.74841, 0.5, 3.50254],
			"rotation": {"angle": 22.5, "axis": "y", "origin": [29.74841, 0, -2.49746]},
			"faces": {
				"north": {"uv": [0, 0, 0, 1], "texture": "#0", "tintindex": 0},
				"east": {"uv": [0, 6, 3.5, 7], "texture": "#0", "tintindex": 0},
				"south": {"uv": [0, 0, 0, 1], "texture": "#0", "tintindex": 0},
				"west": {"uv": [3.5, 6, 7, 7], "texture": "#0", "tintindex": 0},
				"up": {"uv": [0, 3.5, 0, 0], "texture": "#0", "tintindex": 0},
				"down": {"uv": [0, 0, 0, 3.5], "texture": "#0", "tintindex": 0}
			}
		},
		{
			"from": [-15.66275, 0, 12.87944],
			"to": [-15.66275, 0.5, 19.87944],
			"rotation": {"angle": 22.5, "axis": "y", "origin": [-15.66275, 0, 13.87944]},
			"faces": {
				"north": {"uv": [0, 0, 0, 1], "texture": "#0", "tintindex": 0},
				"east": {"uv": [0, 7, 3.5, 8], "texture": "#0", "tintindex": 0},
				"south": {"uv": [0, 0, 0, 1], "texture": "#0", "tintindex": 0},
				"west": {"uv": [3.5, 7, 7, 8], "texture": "#0", "tintindex": 0},
				"up": {"uv": [0, 3.5, 0, 0], "texture": "#0", "tintindex": 0},
				"down": {"uv": [0, 0, 0, 3.5], "texture": "#0", "tintindex": 0}
			}
		},
		{
			"from": [-3.49784, 0, -13.74934],
			"to": [3.50216, 0.5, -13.74934],
			"rotation": {"angle": 22.5, "axis": "y", "origin": [-2.49784, 0, -13.74934]},
			"faces": {
				"north": {"uv": [7, 6, 10.5, 7], "texture": "#0", "tintindex": 0},
				"east": {"uv": [0, 0, 0, 1], "texture": "#0", "tintindex": 0},
				"south": {"uv": [7, 7, 10.5, 8], "texture": "#0", "tintindex": 0},
				"west": {"uv": [0, 0, 0, 1], "texture": "#0", "tintindex": 0},
				"up": {"uv": [3.5, 0, 0, 0], "texture": "#0", "tintindex": 0},
				"down": {"uv": [3.5, 0, 0, 0], "texture": "#0", "tintindex": 0}
			}
		},
		{
			"from": [12.87906, 0, 31.66183],
			"to": [19.87906, 0.5, 31.66183],
			"rotation": {"angle": 22.5, "axis": "y", "origin": [13.87906, 0, 31.66183]},
			"faces": {
				"north": {"uv": [0, 8, 3.5, 9], "texture": "#0", "tintindex": 0},
				"east": {"uv": [0, 0, 0, 1], "texture": "#0", "tintindex": 0},
				"south": {"uv": [3.5, 8, 7, 9], "texture": "#0", "tintindex": 0},
				"west": {"uv": [0, 0, 0, 1], "texture": "#0", "tintindex": 0},
				"up": {"uv": [3.5, 0, 0, 0], "texture": "#0", "tintindex": 0},
				"down": {"uv": [3.5, 0, 0, 0], "texture": "#0", "tintindex": 0}
			}
		},
		{
			"from": [-15.61732, 0, -3.92388],
			"to": [-15.61732, 0.5, 3.07612],
			"rotation": {"angle": -22.5, "axis": "y", "origin": [-15.61732, 0, 2.07612]},
			"faces": {
				"north": {"uv": [0, 0, 0, 1], "texture": "#0", "tintindex": 0},
				"east": {"uv": [7, 8, 10.5, 9], "texture": "#0", "tintindex": 0},
				"south": {"uv": [0, 0, 0, 1], "texture": "#0", "tintindex": 0},
				"west": {"uv": [8.5, 2, 12, 3], "texture": "#0", "tintindex": 0},
				"up": {"uv": [0, 3.5, 0, 0], "texture": "#0", "tintindex": 0},
				"down": {"uv": [0, 0, 0, 3.5], "texture": "#0", "tintindex": 0}
			}
		},
		{
			"from": [29.70398, 0, 12.54289],
			"to": [29.70398, 0.5, 19.54289],
			"rotation": {"angle": -22.5, "axis": "y", "origin": [29.70398, 0, 18.54289]},
			"faces": {
				"north": {"uv": [0, 0, 0, 1], "texture": "#0", "tintindex": 0},
				"east": {"uv": [8.5, 3, 12, 4], "texture": "#0", "tintindex": 0},
				"south": {"uv": [0, 0, 0, 1], "texture": "#0", "tintindex": 0},
				"west": {"uv": [8.5, 4, 12, 5], "texture": "#0", "tintindex": 0},
				"up": {"uv": [0, 3.5, 0, 0], "texture": "#0", "tintindex": 0},
				"down": {"uv": [0, 0, 0, 3.5], "texture": "#0", "tintindex": 0}
			}
		},
		{
			"from": [19.17426, 0, -12.61411],
			"to": [26.17426, 0.5, -12.61411],
			"rotation": {"angle": -45, "axis": "y", "origin": [20.17426, 0, -12.61411]},
			"faces": {
				"north": {"uv": [8.5, 5, 12, 6], "texture": "#0", "tintindex": 0},
				"east": {"uv": [0, 0, 0, 1], "texture": "#0", "tintindex": 0},
				"south": {"uv": [0, 9, 3.5, 10], "texture": "#0", "tintindex": 0},
				"west": {"uv": [0, 0, 0, 1], "texture": "#0", "tintindex": 0},
				"up": {"uv": [3.5, 0, 0, 0], "texture": "#0", "tintindex": 0},
				"down": {"uv": [3.5, 0, 0, 0], "texture": "#0", "tintindex": 0}
			}
		},
		{
			"from": [-13.65884, 0, 20.12912],
			"to": [-6.65884, 0.5, 20.12912],
			"rotation": {"angle": -45, "axis": "y", "origin": [-12.65884, 0, 20.12912]},
			"faces": {
				"north": {"uv": [3.5, 9, 7, 10], "texture": "#0", "tintindex": 0},
				"east": {"uv": [0, 0, 0, 1], "texture": "#0", "tintindex": 0},
				"south": {"uv": [7, 9, 10.5, 10], "texture": "#0", "tintindex": 0},
				"west": {"uv": [0, 0, 0, 1], "texture": "#0", "tintindex": 0},
				"up": {"uv": [3.5, 0, 0, 0], "texture": "#0", "tintindex": 0},
				"down": {"uv": [3.5, 0, 0, 0], "texture": "#0", "tintindex": 0}
			}
		},
		{
			"from": [-8.70909, 0, 25.07887],
			"to": [-1.70909, 0.5, 25.07887],
			"rotation": {"angle": -45, "axis": "y", "origin": [-7.70909, 0, 25.07887]},
			"faces": {
				"north": {"uv": [0, 10, 3.5, 11], "texture": "#0", "tintindex": 0},
				"east": {"uv": [0, 0, 0, 1], "texture": "#0", "tintindex": 0},
				"south": {"uv": [10, 0, 13.5, 1], "texture": "#0", "tintindex": 0},
				"west": {"uv": [0, 0, 0, 1], "texture": "#0", "tintindex": 0},
				"up": {"uv": [3.5, 0, 0, 0], "texture": "#0", "tintindex": 0},
				"down": {"uv": [3.5, 0, 0, 0], "texture": "#0", "tintindex": 0}
			}
		},
		{
			"from": [24.12401, 0, -7.66436],
			"to": [31.12401, 0.5, -7.66436],
			"rotation": {"angle": -45, "axis": "y", "origin": [25.12401, 0, -7.66436]},
			"faces": {
				"north": {"uv": [10, 1, 13.5, 2], "texture": "#0", "tintindex": 0},
				"east": {"uv": [0, 0, 0, 1], "texture": "#0", "tintindex": 0},
				"south": {"uv": [3.5, 10, 7, 11], "texture": "#0", "tintindex": 0},
				"west": {"uv": [0, 0, 0, 1], "texture": "#0", "tintindex": 0},
				"up": {"uv": [3.5, 0, 0, 0], "texture": "#0", "tintindex": 0},
				"down": {"uv": [3.5, 0, 0, 0], "texture": "#0", "tintindex": 0}
			}
		},
		{
			"from": [-8.66436, 0, -9.12401],
			"to": [-1.66436, 0.5, -9.12401],
			"rotation": {"angle": 45, "axis": "y", "origin": [-7.66436, 0, -9.12401]},
			"faces": {
				"north": {"uv": [7, 10, 10.5, 11], "texture": "#0", "tintindex": 0},
				"east": {"uv": [0, 0, 0, 1], "texture": "#0", "tintindex": 0},
				"south": {"uv": [10.5, 6, 14, 7], "texture": "#0", "tintindex": 0},
				"west": {"uv": [0, 0, 0, 1], "texture": "#0", "tintindex": 0},
				"up": {"uv": [3.5, 0, 0, 0], "texture": "#0", "tintindex": 0},
				"down": {"uv": [3.5, 0, 0, 0], "texture": "#0", "tintindex": 0}
			}
		},
		{
			"from": [-13.61411, 0, -4.17426],
			"to": [-6.61411, 0.5, -4.17426],
			"rotation": {"angle": 45, "axis": "y", "origin": [-12.61411, 0, -4.17426]},
			"faces": {
				"north": {"uv": [10.5, 7, 14, 8], "texture": "#0", "tintindex": 0},
				"east": {"uv": [0, 0, 0, 1], "texture": "#0", "tintindex": 0},
				"south": {"uv": [10.5, 8, 14, 9], "texture": "#0", "tintindex": 0},
				"west": {"uv": [0, 0, 0, 1], "texture": "#0", "tintindex": 0},
				"up": {"uv": [3.5, 0, 0, 0], "texture": "#0", "tintindex": 0},
				"down": {"uv": [3.5, 0, 0, 0], "texture": "#0", "tintindex": 0}
			}
		},
		{
			"from": [24.07887, 0, 23.70909],
			"to": [31.07887, 0.5, 23.70909],
			"rotation": {"angle": 45, "axis": "y", "origin": [25.07887, 0, 23.70909]},
			"faces": {
				"north": {"uv": [10.5, 9, 14, 10], "texture": "#0", "tintindex": 0},
				"east": {"uv": [0, 0, 0, 1], "texture": "#0", "tintindex": 0},
				"south": {"uv": [10.5, 10, 14, 11], "texture": "#0", "tintindex": 0},
				"west": {"uv": [0, 0, 0, 1], "texture": "#0", "tintindex": 0},
				"up": {"uv": [3.5, 0, 0, 0], "texture": "#0", "tintindex": 0},
				"down": {"uv": [3.5, 0, 0, 0], "texture": "#0", "tintindex": 0}
			}
		},
		{
			"from": [19.12912, 0, 28.65884],
			"to": [26.12912, 0.5, 28.65884],
			"rotation": {"angle": 45, "axis": "y", "origin": [20.12912, 0, 28.65884]},
			"faces": {
				"north": {"uv": [0, 11, 3.5, 12], "texture": "#0", "tintindex": 0},
				"east": {"uv": [0, 0, 0, 1], "texture": "#0", "tintindex": 0},
				"south": {"uv": [3.5, 11, 7, 12], "texture": "#0", "tintindex": 0},
				"west": {"uv": [0, 0, 0, 1], "texture": "#0", "tintindex": 0},
				"up": {"uv": [3.5, 0, 0, 0], "texture": "#0", "tintindex": 0},
				"down": {"uv": [3.5, 0, 0, 0], "texture": "#0", "tintindex": 0}
			}
		}
	]
}