{
	"credit": "Made with Blockbench",
	"texture_size": [128, 128],
	"textures": {
		"0": "mcs:item/cit/customboat"
	},
	"elements": [
		{
			"name": "wheelsb",
			"from": [15.5, 0, 18],
			"to": [18.5, 7, 25],
			"rotation": {"angle": 0, "axis": "y", "origin": [8, 0, 9]},
			"faces": {
				"north": {"uv": [0.875, 3.75, 1.25, 4.625], "texture": "#0"},
				"east": {"uv": [0, 3.75, 0.875, 4.625], "texture": "#0"},
				"south": {"uv": [2.125, 3.75, 2.5, 4.625], "texture": "#0"},
				"west": {"uv": [1.25, 3.75, 2.125, 4.625], "texture": "#0"},
				"up": {"uv": [1.25, 3.75, 0.875, 2.875], "texture": "#0"},
				"down": {"uv": [1.625, 2.875, 1.25, 3.75], "texture": "#0"}
			}
		},
		{
			"name": "wheelsb",
			"from": [-2.5, 0, 18],
			"to": [0.5, 7, 25],
			"rotation": {"angle": 0, "axis": "y", "origin": [5, 0, 9]},
			"faces": {
				"north": {"uv": [0.875, 3.75, 1.25, 4.625], "texture": "#0"},
				"east": {"uv": [0, 3.75, 0.875, 4.625], "texture": "#0"},
				"south": {"uv": [2.125, 3.75, 2.5, 4.625], "texture": "#0"},
				"west": {"uv": [1.25, 3.75, 2.125, 4.625], "texture": "#0"},
				"up": {"uv": [1.25, 3.75, 0.875, 2.875], "texture": "#0"},
				"down": {"uv": [1.625, 2.875, 1.25, 3.75], "texture": "#0"}
			}
		},
		{
			"name": "wheelsf",
			"from": [15.5, 0, -3],
			"to": [18.5, 5, 2],
			"rotation": {"angle": 0, "axis": "y", "origin": [9, 0, -17]},
			"faces": {
				"north": {"uv": [6.375, 3.375, 6.75, 4], "texture": "#0"},
				"east": {"uv": [5.75, 3.375, 6.375, 4], "texture": "#0"},
				"south": {"uv": [7.375, 3.375, 7.75, 4], "texture": "#0"},
				"west": {"uv": [6.75, 3.375, 7.375, 4], "texture": "#0"},
				"up": {"uv": [6.75, 3.375, 6.375, 2.75], "texture": "#0"},
				"down": {"uv": [7.125, 2.75, 6.75, 3.375], "texture": "#0"}
			}
		},
		{
			"name": "wheelsf",
			"from": [-2.5, 0, -3],
			"to": [0.5, 5, 2],
			"rotation": {"angle": 0, "axis": "y", "origin": [6, 0, -17]},
			"faces": {
				"north": {"uv": [6.375, 3.375, 6.75, 4], "texture": "#0"},
				"east": {"uv": [5.75, 3.375, 6.375, 4], "texture": "#0"},
				"south": {"uv": [7.375, 3.375, 7.75, 4], "texture": "#0"},
				"west": {"uv": [6.75, 3.375, 7.375, 4], "texture": "#0"},
				"up": {"uv": [6.75, 3.375, 6.375, 2.75], "texture": "#0"},
				"down": {"uv": [7.125, 2.75, 6.75, 3.375], "texture": "#0"}
			}
		},
		{
			"name": "bone",
			"from": [2, 0.5, 2.5],
			"to": [14, 3.5, 15.5],
			"rotation": {"angle": 0, "axis": "y", "origin": [9, 0, 10]},
			"faces": {
				"north": {"uv": [1.625, 1.625, 3.125, 2], "texture": "#0"},
				"east": {"uv": [0, 1.625, 1.625, 2], "texture": "#0"},
				"south": {"uv": [4.75, 1.625, 6.25, 2], "texture": "#0"},
				"west": {"uv": [3.125, 1.625, 4.75, 2], "texture": "#0"},
				"up": {"uv": [3.125, 1.625, 1.625, 0], "texture": "#0"},
				"down": {"uv": [4.625, 0, 3.125, 1.625], "texture": "#0"}
			}
		},
		{
			"name": "bone",
			"from": [2, 2, -5.5],
			"to": [14, 2, -0.5],
			"rotation": {"angle": 0, "axis": "y", "origin": [9, 0, 7]},
			"faces": {
				"north": {"uv": [4.625, 1.125, 6.125, 1.125], "texture": "#0"},
				"east": {"uv": [4, 1.125, 4.625, 1.125], "texture": "#0"},
				"south": {"uv": [6.75, 1.125, 8.25, 1.125], "texture": "#0"},
				"west": {"uv": [6.125, 1.125, 6.75, 1.125], "texture": "#0"},
				"up": {"uv": [6.125, 1.125, 4.625, 0.5], "texture": "#0"},
				"down": {"uv": [7.625, 0.5, 6.125, 1.125], "texture": "#0"}
			}
		},
		{
			"name": "color",
			"from": [1, 1, -6.5],
			"to": [15, 5, -2.5],
			"rotation": {"angle": 0, "axis": "y", "origin": [9, 1, 14]},
			"faces": {
				"north": {"uv": [0.5, 5.25, 2.25, 5.75], "texture": "#0", "tintindex": 0},
				"east": {"uv": [0, 5.25, 0.5, 5.75], "texture": "#0", "tintindex": 0},
				"south": {"uv": [2.75, 5.25, 4.5, 5.75], "texture": "#0", "tintindex": 0},
				"west": {"uv": [2.25, 5.25, 2.75, 5.75], "texture": "#0", "tintindex": 0},
				"up": {"uv": [2.25, 5.25, 0.5, 4.75], "texture": "#0", "tintindex": 0},
				"down": {"uv": [4, 4.75, 2.25, 5.25], "texture": "#0", "tintindex": 0}
			}
		},
		{
			"name": "color",
			"from": [1, 1, 23],
			"to": [15, 5, 25],
			"rotation": {"angle": 0, "axis": "y", "origin": [9, 0, 1]},
			"faces": {
				"north": {"uv": [0.5, 8.875, 2.25, 9.375], "texture": "#0", "tintindex": 0},
				"east": {"uv": [0.25, 8.875, 0.5, 9.375], "texture": "#0", "tintindex": 0},
				"south": {"uv": [2.5, 8.875, 4.25, 9.375], "texture": "#0", "tintindex": 0},
				"west": {"uv": [2.25, 8.875, 2.5, 9.375], "texture": "#0", "tintindex": 0},
				"up": {"uv": [2.25, 8.875, 0.5, 8.625], "texture": "#0", "tintindex": 0},
				"down": {"uv": [4, 8.625, 2.25, 8.875], "texture": "#0", "tintindex": 0}
			}
		},
		{
			"name": "color",
			"from": [15, 1, 2.5],
			"to": [19, 6, 17.5],
			"rotation": {"angle": 0, "axis": "y", "origin": [9, 1, 10]},
			"faces": {
				"north": {"uv": [4.75, 4.125, 5.25, 4.75], "texture": "#0", "tintindex": 0},
				"east": {"uv": [2.875, 4.125, 4.75, 4.75], "texture": "#0", "tintindex": 0},
				"south": {"uv": [7.125, 4.125, 7.625, 4.75], "texture": "#0", "tintindex": 0},
				"west": {"uv": [5.25, 4.125, 7.125, 4.75], "texture": "#0", "tintindex": 0},
				"up": {"uv": [5.25, 4.125, 4.75, 2.25], "texture": "#0", "tintindex": 0},
				"down": {"uv": [5.75, 2.25, 5.25, 4.125], "texture": "#0", "tintindex": 0}
			}
		},
		{
			"name": "color",
			"from": [-3, 1, 2.5],
			"to": [1, 6, 17.5],
			"rotation": {"angle": 0, "axis": "y", "origin": [9, 1, 8]},
			"faces": {
				"north": {"uv": [4.75, 4.125, 5.25, 4.75], "texture": "#0", "tintindex": 0},
				"east": {"uv": [2.875, 4.125, 4.75, 4.75], "texture": "#0", "tintindex": 0},
				"south": {"uv": [7.125, 4.125, 7.625, 4.75], "texture": "#0", "tintindex": 0},
				"west": {"uv": [5.25, 4.125, 7.125, 4.75], "texture": "#0", "tintindex": 0},
				"up": {"uv": [5.25, 4.125, 4.75, 2.25], "texture": "#0", "tintindex": 0},
				"down": {"uv": [5.75, 2.25, 5.25, 4.125], "texture": "#0", "tintindex": 0}
			}
		},
		{
			"name": "bone",
			"from": [2, 3, 15.5],
			"to": [14, 3, 23.5],
			"rotation": {"angle": 0, "axis": "y", "origin": [9, 0, 6]},
			"faces": {
				"north": {"uv": [1.75, 3.75, 3.25, 3.75], "texture": "#0"},
				"east": {"uv": [0.75, 3.75, 1.75, 3.75], "texture": "#0"},
				"south": {"uv": [4.25, 3.75, 5.75, 3.75], "texture": "#0"},
				"west": {"uv": [3.25, 3.75, 4.25, 3.75], "texture": "#0"},
				"up": {"uv": [3.25, 3.75, 1.75, 2.75], "texture": "#0"},
				"down": {"uv": [4.75, 2.75, 3.25, 3.75], "texture": "#0"}
			}
		},
		{
			"name": "bone",
			"from": [5, 3.5, 15.5],
			"to": [11, 6.5, 22.5],
			"rotation": {"angle": 0, "axis": "y", "origin": [9, 0, 6]},
			"faces": {
				"north": {"uv": [0.875, 6.625, 1.625, 7], "texture": "#0"},
				"east": {"uv": [0, 6.625, 0.875, 7], "texture": "#0"},
				"south": {"uv": [2.5, 6.625, 3.25, 7], "texture": "#0"},
				"west": {"uv": [1.625, 6.625, 2.5, 7], "texture": "#0"},
				"up": {"uv": [1.625, 6.625, 0.875, 5.75], "texture": "#0"},
				"down": {"uv": [2.375, 5.75, 1.625, 6.625], "texture": "#0"}
			}
		},
		{
			"name": "bone",
			"from": [5, 6.5, 15.5],
			"to": [11, 9.5, 24.5],
			"rotation": {"angle": 0, "axis": "y", "origin": [9, 0, 6]},
			"faces": {
				"north": {"uv": [4.5, 5.875, 5.25, 6.25], "texture": "#0"},
				"east": {"uv": [3.375, 5.875, 4.5, 6.25], "texture": "#0"},
				"south": {"uv": [6.375, 5.875, 7.125, 6.25], "texture": "#0"},
				"west": {"uv": [5.25, 5.875, 6.375, 6.25], "texture": "#0"},
				"up": {"uv": [5.25, 5.875, 4.5, 4.75], "texture": "#0"},
				"down": {"uv": [6, 4.75, 5.25, 5.875], "texture": "#0"}
			}
		},
		{
			"name": "bone2",
			"from": [2, 1.64805, -0.27164],
			"to": [14, 4.64805, 12.72836],
			"rotation": {"angle": 0, "axis": "y", "origin": [9, 0, 10]},
			"faces": {
				"north": {"uv": [1.625, 1.625, 3.125, 2], "texture": "#0"},
				"east": {"uv": [0, 1.625, 1.625, 2], "texture": "#0"},
				"south": {"uv": [4.75, 1.625, 6.25, 2], "texture": "#0"},
				"west": {"uv": [3.125, 1.625, 4.75, 2], "texture": "#0"},
				"up": {"uv": [3.125, 1.625, 1.625, 0], "texture": "#0"},
				"down": {"uv": [4.625, 0, 3.125, 1.625], "texture": "#0"}
			}
		},
		{
			"name": "bone6",
			"from": [2, 1, 2.5],
			"to": [14, 1, 16.5],
			"rotation": {"angle": 0, "axis": "y", "origin": [9, 0, 10]},
			"faces": {
				"north": {"uv": [1.75, 3.75, 3.25, 3.75], "texture": "#0"},
				"east": {"uv": [0, 3.75, 1.75, 3.75], "texture": "#0"},
				"south": {"uv": [5, 3.75, 6.5, 3.75], "texture": "#0"},
				"west": {"uv": [3.25, 3.75, 5, 3.75], "texture": "#0"},
				"up": {"uv": [3.25, 3.75, 1.75, 2], "texture": "#0"},
				"down": {"uv": [4.75, 2, 3.25, 3.75], "texture": "#0"}
			}
		},
		{
			"name": "bone3",
			"from": [3, 13.75, 19.5],
			"to": [5, 19.75, 21.5],
			"rotation": {"angle": 45, "axis": "x", "origin": [9, 10, 7]},
			"faces": {
				"north": {"uv": [6.25, 5, 6.5, 5.75], "texture": "#0"},
				"east": {"uv": [6, 5, 6.25, 5.75], "texture": "#0"},
				"south": {"uv": [6.75, 5, 7, 5.75], "texture": "#0"},
				"west": {"uv": [6.5, 5, 6.75, 5.75], "texture": "#0"},
				"up": {"uv": [6.5, 5, 6.25, 4.75], "texture": "#0"},
				"down": {"uv": [6.75, 4.75, 6.5, 5], "texture": "#0"}
			}
		},
		{
			"name": "bone3",
			"from": [1.5, 19.75, 19.5],
			"to": [4.5, 24.75, 22.5],
			"rotation": {"angle": 45, "axis": "x", "origin": [9, 10, 7]},
			"faces": {
				"north": {"uv": [0.375, 0.375, 0.75, 1], "texture": "#0"},
				"east": {"uv": [0, 0.375, 0.375, 1], "texture": "#0"},
				"south": {"uv": [1.125, 0.375, 1.5, 1], "texture": "#0"},
				"west": {"uv": [0.75, 0.375, 1.125, 1], "texture": "#0"},
				"up": {"uv": [0.75, 0.375, 0.375, 0], "texture": "#0"},
				"down": {"uv": [1.125, 0, 0.75, 0.375], "texture": "#0"}
			}
		},
		{
			"name": "bone3",
			"from": [11.5, 19.75, 19.5],
			"to": [14.5, 24.75, 22.5],
			"rotation": {"angle": 45, "axis": "x", "origin": [9, 10, 7]},
			"faces": {
				"north": {"uv": [0.375, 0.375, 0.75, 1], "texture": "#0"},
				"east": {"uv": [0, 0.375, 0.375, 1], "texture": "#0"},
				"south": {"uv": [1.125, 0.375, 1.5, 1], "texture": "#0"},
				"west": {"uv": [0.75, 0.375, 1.125, 1], "texture": "#0"},
				"up": {"uv": [0.75, 0.375, 0.375, 0], "texture": "#0"},
				"down": {"uv": [1.125, 0, 0.75, 0.375], "texture": "#0"}
			}
		},
		{
			"name": "bone3",
			"from": [11, 13.75, 19.5],
			"to": [13, 19.75, 21.5],
			"rotation": {"angle": 45, "axis": "x", "origin": [9, 10, 7]},
			"faces": {
				"north": {"uv": [6.25, 5, 6.5, 5.75], "texture": "#0"},
				"east": {"uv": [6, 5, 6.25, 5.75], "texture": "#0"},
				"south": {"uv": [6.75, 5, 7, 5.75], "texture": "#0"},
				"west": {"uv": [6.5, 5, 6.75, 5.75], "texture": "#0"},
				"up": {"uv": [6.5, 5, 6.25, 4.75], "texture": "#0"},
				"down": {"uv": [6.75, 4.75, 6.5, 5], "texture": "#0"}
			}
		},
		{
			"name": "bone4",
			"from": [8, -5.58579, -13.08579],
			"to": [8, 6.41421, -12.08579],
			"rotation": {"angle": 45, "axis": "x", "origin": [9, -11, 4]},
			"faces": {
				"north": {"uv": [0.125, 2, 0.125, 3.5], "texture": "#0"},
				"east": {"uv": [0, 2, 0.125, 3.5], "texture": "#0"},
				"south": {"uv": [0.25, 2, 0.25, 3.5], "texture": "#0"},
				"west": {"uv": [0.125, 2, 0.25, 3.5], "texture": "#0"},
				"up": {"uv": [0.125, 2, 0.125, 1.875], "texture": "#0"},
				"down": {"uv": [0.125, 1.875, 0.125, 2], "texture": "#0"}
			}
		},
		{
			"name": "bone4",
			"from": [5, 6.41421, -15.58579],
			"to": [11, 6.41421, -9.58579],
			"rotation": {"angle": 45, "axis": "x", "origin": [9, -11, 4]},
			"faces": {
				"north": {"uv": [5.75, 2.75, 6.5, 2.75], "texture": "#0"},
				"east": {"uv": [5, 2.75, 5.75, 2.75], "texture": "#0"},
				"south": {"uv": [7.25, 2.75, 8, 2.75], "texture": "#0"},
				"west": {"uv": [6.5, 2.75, 7.25, 2.75], "texture": "#0"},
				"up": {"uv": [6.5, 2.75, 5.75, 2], "texture": "#0"},
				"down": {"uv": [7.25, 2, 6.5, 2.75], "texture": "#0"}
			}
		},
		{
			"name": "bone4",
			"from": [6, -8, -15.5],
			"to": [10, 5, -13.5],
			"rotation": {"angle": 45, "axis": "x", "origin": [9, -12, 5]},
			"faces": {
				"north": {"uv": [7.875, 4.75, 8.375, 6.375], "texture": "#0"},
				"east": {"uv": [7.625, 4.75, 7.875, 6.375], "texture": "#0"},
				"south": {"uv": [8.625, 4.75, 9.125, 6.375], "texture": "#0"},
				"west": {"uv": [8.375, 4.75, 8.625, 6.375], "texture": "#0"},
				"up": {"uv": [8.375, 4.75, 7.875, 4.5], "texture": "#0"},
				"down": {"uv": [8.875, 4.5, 8.375, 4.75], "texture": "#0"}
			}
		}
	],
	"display": {
		"thirdperson_righthand": {
			"rotation": [90, 0, 0],
			"translation": [-6, -2, -4]
		},
		"gui": {
			"rotation": [17, 56, 16],
			"translation": [-1.5, 0, 0],
			"scale": [0.5, 0.5, 0.5]
		}
	},
	"groups": [
		{
			"name": "front",
			"origin": [8, 2, -7],
			"color": 0,
			"children": [
				{
					"name": "bone5",
					"origin": [8, 2.5, -8.5],
					"color": 0,
					"children": [
						{
							"name": "wheelsb",
							"origin": [8.5, 3.5, -35.5],
							"color": 0,
							"children": [0, 1]
						},
						{
							"name": "wheelsf",
							"origin": [8, 2.5, -8.5],
							"color": 0,
							"children": [2, 3]
						}
					]
				}
			]
		},
		{
			"name": "back",
			"origin": [4, 2, 23],
			"color": 0,
			"children": []
		},
		{
			"name": "left",
			"origin": [-1, 2, 8],
			"color": 0,
			"children": []
		},
		{
			"name": "right",
			"origin": [17, 2, 8],
			"color": 0,
			"children": []
		},
		{
			"name": "bottom",
			"origin": [7, 3, 8],
			"color": 0,
			"children": [
				{
					"name": "bone",
					"origin": [6, 3, 8.5],
					"color": 0,
					"children": [
						4,
						5,
						6,
						7,
						8,
						9,
						10,
						11,
						12,
						{
							"name": "bone2",
							"origin": [7, 1.14805, 10.72836],
							"color": 0,
							"children": [13]
						},
						{
							"name": "bone6",
							"origin": [7, 1, 7.5],
							"color": 0,
							"children": [14]
						},
						{
							"name": "bone3",
							"origin": [7, 4.5, 21.75],
							"color": 0,
							"children": [15, 16, 17, 18]
						},
						{
							"name": "bone4",
							"origin": [7, 4, -12.5],
							"color": 0,
							"children": [
								19,
								20,
								{
									"name": "bone7",
									"origin": [7, 4, -12.5],
									"color": 0,
									"children": [21]
								}
							]
						},
						{
							"name": "bone8",
							"origin": [7, 9.82753, 17.82117],
							"color": 0,
							"children": []
						}
					]
				}
			]
		},
		{
			"name": "bottom_no_water",
			"origin": [7, 9, 8],
			"color": 0,
			"children": []
		},
		{
			"name": "paddle_left",
			"origin": [-1, 11, 5],
			"color": 0,
			"children": []
		},
		{
			"name": "paddle_right",
			"origin": [17, 11, 5],
			"color": 0,
			"children": []
		}
	]
}