{
	"credit": "Made with Blockbench",
	"texture_size": [64, 64],
	"textures": {
		"0": "mcs:item/cit/holering"
	},
	"elements": [
		{
			"from": [-7, 8, -5],
			"to": [-3, 8, 21],
			"rotation": {"angle": 0, "axis": "y", "origin": [-6, 8, 0]},
			"faces": {
				"north": {"uv": [7.5, 6.5, 6.5, 6.5], "texture": "#0"},
				"east": {"uv": [14, 6.5, 7.5, 6.5], "texture": "#0"},
				"south": {"uv": [15, 6.5, 14, 6.5], "texture": "#0"},
				"west": {"uv": [6.5, 6.5, 0, 6.5], "texture": "#0"},
				"up": {"uv": [6.5, 6.5, 7.5, 0], "texture": "#0"},
				"down": {"uv": [7.5, 0, 8.5, 6.5], "texture": "#0"}
			}
		},
		{
			"from": [-5, 8, 19],
			"to": [21, 8, 23],
			"rotation": {"angle": 0, "axis": "y", "origin": [16, 8, 20]},
			"faces": {
				"north": {"uv": [7.5, 1, 1, 1], "texture": "#0"},
				"east": {"uv": [8.5, 1, 7.5, 1], "texture": "#0"},
				"south": {"uv": [15, 1, 8.5, 1], "texture": "#0"},
				"west": {"uv": [1, 1, 0, 1], "texture": "#0"},
				"up": {"uv": [6.5, 6.5, 7.5, 0], "rotation": 270, "texture": "#0"},
				"down": {"uv": [7.5, 0, 8.5, 6.5], "rotation": 90, "texture": "#0"}
			}
		},
		{
			"from": [-5, 8, -7],
			"to": [21, 8, -3],
			"rotation": {"angle": 0, "axis": "y", "origin": [0, 8, -4]},
			"faces": {
				"north": {"uv": [15, 1, 8.5, 1], "texture": "#0"},
				"east": {"uv": [1, 1, 0, 1], "texture": "#0"},
				"south": {"uv": [7.5, 1, 1, 1], "texture": "#0"},
				"west": {"uv": [8.5, 1, 7.5, 1], "texture": "#0"},
				"up": {"uv": [6.5, 6.5, 7.5, 0], "rotation": 90, "texture": "#0"},
				"down": {"uv": [7.5, 0, 8.5, 6.5], "rotation": 270, "texture": "#0"}
			}
		},
		{
			"from": [19, 8, -5],
			"to": [23, 8, 21],
			"rotation": {"angle": 0, "axis": "y", "origin": [20, 8, 0]},
			"faces": {
				"north": {"uv": [6.5, 6.5, 7.5, 6.5], "texture": "#0"},
				"east": {"uv": [0, 6.5, 6.5, 6.5], "texture": "#0"},
				"south": {"uv": [14, 6.5, 15, 6.5], "texture": "#0"},
				"west": {"uv": [7.5, 6.5, 14, 6.5], "texture": "#0"},
				"up": {"uv": [7.5, 6.5, 6.5, 0], "texture": "#0"},
				"down": {"uv": [8.5, 0, 7.5, 6.5], "texture": "#0"}
			}
		}
	]
}