{
	"credit": "Made with Blockbench",
	"textures": {
		"0": "item/cit/teammascots/green",
		"particle": "item/cit/teammascots/green"
	},
	"elements": [
		{
			"from": [2.5, -0.5, 3],
			"to": [13.5, 9.5, 13],
			"rotation": {"angle": 0, "axis": "x", "origin": [7.5, 9.5, 8]},
			"faces": {
				"north": {"uv": [0, 0, 5.5, 5], "texture": "#0"},
				"east": {"uv": [0, 5, 5, 10], "texture": "#0"},
				"south": {"uv": [5.5, 0, 0, 5], "texture": "#0"},
				"west": {"uv": [5, 5, 0, 10], "texture": "#0"},
				"up": {"uv": [5.5, 0, 11, 5], "texture": "#0"},
				"down": {"uv": [0, 10.5, 5, 16], "rotation": 90, "texture": "#0"}
			}
		},
		{
			"from": [10.5, 6.5, 2],
			"to": [14.5, 10.5, 6],
			"rotation": {"angle": 0, "axis": "x", "origin": [7.5, 9.5, 8]},
			"faces": {
				"north": {"uv": [5, 6.5, 7, 8.5], "texture": "#0"},
				"east": {"uv": [7, 8.5, 5, 10.5], "texture": "#0"},
				"south": {"uv": [11, 0, 16, 5.5], "rotation": 90, "texture": "#0"},
				"west": {"uv": [5, 10.5, 7, 12.5], "texture": "#0"},
				"up": {"uv": [7, 8.5, 9, 10.5], "texture": "#0"},
				"down": {"uv": [7, 10.5, 9, 12.5], "rotation": 90, "texture": "#0"}
			}
		},
		{
			"from": [1.5, 6.5, 2],
			"to": [5.5, 10.5, 6],
			"rotation": {"angle": 0, "axis": "x", "origin": [8.5, 9.5, 8]},
			"faces": {
				"north": {"uv": [7, 6.5, 5, 8.5], "texture": "#0"},
				"east": {"uv": [7, 10.5, 5, 12.5], "texture": "#0"},
				"south": {"uv": [11, 5.5, 16, 0], "rotation": 90, "texture": "#0"},
				"west": {"uv": [5, 8.5, 7, 10.5], "texture": "#0"},
				"up": {"uv": [9, 8.5, 7, 10.5], "texture": "#0"},
				"down": {"uv": [7, 12.5, 9, 10.5], "rotation": 90, "texture": "#0"}
			}
		},
		{
			"from": [4.5, 3.5, 1],
			"to": [11.5, 6.5, 3],
			"rotation": {"angle": 0, "axis": "x", "origin": [7.5, 9.5, 8]},
			"faces": {
				"north": {"uv": [5, 5, 8.5, 6.5], "texture": "#0"},
				"east": {"uv": [8.5, 5, 9.5, 6.5], "texture": "#0"},
				"west": {"uv": [9.5, 5, 8.5, 6.5], "texture": "#0"},
				"up": {"uv": [7, 6.5, 10.5, 7.5], "texture": "#0"},
				"down": {"uv": [7, 7.5, 10.5, 8.5], "texture": "#0"}
			}
		},
		{
			"from": [2.5, -0.5, 3],
			"to": [13.5, 9.5, 13],
			"rotation": {"angle": 0, "axis": "x", "origin": [7.5, 9.5, 8]},
			"faces": {
				"north": {"uv": [0, 0, 5.5, 5], "texture": "#0"},
				"east": {"uv": [0, 5, 5, 10], "texture": "#0"},
				"south": {"uv": [11, 0, 16, 5.5], "rotation": 90, "texture": "#0"},
				"west": {"uv": [5, 5, 0, 10], "texture": "#0"},
				"up": {"uv": [5.5, 0, 11, 5], "texture": "#0"},
				"down": {"uv": [0, 10.5, 5, 16], "rotation": 90, "texture": "#0"}
			}
		},
		{
			"from": [14.804, 10.854, 6.354],
			"to": [10.096, 6.146, 1.646],
			"rotation": {"angle": 0, "axis": "x", "origin": [7.1, 8.072, 8.708]},
			"faces": {
				"north": {"uv": [8, 11.5, 8.5, 12], "texture": "#0"},
				"south": {"uv": [8, 11.5, 8.5, 12], "texture": "#0"},
				"west": {"uv": [8, 11.5, 8.5, 12], "texture": "#0"},
				"up": {"uv": [8, 11.5, 8.5, 12], "texture": "#0"},
				"down": {"uv": [8, 11.5, 8.5, 12], "texture": "#0"}
			}
		},
		{
			"from": [5.904, 10.854, 6.354],
			"to": [1.196, 6.146, 1.646],
			"rotation": {"angle": 0, "axis": "x", "origin": [8.9, 8.072, 8.708]},
			"faces": {
				"north": {"uv": [8.5, 11.5, 8, 12], "texture": "#0"},
				"east": {"uv": [8.5, 11.5, 8, 12], "texture": "#0"},
				"south": {"uv": [8.5, 11.5, 8, 12], "texture": "#0"},
				"up": {"uv": [8.5, 11.5, 8, 12], "texture": "#0"},
				"down": {"uv": [8.5, 11.5, 8, 12], "texture": "#0"}
			}
		},
		{
			"from": [14.05, 10, 13.5],
			"to": [1.95, -1, 2.5],
			"rotation": {"angle": 0, "axis": "x", "origin": [7.45, 8.5, 8]},
			"faces": {
				"north": {"uv": [8, 11.5, 8.5, 12], "texture": "#0"},
				"east": {"uv": [8, 11.5, 8.5, 12], "texture": "#0"},
				"south": {"uv": [8, 11.5, 8.5, 12], "texture": "#0"},
				"west": {"uv": [8, 11.5, 8.5, 12], "texture": "#0"},
				"up": {"uv": [8, 11.5, 8.5, 12], "texture": "#0"},
				"down": {"uv": [8, 11.5, 8.5, 12], "texture": "#0"}
			}
		},
		{
			"from": [11.85, 6.65, 3.1],
			"to": [4.15, 3.35, 0.9],
			"rotation": {"angle": 0, "axis": "x", "origin": [7.45, 8.45, 8.6]},
			"faces": {
				"east": {"uv": [8, 11.5, 8.5, 12], "texture": "#0"},
				"south": {"uv": [8, 11.5, 8.5, 12], "texture": "#0"},
				"west": {"uv": [8, 11.5, 8.5, 12], "texture": "#0"},
				"up": {"uv": [8, 11.5, 8.5, 12], "texture": "#0"},
				"down": {"uv": [8, 11.5, 8.5, 12], "texture": "#0"}
			}
		}
	],
	"gui_light": "front",
	"display": {
		"thirdperson_righthand": {
			"rotation": [55.5, 34, 0],
			"translation": [0, 1, 0.75],
			"scale": [0.52539, 0.52539, 0.52539]
		},
		"thirdperson_lefthand": {
			"rotation": [55.5, 34, 0],
			"translation": [0, 1, 0.75],
			"scale": [0.52539, 0.52539, 0.52539]
		},
		"firstperson_righthand": {
			"rotation": [21, 114.5, -13.75],
			"translation": [9.5, 0, -5.75],
			"scale": [0.41992, 0.41992, 0.41992]
		},
		"firstperson_lefthand": {
			"rotation": [21, 114.5, -13.75],
			"translation": [9.5, 0, -5.75],
			"scale": [0.41992, 0.41992, 0.41992]
		},
		"gui": {
			"rotation": [-156.81, -42.22, 173.15],
			"translation": [-0.75, 1, 0],
			"scale": [0.78515, 0.78515, 0.78515]
		},
		"head": {
			"translation": [0, 6.25, 0],
			"scale": [1.6918, 1.6918, 1.6918]
		}
	}
}