{
	"credit": "Made with Blockbench",
	"textures": {
		"0": "item/cit/teammascots/red",
		"particle": "item/cit/teammascots/red"
	},
	"elements": [
		{
			"from": [2.5, -0.5, 3],
			"to": [13.5, 9.5, 13],
			"rotation": {"angle": 0, "axis": "x", "origin": [7.5, 9.5, 8]},
			"faces": {
				"north": {"uv": [0, 0.5, 5.5, 5.5], "texture": "#0"},
				"east": {"uv": [0, 5.5, 5, 10.5], "texture": "#0"},
				"south": {"uv": [0, 10.5, 5.5, 15.5], "texture": "#0"},
				"west": {"uv": [5, 5.5, 0, 10.5], "texture": "#0"},
				"up": {"uv": [5, 5.5, 10.5, 10.5], "texture": "#0"},
				"down": {"uv": [5.5, 10.5, 11, 15.5], "texture": "#0"}
			}
		},
		{
			"from": [12, 8, 7],
			"to": [16, 16, 9],
			"rotation": {"angle": -22.5, "axis": "z", "origin": [11, 15.5, 6.75]},
			"faces": {
				"north": {"uv": [5.5, 0, 7.5, 4], "texture": "#0"},
				"east": {"uv": [10.5, 0, 9.5, 4], "texture": "#0"},
				"south": {"uv": [12.5, 0, 10.5, 4], "texture": "#0"},
				"west": {"uv": [9.5, 0, 10.5, 4], "texture": "#0"},
				"up": {"uv": [7.5, 3.5, 9.5, 4.5], "texture": "#0"}
			}
		},
		{
			"from": [12, 14, 4],
			"to": [16, 16, 7],
			"rotation": {"angle": -22.5, "axis": "z", "origin": [11, 15.5, 6.75]},
			"faces": {
				"north": {"uv": [7.5, 1.5, 9.5, 2.5], "texture": "#0"},
				"east": {"uv": [7.5, 2.5, 9, 3.5], "texture": "#0"},
				"west": {"uv": [9, 2.5, 7.5, 3.5], "texture": "#0"},
				"up": {"uv": [5.5, 4, 7.5, 5.5], "texture": "#0"},
				"down": {"uv": [7.5, 0, 9.5, 1.5], "texture": "#0"}
			}
		},
		{
			"from": [0.99373, 7.00419, 7],
			"to": [4.99373, 15.00419, 9],
			"rotation": {"angle": 22.5, "axis": "z", "origin": [2.99373, 12.50419, 6.75]},
			"faces": {
				"north": {"uv": [7.5, 0, 5.5, 4], "texture": "#0"},
				"east": {"uv": [10.5, 0, 9.5, 4], "texture": "#0"},
				"south": {"uv": [10.5, 0, 12.5, 4], "texture": "#0"},
				"west": {"uv": [9.5, 0, 10.5, 4], "texture": "#0"},
				"up": {"uv": [9.5, 3.5, 7.5, 4.5], "texture": "#0"}
			}
		},
		{
			"from": [0.99373, 13.00419, 4],
			"to": [4.99373, 15.00419, 7],
			"rotation": {"angle": 22.5, "axis": "z", "origin": [2.99373, 12.50419, 6.75]},
			"faces": {
				"north": {"uv": [9.5, 1.5, 7.5, 2.5], "texture": "#0"},
				"east": {"uv": [7.5, 2.5, 9, 3.5], "texture": "#0"},
				"west": {"uv": [9, 2.5, 7.5, 3.5], "texture": "#0"},
				"up": {"uv": [7.5, 4, 5.5, 5.5], "texture": "#0"},
				"down": {"uv": [9.5, 0, 7.5, 1.5], "texture": "#0"}
			}
		},
		{
			"from": [3.5, -0.5, 1],
			"to": [12.5, 3.5, 3],
			"rotation": {"angle": 0, "axis": "x", "origin": [7.5, 9.5, 8]},
			"faces": {
				"north": {"uv": [0.5, 3.5, 5, 5.5], "texture": "#0"},
				"east": {"uv": [12.5, 0, 13.5, 2], "texture": "#0"},
				"west": {"uv": [13.5, 0, 12.5, 2], "texture": "#0"},
				"up": {"uv": [16, 15, 15, 10.5], "rotation": 90, "texture": "#0"},
				"down": {"uv": [11.5, 15, 16, 16], "texture": "#0"}
			}
		},
		{
			"from": [13.929, 9.89, 13.39],
			"to": [2.071, -0.89, 2.61],
			"rotation": {"angle": 0, "axis": "x", "origin": [7.461, 28.51, 8]},
			"faces": {
				"north": {"uv": [7.5, 13, 8, 13.5], "texture": "#0"},
				"east": {"uv": [7.5, 13, 8, 13.5], "texture": "#0"},
				"south": {"uv": [7.5, 13, 8, 13.5], "texture": "#0"},
				"west": {"uv": [7.5, 13, 8, 13.5], "texture": "#0"},
				"up": {"uv": [7.5, 13, 8, 13.5], "texture": "#0"},
				"down": {"uv": [7.5, 13, 8, 13.5], "texture": "#0"}
			}
		},
		{
			"from": [13.148, 3.838, 3.044],
			"to": [2.852, -0.738, 0.756],
			"rotation": {"angle": 0, "axis": "x", "origin": [7.428, 31.702, 8.264]},
			"faces": {
				"east": {"uv": [7.5, 13, 8, 13.5], "texture": "#0"},
				"south": {"uv": [7.5, 13, 8, 13.5], "texture": "#0"},
				"west": {"uv": [7.5, 13, 8, 13.5], "texture": "#0"},
				"up": {"uv": [7.5, 13, 8, 13.5], "texture": "#0"},
				"down": {"uv": [7.5, 13, 8, 13.5], "texture": "#0"}
			}
		},
		{
			"from": [17.14429, 16.61035, 9.23375],
			"to": [11.91929, 8.06035, 6.62125],
			"rotation": {"angle": -22.5, "axis": "z", "origin": [10.61304, 16.9666, 5.22594]},
			"faces": {
				"north": {"uv": [7.5, 13, 8, 13.5], "texture": "#0"},
				"east": {"uv": [7.5, 13, 8, 13.5], "texture": "#0"},
				"west": {"uv": [7.5, 13, 8, 13.5], "texture": "#0"},
				"up": {"uv": [7.5, 13, 8, 13.5], "texture": "#0"},
				"down": {"uv": [7.5, 13, 8, 13.5], "texture": "#0"}
			}
		},
		{
			"from": [16.7158, 16.21371, 6.62125],
			"to": [11.4908, 13.41121, 3.72375],
			"rotation": {"angle": -22.5, "axis": "z", "origin": [11.3958, 15.69121, 5.98]},
			"faces": {
				"east": {"uv": [7.5, 13, 8, 13.5], "texture": "#0"},
				"south": {"uv": [7.5, 13, 8, 13.5], "texture": "#0"},
				"west": {"uv": [7.5, 13, 8, 13.5], "texture": "#0"},
				"up": {"uv": [7.5, 13, 8, 13.5], "texture": "#0"},
				"down": {"uv": [7.5, 13, 8, 13.5], "texture": "#0"}
			}
		},
		{
			"from": [4.5092, 16.21371, 6.62125],
			"to": [-0.7158, 13.41121, 3.72375],
			"rotation": {"angle": 22.5, "axis": "z", "origin": [4.6042, 15.69121, 5.98]},
			"faces": {
				"east": {"uv": [8, 13, 7.5, 13.5], "texture": "#0"},
				"south": {"uv": [8, 13, 7.5, 13.5], "texture": "#0"},
				"west": {"uv": [8, 13, 7.5, 13.5], "texture": "#0"},
				"up": {"uv": [8, 13, 7.5, 13.5], "texture": "#0"},
				"down": {"uv": [8, 13, 7.5, 13.5], "texture": "#0"}
			}
		},
		{
			"from": [4.08071, 16.61035, 9.23375],
			"to": [-1.14429, 8.06035, 6.62125],
			"rotation": {"angle": 22.5, "axis": "z", "origin": [5.38696, 16.9666, 5.22594]},
			"faces": {
				"north": {"uv": [8, 13, 7.5, 13.5], "texture": "#0"},
				"east": {"uv": [8, 13, 7.5, 13.5], "texture": "#0"},
				"west": {"uv": [8, 13, 7.5, 13.5], "texture": "#0"},
				"up": {"uv": [8, 13, 7.5, 13.5], "texture": "#0"},
				"down": {"uv": [8, 13, 7.5, 13.5], "texture": "#0"}
			}
		}
	],
	"gui_light": "front",
	"display": {
		"thirdperson_righthand": {
			"rotation": [55.5, 34, 0],
			"translation": [0, 1, 0.75],
			"scale": [0.52539, 0.52539, 0.52539]
		},
		"thirdperson_lefthand": {
			"rotation": [55.5, 34, 0],
			"translation": [0, 1, 0.75],
			"scale": [0.52539, 0.52539, 0.52539]
		},
		"firstperson_righthand": {
			"rotation": [21, 114.5, -13.75],
			"translation": [9.5, 0, -5.75],
			"scale": [0.41992, 0.41992, 0.41992]
		},
		"firstperson_lefthand": {
			"rotation": [21, 114.5, -13.75],
			"translation": [9.5, 0, -5.75],
			"scale": [0.41992, 0.41992, 0.41992]
		},
		"gui": {
			"rotation": [-156.81, -42.22, 173.15],
			"translation": [-0.75, 1, 0],
			"scale": [0.75585, 0.75585, 0.75585]
		},
		"head": {
			"translation": [0, 6.25, 0],
			"scale": [1.6918, 1.6918, 1.6918]
		}
	}
}