{
	"credit": "Made with Blockbench",
	"textures": {
		"0": "item/cit/teammascots/aqua",
		"particle": "item/cit/teammascots/aqua"
	},
	"elements": [
		{
			"from": [2.5, -0.5, 3],
			"to": [13.5, 9.5, 13],
			"rotation": {"angle": 0, "axis": "x", "origin": [7.5, 9.5, 8]},
			"faces": {
				"north": {"uv": [0, 0, 5.5, 5], "texture": "#0"},
				"east": {"uv": [0, 5, 5, 10], "texture": "#0"},
				"south": {"uv": [11, 0, 16, 5.5], "rotation": 90, "texture": "#0"},
				"west": {"uv": [5, 5, 0, 10], "texture": "#0"},
				"up": {"uv": [5.5, 0, 11, 5], "texture": "#0"},
				"down": {"uv": [0, 10.5, 5, 16], "rotation": 90, "texture": "#0"}
			}
		},
		{
			"from": [-1, 0.43934, 9.14645],
			"to": [17, 14.43934, 9.14645],
			"rotation": {"angle": 22.5, "axis": "x", "origin": [8, 8.43934, 12.14645]},
			"faces": {
				"north": {"uv": [7, 9, 16, 16], "texture": "#0"},
				"south": {"uv": [7, 9, 16, 16], "texture": "#0"}
			}
		},
		{
			"from": [14.05, 10.025, 13.5],
			"to": [1.95, -0.975, 2.5],
			"rotation": {"angle": 0, "axis": "x", "origin": [7.45, 7.975, 8]},
			"faces": {
				"north": {"uv": [7.5, 14, 8, 14.5], "texture": "#0"},
				"east": {"uv": [7.5, 14, 8, 14.5], "texture": "#0"},
				"south": {"uv": [7.5, 14, 8, 14.5], "texture": "#0"},
				"west": {"uv": [7.5, 14, 8, 14.5], "texture": "#0"},
				"up": {"uv": [7.5, 14, 8, 14.5], "texture": "#0"},
				"down": {"uv": [7.5, 14, 8, 14.5], "texture": "#0"}
			}
		}
	],
	"gui_light": "front",
	"display": {
		"thirdperson_righthand": {
			"rotation": [55.5, 34, 0],
			"translation": [0, 1, 0.75],
			"scale": [0.52539, 0.52539, 0.52539]
		},
		"thirdperson_lefthand": {
			"rotation": [55.5, 34, 0],
			"translation": [0, 1, 0.75],
			"scale": [0.52539, 0.52539, 0.52539]
		},
		"firstperson_righthand": {
			"rotation": [21, 114.5, -13.75],
			"translation": [9.5, 0, -5.75],
			"scale": [0.41992, 0.41992, 0.41992]
		},
		"firstperson_lefthand": {
			"rotation": [21, 114.5, -13.75],
			"translation": [9.5, 0, -5.75],
			"scale": [0.41992, 0.41992, 0.41992]
		},
		"gui": {
			"rotation": [-156.81, -42.22, 173.15],
			"translation": [-0.25, 1, 0],
			"scale": [0.78515, 0.78515, 0.78515]
		},
		"head": {
			"translation": [0, 6.25, 0],
			"scale": [1.6918, 1.6918, 1.6918]
		}
	}
}