{
	"credit": "Made with Blockbench",
	"textures": {
		"0": "item/cit/teammascots/pink",
		"particle": "item/cit/teammascots/pink"
	},
	"elements": [
		{
			"from": [3, -0.5, 3],
			"to": [13, 9.5, 13],
			"rotation": {"angle": 0, "axis": "x", "origin": [8, 9.5, 8]},
			"faces": {
				"north": {"uv": [0, 0.5, 5, 5.5], "texture": "#0"},
				"east": {"uv": [0, 5.5, 5, 10.5], "texture": "#0"},
				"south": {"uv": [0, 10.5, 5, 15.5], "texture": "#0"},
				"west": {"uv": [5, 5.5, 0, 10.5], "texture": "#0"},
				"up": {"uv": [5, 5.5, 10, 10.5], "texture": "#0"},
				"down": {"uv": [5, 10.5, 10, 15.5], "texture": "#0"}
			}
		},
		{
			"from": [8, 7.75, 0.5],
			"to": [8, 12.75, 6.5],
			"rotation": {"angle": -22.5, "axis": "x", "origin": [8, 13, 3]},
			"faces": {
				"east": {"uv": [5, 3, 8, 5.5], "texture": "#0"},
				"west": {"uv": [5, 3, 8, 5.5], "texture": "#0"}
			}
		},
		{
			"from": [3, -2.5, 3],
			"to": [13, -0.5, 13],
			"rotation": {"angle": 0, "axis": "x", "origin": [8, 9.5, 8]},
			"faces": {
				"north": {"uv": [11, 15, 16, 16], "texture": "#0"},
				"east": {"uv": [11, 15, 16, 16], "texture": "#0"},
				"south": {"uv": [11, 15, 16, 16], "texture": "#0"},
				"west": {"uv": [11, 15, 16, 16], "texture": "#0"}
			}
		},
		{
			"from": [5, 1.5, -2],
			"to": [11, 7.5, 3],
			"rotation": {"angle": 0, "axis": "x", "origin": [8, 9.5, 8]},
			"faces": {
				"north": {"uv": [8, 2.5, 11, 5.5], "texture": "#0"},
				"east": {"uv": [5, 0, 7.5, 3], "texture": "#0"},
				"west": {"uv": [7.5, 0, 5, 3], "texture": "#0"},
				"up": {"uv": [7.5, 0, 10.5, 2.5], "texture": "#0"},
				"down": {"uv": [11, 1, 14, 3.5], "texture": "#0"}
			}
		},
		{
			"from": [5, -0.5, -2],
			"to": [11, 1.5, 1],
			"rotation": {"angle": 0, "axis": "x", "origin": [8, 9.5, 8]},
			"faces": {
				"north": {"uv": [12, 0, 15, 1], "texture": "#0"},
				"east": {"uv": [10.5, 0, 12, 1], "texture": "#0"},
				"west": {"uv": [12, 0, 10.5, 1], "texture": "#0"},
				"up": {"uv": [16, 15, 15, 10.5], "rotation": 90, "texture": "#0"}
			}
		},
		{
			"from": [11, 1.5, 1],
			"to": [5, -0.5, -2],
			"rotation": {"angle": 0, "axis": "x", "origin": [8, 9.5, 8]},
			"faces": {
				"east": {"uv": [12, 1, 10.5, 0], "texture": "#0"},
				"south": {"uv": [12, 1, 15, 0], "texture": "#0"},
				"west": {"uv": [10.5, 1, 12, 0], "texture": "#0"},
				"down": {"uv": [16, 10.5, 15, 15], "rotation": 90, "texture": "#0"}
			}
		},
		{
			"from": [13, -0.5, 13],
			"to": [3, -2.5, 3],
			"rotation": {"angle": 0, "axis": "x", "origin": [8, 9.5, 8]},
			"faces": {
				"north": {"uv": [11, 16, 16, 15], "texture": "#0"},
				"east": {"uv": [11, 16, 16, 15], "texture": "#0"},
				"south": {"uv": [11, 16, 16, 15], "texture": "#0"},
				"west": {"uv": [11, 16, 16, 15], "texture": "#0"}
			}
		},
		{
			"from": [13.5, 10.1, 13.5],
			"to": [2.5, -3.1, 2.5],
			"rotation": {"angle": 0, "axis": "y", "origin": [8, 10.1, 5.6]},
			"faces": {
				"north": {"uv": [3, 6.5, 3.5, 7], "texture": "#0"},
				"east": {"uv": [3, 6.5, 3.5, 7], "texture": "#0"},
				"south": {"uv": [3, 6.5, 3.5, 7], "texture": "#0"},
				"west": {"uv": [3, 6.5, 3.5, 7], "texture": "#0"},
				"up": {"uv": [3, 6.5, 3.5, 7], "texture": "#0"},
				"down": {"uv": [3, 6.5, 3.5, 7], "texture": "#0"}
			}
		},
		{
			"from": [11.3, 7.8, 3],
			"to": [4.7, 1.2, -2.5],
			"rotation": {"angle": 0, "axis": "y", "origin": [8, 10, 6.35]},
			"faces": {
				"east": {"uv": [3, 6.5, 3.5, 7], "texture": "#0"},
				"south": {"uv": [3, 6.5, 3.5, 7], "texture": "#0"},
				"west": {"uv": [3, 6.5, 3.5, 7], "texture": "#0"},
				"down": {"uv": [3, 6.5, 3.5, 7], "texture": "#0"}
			}
		},
		{
			"from": [11.3, 1.2, 0.55],
			"to": [4.7, -1, -2.45],
			"rotation": {"angle": 0, "axis": "y", "origin": [8, 10, 6.6]},
			"faces": {
				"east": {"uv": [3, 6.5, 3.5, 7], "texture": "#0"},
				"south": {"uv": [3, 6.5, 3.5, 7], "texture": "#0"},
				"west": {"uv": [3, 6.5, 3.5, 7], "texture": "#0"},
				"up": {"uv": [3, 6.5, 3.5, 7], "texture": "#0"}
			}
		}
	],
	"gui_light": "front",
	"display": {
		"thirdperson_righthand": {
			"rotation": [55.5, 34, 0],
			"translation": [0, 1, 0.75],
			"scale": [0.52539, 0.52539, 0.52539]
		},
		"thirdperson_lefthand": {
			"rotation": [55.5, 34, 0],
			"translation": [0, 1, 0.75],
			"scale": [0.52539, 0.52539, 0.52539]
		},
		"firstperson_righthand": {
			"rotation": [21, 114.5, -13.75],
			"translation": [9.5, 0, -5.75],
			"scale": [0.41992, 0.41992, 0.41992]
		},
		"firstperson_lefthand": {
			"rotation": [21, 114.5, -13.75],
			"translation": [9.5, 0, -5.75],
			"scale": [0.41992, 0.41992, 0.41992]
		},
		"gui": {
			"rotation": [-156.81, -42.22, 173.15],
			"translation": [-0.75, 2.75, 0],
			"scale": [0.78515, 0.78515, 0.78515]
		},
		"head": {
			"translation": [0, 6.25, 0],
			"scale": [1.6918, 1.6918, 1.6918]
		}
	}
}