{
	"credit": "Made with Blockbench",
	"textures": {
		"0": "item/cit/teammascots/blue",
		"particle": "item/cit/teammascots/blue"
	},
	"elements": [
		{
			"from": [2.5, -0.5, 3],
			"to": [13.5, 9.5, 13],
			"rotation": {"angle": 0, "axis": "x", "origin": [7.5, 9.5, 8]},
			"faces": {
				"north": {"uv": [0, 0, 5.5, 5], "texture": "#0"},
				"east": {"uv": [0, 5, 5, 10], "texture": "#0"},
				"south": {"uv": [11, 0, 16, 5.5], "rotation": 90, "texture": "#0"},
				"west": {"uv": [5, 5, 0, 10], "texture": "#0"},
				"up": {"uv": [5.5, 0, 11, 5], "texture": "#0"},
				"down": {"uv": [0, 10.5, 5, 16], "rotation": 90, "texture": "#0"}
			}
		},
		{
			"from": [9.11732, 5.42388, 8],
			"to": [16.11732, 14.42388, 8],
			"rotation": {"angle": 22.5, "axis": "z", "origin": [15.11732, 10.17388, 8]},
			"faces": {
				"north": {"uv": [8, 5.5, 11.5, 10], "texture": "#0"},
				"east": {"uv": [8.5, 11, 9.5, 15.5], "texture": "#0"},
				"south": {"uv": [5, 10, 8.5, 14.5], "texture": "#0"},
				"west": {"uv": [9.5, 11, 10.5, 15.5], "texture": "#0"},
				"up": {"uv": [8.5, 10, 12, 11], "texture": "#0"},
				"down": {"uv": [5, 15, 8.5, 16], "texture": "#0"}
			}
		},
		{
			"from": [16.11732, 10.42388, 8],
			"to": [19.11732, 14.42388, 8],
			"rotation": {"angle": 22.5, "axis": "z", "origin": [15.11732, 10.17388, 8]},
			"faces": {
				"north": {"uv": [11.5, 5.5, 13, 7.5], "texture": "#0"},
				"east": {"uv": [0, 5, 5, 10], "texture": "#0"},
				"south": {"uv": [14.5, 5.5, 13, 7.5], "texture": "#0"},
				"west": {"uv": [5, 5, 0, 10], "texture": "#0"},
				"up": {"uv": [5.5, 0, 11, 5], "texture": "#0"},
				"down": {"uv": [0, 10.5, 5, 16], "rotation": 90, "texture": "#0"}
			}
		},
		{
			"from": [-0.11732, 5.42388, 8],
			"to": [6.88268, 14.42388, 8],
			"rotation": {"angle": -22.5, "axis": "z", "origin": [0.88268, 10.17388, 8]},
			"faces": {
				"north": {"uv": [11.5, 5.5, 8, 10], "texture": "#0"},
				"east": {"uv": [10.5, 11, 9.5, 15.5], "texture": "#0"},
				"south": {"uv": [8.5, 10, 5, 14.5], "texture": "#0"},
				"west": {"uv": [9.5, 11, 8.5, 15.5], "texture": "#0"},
				"up": {"uv": [12, 10, 8.5, 11], "texture": "#0"},
				"down": {"uv": [8.5, 15, 5, 16], "texture": "#0"}
			}
		},
		{
			"from": [-3.11732, 10.42388, 8],
			"to": [-0.11732, 14.42388, 8],
			"rotation": {"angle": -22.5, "axis": "z", "origin": [0.88268, 10.17388, 8]},
			"faces": {
				"north": {"uv": [13, 5.5, 11.5, 7.5], "texture": "#0"},
				"east": {"uv": [0, 5, 5, 10], "texture": "#0"},
				"south": {"uv": [13, 5.5, 14.5, 7.5], "texture": "#0"},
				"west": {"uv": [5, 5, 0, 10], "texture": "#0"},
				"up": {"uv": [11, 0, 5.5, 5], "texture": "#0"},
				"down": {"uv": [0, 16, 5, 10.5], "rotation": 90, "texture": "#0"}
			}
		},
		{
			"from": [5, 0.5, 1],
			"to": [11, 5.5, 3],
			"rotation": {"angle": 0, "axis": "x", "origin": [8, 9.5, 8]},
			"faces": {
				"north": {"uv": [5, 5, 8, 7.5], "texture": "#0"},
				"east": {"uv": [9.5, 13, 10.5, 15.5], "texture": "#0"},
				"south": {"uv": [11, 0, 16, 5.5], "rotation": 90, "texture": "#0"},
				"west": {"uv": [10.5, 13, 9.5, 15.5], "texture": "#0"},
				"up": {"uv": [13.5, 11, 10.5, 12], "texture": "#0"},
				"down": {"uv": [13.5, 12, 10.5, 11], "texture": "#0"}
			}
		},
		{
			"from": [5.5, -1.5, 2],
			"to": [10.5, 0.5, 2],
			"rotation": {"angle": 0, "axis": "x", "origin": [7.5, 9.5, 8]},
			"faces": {
				"north": {"uv": [5, 7.5, 7.5, 8.5], "texture": "#0"},
				"east": {"uv": [0, 5, 5, 10], "texture": "#0"},
				"south": {"uv": [5, 7.5, 7.5, 8.5], "texture": "#0"},
				"west": {"uv": [5, 5, 0, 10], "texture": "#0"},
				"up": {"uv": [5.5, 0, 11, 5], "texture": "#0"},
				"down": {"uv": [0, 10.5, 5, 16], "rotation": 90, "texture": "#0"}
			}
		},
		{
			"from": [13.929, 9.89, 13.39],
			"to": [2.071, -0.89, 2.61],
			"rotation": {"angle": 0, "axis": "x", "origin": [7.461, 8.126, 8]},
			"faces": {
				"north": {"uv": [7, 5.5, 7.5, 6], "rotation": 90, "texture": "#0"},
				"east": {"uv": [7, 5.5, 7.5, 6], "rotation": 90, "texture": "#0"},
				"south": {"uv": [7, 5.5, 7.5, 6], "rotation": 90, "texture": "#0"},
				"west": {"uv": [7, 5.5, 7.5, 6], "rotation": 90, "texture": "#0"},
				"up": {"uv": [7, 5.5, 7.5, 6], "rotation": 90, "texture": "#0"},
				"down": {"uv": [7, 5.5, 7.5, 6], "rotation": 90, "texture": "#0"}
			}
		},
		{
			"from": [11.29703, 5.83753, 2.91901],
			"to": [4.70297, 0.34247, 0.72099],
			"rotation": {"angle": 0, "axis": "x", "origin": [8, 8.43519, 8.41406]},
			"faces": {
				"east": {"uv": [7, 5.5, 7.5, 6], "rotation": 90, "texture": "#0"},
				"south": {"uv": [7, 5.5, 7.5, 6], "rotation": 90, "texture": "#0"},
				"west": {"uv": [7, 5.5, 7.5, 6], "rotation": 90, "texture": "#0"},
				"up": {"uv": [7, 5.5, 7.5, 6], "rotation": 90, "texture": "#0"},
				"down": {"uv": [7, 5.5, 7.5, 6], "rotation": 90, "texture": "#0"}
			}
		}
	],
	"gui_light": "front",
	"display": {
		"thirdperson_righthand": {
			"rotation": [55.5, 34, 0],
			"translation": [0, 1, 0.75],
			"scale": [0.52539, 0.52539, 0.52539]
		},
		"thirdperson_lefthand": {
			"rotation": [55.5, 34, 0],
			"translation": [0, 1, 0.75],
			"scale": [0.52539, 0.52539, 0.52539]
		},
		"firstperson_righthand": {
			"rotation": [21, 114.5, -13.75],
			"translation": [9.5, 0, -5.75],
			"scale": [0.41992, 0.41992, 0.41992]
		},
		"firstperson_lefthand": {
			"rotation": [21, 114.5, -13.75],
			"translation": [9.5, 0, -5.75],
			"scale": [0.41992, 0.41992, 0.41992]
		},
		"gui": {
			"rotation": [-156.81, -42.22, 173.15],
			"translation": [-0.25, 1, 0],
			"scale": [0.78515, 0.78515, 0.78515]
		},
		"head": {
			"translation": [0, 6.25, 0],
			"scale": [1.6918, 1.6918, 1.6918]
		}
	}
}