{
	"credit": "Made with Blockbench",
	"textures": {
		"0": "item/cit/teammascots/orange",
		"particle": "item/cit/teammascots/orange"
	},
	"elements": [
		{
			"from": [8.5, 8.5, 8],
			"to": [13.5, 13.5, 8],
			"rotation": {"angle": 0, "axis": "z", "origin": [11, 10, 4]},
			"faces": {
				"north": {"uv": [10.5, 5.5, 13, 8], "texture": "#0"},
				"east": {"uv": [0, 5.5, 5, 10.5], "texture": "#0"},
				"south": {"uv": [13, 8, 10.5, 10.5], "texture": "#0"},
				"west": {"uv": [5, 5.5, 0, 10.5], "texture": "#0"},
				"up": {"uv": [5, 5.5, 10.5, 10.5], "texture": "#0"},
				"down": {"uv": [5.5, 10.5, 11, 15.5], "texture": "#0"}
			}
		},
		{
			"from": [2.5, 8.5, 8],
			"to": [7.5, 13.5, 8],
			"rotation": {"angle": 0, "axis": "z", "origin": [5, 10, 4]},
			"faces": {
				"north": {"uv": [13, 5.5, 10.5, 8], "texture": "#0"},
				"east": {"uv": [0, 5.5, 5, 10.5], "texture": "#0"},
				"south": {"uv": [10.5, 8, 13, 10.5], "texture": "#0"},
				"west": {"uv": [5, 5.5, 0, 10.5], "texture": "#0"},
				"up": {"uv": [10.5, 5.5, 5, 10.5], "texture": "#0"},
				"down": {"uv": [11, 10.5, 5.5, 15.5], "texture": "#0"}
			}
		},
		{
			"from": [2.5, -0.5, 3],
			"to": [13.5, 9.5, 13],
			"rotation": {"angle": 0, "axis": "x", "origin": [7.5, 9.5, 8]},
			"faces": {
				"north": {"uv": [0, 0.5, 5.5, 5.5], "texture": "#0"},
				"east": {"uv": [0, 5.5, 5, 10.5], "texture": "#0"},
				"south": {"uv": [0, 10.5, 5.5, 15.5], "texture": "#0"},
				"west": {"uv": [5, 5.5, 0, 10.5], "texture": "#0"},
				"up": {"uv": [5, 5.5, 10.5, 10.5], "texture": "#0"},
				"down": {"uv": [5.5, 10.5, 11, 15.5], "texture": "#0"}
			}
		},
		{
			"from": [4, -0.5, 1],
			"to": [12, 3.5, 3],
			"rotation": {"angle": 0, "axis": "x", "origin": [7, 9.5, 8]},
			"faces": {
				"north": {"uv": [11, 13, 15, 15], "texture": "#0"},
				"east": {"uv": [13.5, 0, 12.5, 2], "texture": "#0"},
				"west": {"uv": [12.5, 0, 13.5, 2], "texture": "#0"},
				"up": {"uv": [16, 14.5, 15, 10.5], "rotation": 90, "texture": "#0"},
				"down": {"uv": [11.5, 15, 15.5, 16], "texture": "#0"}
			}
		},
		{
			"from": [13.8685, 9.835, 13.335],
			"to": [2.1315, -0.835, 2.665],
			"rotation": {"angle": 0, "axis": "x", "origin": [7.4665, 7.895, 8]},
			"faces": {
				"north": {"uv": [8.5, 13, 9, 13.5], "texture": "#0"},
				"east": {"uv": [8.5, 13, 9, 13.5], "texture": "#0"},
				"south": {"uv": [8.5, 13, 9, 13.5], "texture": "#0"},
				"west": {"uv": [8.5, 13, 9, 13.5], "texture": "#0"},
				"up": {"uv": [8.5, 13, 9, 13.5], "texture": "#0"},
				"down": {"uv": [8.5, 13, 9, 13.5], "texture": "#0"}
			}
		},
		{
			"from": [12.62, 3.81, 3.155],
			"to": [3.38, -0.81, 0.845],
			"rotation": {"angle": 0, "axis": "x", "origin": [6.845, 8.64, 8.93]},
			"faces": {
				"east": {"uv": [8.5, 13, 9, 13.5], "texture": "#0"},
				"south": {"uv": [8.5, 13, 9, 13.5], "texture": "#0"},
				"west": {"uv": [8.5, 13, 9, 13.5], "texture": "#0"},
				"up": {"uv": [8.5, 13, 9, 13.5], "texture": "#0"},
				"down": {"uv": [8.5, 13, 9, 13.5], "texture": "#0"}
			}
		}
	],
	"gui_light": "front",
	"display": {
		"thirdperson_righthand": {
			"rotation": [55.5, 34, 0],
			"translation": [0, 1, 0.75],
			"scale": [0.52539, 0.52539, 0.52539]
		},
		"thirdperson_lefthand": {
			"rotation": [55.5, 34, 0],
			"translation": [0, 1, 0.75],
			"scale": [0.52539, 0.52539, 0.52539]
		},
		"firstperson_righthand": {
			"rotation": [21, 114.5, -13.75],
			"translation": [9.5, 0, -5.75],
			"scale": [0.41992, 0.41992, 0.41992]
		},
		"firstperson_lefthand": {
			"rotation": [21, 114.5, -13.75],
			"translation": [9.5, 0, -5.75],
			"scale": [0.41992, 0.41992, 0.41992]
		},
		"gui": {
			"rotation": [-156.81, -42.22, 173.15],
			"translation": [-0.5, 2, 0],
			"scale": [0.78515, 0.78515, 0.78515]
		},
		"head": {
			"translation": [0, 6.25, 0],
			"scale": [1.6918, 1.6918, 1.6918]
		}
	}
}