{
	"credit": "Made with Blockbench",
	"textures": {
		"0": "item/cit/teammascots/lime",
		"particle": "item/cit/teammascots/lime"
	},
	"elements": [
		{
			"from": [3, -0.5, 3],
			"to": [13, 9.5, 6],
			"rotation": {"angle": 0, "axis": "x", "origin": [7, 9.5, 8]},
			"faces": {
				"north": {"uv": [0, 0, 5, 5], "texture": "#0"},
				"east": {"uv": [3.5, 5, 5, 10], "texture": "#0"},
				"west": {"uv": [5, 5, 3.5, 10], "texture": "#0"},
				"up": {"uv": [2, 5, 3.5, 10], "rotation": 90, "texture": "#0"},
				"down": {"uv": [0, 5, 1.5, 10], "rotation": 90, "texture": "#0"}
			}
		},
		{
			"from": [1.8, -2.7, 4.8],
			"to": [14.2, 9.7, 14.2],
			"rotation": {"angle": 0, "axis": "x", "origin": [7, 9.5, 8]},
			"faces": {
				"north": {"uv": [0, 10, 6, 16], "texture": "#0"},
				"east": {"uv": [16, 1, 11.5, 7], "texture": "#0"},
				"south": {"uv": [0, 10, 6, 16], "texture": "#0"},
				"west": {"uv": [11.5, 1, 16, 7], "texture": "#0"},
				"up": {"uv": [5, 5, 11, 9.5], "texture": "#0"},
				"down": {"uv": [6, 9.5, 12, 14], "texture": "#0"}
			}
		},
		{
			"from": [9, 9.5, 4],
			"to": [13, 13.5, 6],
			"rotation": {"angle": 0, "axis": "x", "origin": [7, 9.5, 8]},
			"faces": {
				"north": {"uv": [5, 2, 7, 4], "texture": "#0"},
				"east": {"uv": [9, 3, 10, 5], "texture": "#0"},
				"south": {"uv": [7, 3, 9, 5], "texture": "#0"},
				"west": {"uv": [9, 3, 10, 5], "texture": "#0"},
				"up": {"uv": [5, 4, 7, 5], "texture": "#0"}
			}
		},
		{
			"from": [3, 9.5, 4],
			"to": [7, 13.5, 6],
			"rotation": {"angle": 0, "axis": "x", "origin": [7, 9.5, 8]},
			"faces": {
				"north": {"uv": [5, 2, 7, 4], "texture": "#0"},
				"east": {"uv": [9, 3, 10, 5], "texture": "#0"},
				"south": {"uv": [7, 3, 9, 5], "texture": "#0"},
				"west": {"uv": [9, 3, 10, 5], "texture": "#0"},
				"up": {"uv": [5, 4, 7, 5], "texture": "#0"}
			}
		},
		{
			"from": [4, -0.5, 1],
			"to": [12, 3.5, 3],
			"rotation": {"angle": 0, "axis": "x", "origin": [7, 9.5, 8]},
			"faces": {
				"north": {"uv": [5, 0, 9, 2], "texture": "#0"},
				"east": {"uv": [9, 0, 10, 2], "texture": "#0"},
				"south": {"uv": [0, 0, 0, 0], "rotation": 90, "texture": "#0"},
				"west": {"uv": [10, 0, 9, 2], "texture": "#0"},
				"up": {"uv": [7, 2, 11, 3], "texture": "#0"},
				"down": {"uv": [10, 0, 14, 1], "texture": "#0"}
			}
		},
		{
			"from": [14.82, 10.32, 14.67],
			"to": [1.18, -3.32, 4.33],
			"rotation": {"angle": 0, "axis": "x", "origin": [6.9, 8.1, 7.85]},
			"faces": {
				"north": {"uv": [9, 12.5, 9.5, 13], "texture": "#0"},
				"east": {"uv": [9, 12.5, 9.5, 13], "texture": "#0"},
				"west": {"uv": [9, 12.5, 9.5, 13], "texture": "#0"},
				"up": {"uv": [9, 12.5, 9.5, 13], "texture": "#0"},
				"down": {"uv": [9, 12.5, 9.5, 13], "texture": "#0"}
			}
		},
		{
			"from": [13.51654, 13.98154, 6.30327],
			"to": [8.42346, 8.88846, 3.75673],
			"rotation": {"angle": 0, "axis": "x", "origin": [5.87691, 6.26766, 8.84982]},
			"faces": {
				"north": {"uv": [9, 12.5, 9.5, 13], "texture": "#0"},
				"east": {"uv": [9, 12.5, 9.5, 13], "texture": "#0"},
				"south": {"uv": [9, 12.5, 9.5, 13], "texture": "#0"},
				"west": {"uv": [9, 12.5, 9.5, 13], "texture": "#0"},
				"down": {"uv": [9, 12.5, 9.5, 13], "texture": "#0"}
			}
		},
		{
			"from": [7.57654, 13.98154, 6.30327],
			"to": [2.48346, 8.88846, 3.75673],
			"rotation": {"angle": 0, "axis": "x", "origin": [10.12309, 6.26766, 8.84982]},
			"faces": {
				"north": {"uv": [9.5, 12.5, 9, 13], "texture": "#0"},
				"east": {"uv": [9.5, 12.5, 9, 13], "texture": "#0"},
				"south": {"uv": [9.5, 12.5, 9, 13], "texture": "#0"},
				"west": {"uv": [9.5, 12.5, 9, 13], "texture": "#0"},
				"down": {"uv": [9.5, 12.5, 9, 13], "texture": "#0"}
			}
		},
		{
			"from": [13.5, 10.15, 5.775],
			"to": [2.5, -0.85, 2.475],
			"rotation": {"angle": 0, "axis": "x", "origin": [6.9, 8.15, 8.475]},
			"faces": {
				"east": {"uv": [9, 12.5, 9.5, 13], "texture": "#0"},
				"south": {"uv": [9, 12.5, 9.5, 13], "texture": "#0"},
				"west": {"uv": [9, 12.5, 9.5, 13], "texture": "#0"},
				"up": {"uv": [9, 12.5, 9.5, 13], "texture": "#0"}
			}
		},
		{
			"from": [12.576, 3.888, 3.019],
			"to": [3.424, -0.688, 0.731],
			"rotation": {"angle": 0, "axis": "x", "origin": [6.856, 8.412, 8.739]},
			"faces": {
				"east": {"uv": [9, 12.5, 9.5, 13], "texture": "#0"},
				"south": {"uv": [9, 12.5, 9.5, 13], "texture": "#0"},
				"west": {"uv": [9, 12.5, 9.5, 13], "texture": "#0"},
				"up": {"uv": [9, 12.5, 9.5, 13], "texture": "#0"}
			}
		}
	],
	"gui_light": "front",
	"display": {
		"thirdperson_righthand": {
			"rotation": [55.5, 34, 0],
			"translation": [0, 1, 0.75],
			"scale": [0.52539, 0.52539, 0.52539]
		},
		"thirdperson_lefthand": {
			"rotation": [55.5, 34, 0],
			"translation": [0, 1, 0.75],
			"scale": [0.52539, 0.52539, 0.52539]
		},
		"firstperson_righthand": {
			"rotation": [21, 114.5, -13.75],
			"translation": [9.5, 0, -5.75],
			"scale": [0.41992, 0.41992, 0.41992]
		},
		"firstperson_lefthand": {
			"rotation": [21, 114.5, -13.75],
			"translation": [9.5, 0, -5.75],
			"scale": [0.41992, 0.41992, 0.41992]
		},
		"gui": {
			"rotation": [-156.81, -42.22, 173.15],
			"translation": [0.5, 2.75, 0],
			"scale": [0.78515, 0.78515, 0.78515]
		},
		"head": {
			"translation": [0, 6.25, -2.25],
			"scale": [1.6918, 1.6918, 1.6918]
		}
	}
}