{
	"credit": "Made with Blockbench",
	"textures": {
		"0": "item/cit/teammascots/cyan",
		"particle": "item/cit/teammascots/cyan"
	},
	"elements": [
		{
			"from": [2.5, -0.5, 3],
			"to": [13.5, 9.5, 13],
			"rotation": {"angle": 0, "axis": "x", "origin": [7.5, 9.5, 8]},
			"faces": {
				"north": {"uv": [0, 0, 5.5, 5], "texture": "#0"},
				"east": {"uv": [0, 5, 5, 10], "texture": "#0"},
				"south": {"uv": [11, 0, 16, 5.5], "rotation": 90, "texture": "#0"},
				"west": {"uv": [5, 5, 0, 10], "texture": "#0"},
				"up": {"uv": [5.5, 0, 11, 5], "texture": "#0"},
				"down": {"uv": [0, 10.5, 5, 16], "rotation": 90, "texture": "#0"}
			}
		},
		{
			"from": [7.5, 4.5, 8],
			"to": [14.5, 15.5, 8],
			"rotation": {"angle": 0, "axis": "x", "origin": [7.5, 9.5, 8]},
			"faces": {
				"north": {"uv": [7.5, 5.5, 11, 11], "texture": "#0"},
				"east": {"uv": [0, 5, 5, 10], "texture": "#0"},
				"south": {"uv": [14.5, 5.5, 11, 11], "texture": "#0"},
				"west": {"uv": [5, 5, 0, 10], "texture": "#0"},
				"up": {"uv": [5.5, 0, 11, 5], "texture": "#0"},
				"down": {"uv": [0, 10.5, 5, 16], "rotation": 90, "texture": "#0"}
			}
		},
		{
			"from": [1.5, 4.5, 8],
			"to": [8.5, 15.5, 8],
			"rotation": {"angle": 0, "axis": "x", "origin": [8.5, 9.5, 8]},
			"faces": {
				"north": {"uv": [11, 5.5, 7.5, 11], "texture": "#0"},
				"east": {"uv": [0, 5, 5, 10], "texture": "#0"},
				"south": {"uv": [11, 5.5, 14.5, 11], "texture": "#0"},
				"west": {"uv": [5, 5, 0, 10], "texture": "#0"},
				"up": {"uv": [11, 0, 5.5, 5], "texture": "#0"},
				"down": {"uv": [0, 16, 5, 10.5], "rotation": 90, "texture": "#0"}
			}
		},
		{
			"from": [5, -1.75, 0],
			"to": [11, 3.25, 4],
			"rotation": {"angle": -22.5, "axis": "x", "origin": [7.5, 2, 1.5]},
			"faces": {
				"north": {"uv": [9.5, 11.5, 12.5, 14], "texture": "#0"},
				"east": {"uv": [5, 13, 7, 15.5], "texture": "#0"},
				"west": {"uv": [7, 13, 5, 15.5], "texture": "#0"},
				"up": {"uv": [9.5, 14, 12.5, 16], "texture": "#0"},
				"down": {"uv": [7, 12.5, 9, 15.5], "rotation": 90, "texture": "#0"}
			}
		},
		{
			"from": [13.929, 9.89, 13.39],
			"to": [2.071, -0.89, 2.61],
			"rotation": {"angle": 0, "axis": "x", "origin": [7.461, 9.89, 8]},
			"faces": {
				"north": {"uv": [5.5, 7.5, 6, 8], "rotation": 90, "texture": "#0"},
				"east": {"uv": [5.5, 7.5, 6, 8], "rotation": 90, "texture": "#0"},
				"south": {"uv": [5.5, 7.5, 6, 8], "rotation": 90, "texture": "#0"},
				"west": {"uv": [5.5, 7.5, 6, 8], "rotation": 90, "texture": "#0"},
				"up": {"uv": [5.5, 7.5, 6, 8], "rotation": 90, "texture": "#0"},
				"down": {"uv": [5.5, 7.5, 6, 8], "rotation": 90, "texture": "#0"}
			}
		},
		{
			"from": [11.366, 3.52005, 4.19028],
			"to": [4.634, -2.08995, -0.29772],
			"rotation": {"angle": -22.5, "axis": "x", "origin": [7.439, 2.11755, 1.38528]},
			"faces": {
				"north": {"uv": [5.5, 7.5, 6, 8], "rotation": 90, "texture": "#0"},
				"east": {"uv": [5.5, 7.5, 6, 8], "rotation": 90, "texture": "#0"},
				"south": {"uv": [5.5, 7.5, 6, 8], "rotation": 90, "texture": "#0"},
				"west": {"uv": [5.5, 7.5, 6, 8], "rotation": 90, "texture": "#0"},
				"up": {"uv": [5.5, 7.5, 6, 8], "rotation": 90, "texture": "#0"},
				"down": {"uv": [5.5, 7.5, 6, 8], "rotation": 90, "texture": "#0"}
			}
		}
	],
	"gui_light": "front",
	"display": {
		"thirdperson_righthand": {
			"rotation": [55.5, 34, 0],
			"translation": [0, 1, 0.75],
			"scale": [0.52539, 0.52539, 0.52539]
		},
		"thirdperson_lefthand": {
			"rotation": [55.5, 34, 0],
			"translation": [0, 1, 0.75],
			"scale": [0.52539, 0.52539, 0.52539]
		},
		"firstperson_righthand": {
			"rotation": [21, 114.5, -13.75],
			"translation": [9.5, 0, -5.75],
			"scale": [0.41992, 0.41992, 0.41992]
		},
		"firstperson_lefthand": {
			"rotation": [21, 114.5, -13.75],
			"translation": [9.5, 0, -5.75],
			"scale": [0.41992, 0.41992, 0.41992]
		},
		"gui": {
			"rotation": [-156.81, -42.22, 173.15],
			"translation": [-0.25, 2, 0],
			"scale": [0.78515, 0.78515, 0.78515]
		},
		"head": {
			"translation": [0, 6.25, 0],
			"scale": [1.6918, 1.6918, 1.6918]
		}
	}
}