{
	"credit": "Made with Blockbench",
	"texture_size": [64, 64],
	"textures": {
		"0": "item/cit/teamstand",
		"particle": "item/cit/teamstand"
	},
	"elements": [
		{
			"from": [4, 0, 4],
			"to": [12, 2, 12],
			"rotation": {"angle": 0, "axis": "y", "origin": [7, 0, 7]},
			"faces": {
				"north": {"uv": [5, 8, 7, 8.5], "texture": "#0"},
				"east": {"uv": [3, 8.25, 5, 8.75], "texture": "#0"},
				"south": {"uv": [8.5, 3, 10.5, 3.5], "texture": "#0"},
				"west": {"uv": [8.5, 3.5, 10.5, 4], "texture": "#0"},
				"up": {"uv": [5, 5.25, 3, 3.25], "texture": "#0"},
				"down": {"uv": [6, 0, 4, 2], "texture": "#0"}
			}
		},
		{
			"from": [7, 2, 7],
			"to": [9, 10, 9],
			"rotation": {"angle": 0, "axis": "y", "origin": [7, 2, 7]},
			"faces": {
				"north": {"uv": [5, 8.5, 5.5, 10.25], "texture": "#0"},
				"east": {"uv": [8.5, 5, 9, 6.75], "texture": "#0"},
				"south": {"uv": [5.5, 8.5, 6, 10.25], "texture": "#0"},
				"west": {"uv": [6, 8.5, 6.5, 10.25], "texture": "#0"},
				"up": {"uv": [7, 9, 6.5, 8.5], "texture": "#0"},
				"down": {"uv": [9, 6.75, 8.5, 7.25], "texture": "#0"}
			}
		},
		{
			"from": [4, 10, 5],
			"to": [12, 22, 11],
			"rotation": {"angle": 0, "axis": "y", "origin": [7, 10, 7]},
			"faces": {
				"north": {"uv": [0, 0, 2, 3.25], "texture": "#0"},
				"east": {"uv": [0, 3.25, 1.5, 6.5], "texture": "#0"},
				"south": {"uv": [2, 0, 4, 3.25], "texture": "#0"},
				"west": {"uv": [1.5, 3.25, 3, 6.5], "texture": "#0"},
				"up": {"uv": [7, 3.5, 5, 2], "texture": "#0"},
				"down": {"uv": [7, 3.5, 5, 5], "texture": "#0"}
			}
		},
		{
			"from": [-0.5, 11, 6.7039],
			"to": [3.5, 21, 10.7039],
			"rotation": {"angle": 22.5, "axis": "x", "origin": [4, 20, 7]},
			"faces": {
				"north": {"uv": [5, 5, 6, 8], "texture": "#0"},
				"east": {"uv": [3, 5.25, 4, 8.25], "texture": "#0"},
				"south": {"uv": [4, 5.25, 5, 8.25], "texture": "#0"},
				"west": {"uv": [6, 5, 7, 8], "texture": "#0"},
				"up": {"uv": [5, 3, 4, 2], "texture": "#0"},
				"down": {"uv": [7, 0, 6, 1], "texture": "#0"}
			}
		},
		{
			"from": [12.5, 11, 7],
			"to": [16.5, 21, 11],
			"rotation": {"angle": 22.5, "axis": "x", "origin": [14, 20, 8]},
			"faces": {
				"north": {"uv": [0, 6.5, 1, 9.5], "texture": "#0"},
				"east": {"uv": [1, 6.5, 2, 9.5], "texture": "#0"},
				"south": {"uv": [2, 6.5, 3, 9.5], "texture": "#0"},
				"west": {"uv": [7, 0, 8, 3], "texture": "#0"},
				"up": {"uv": [7, 2, 6, 1], "texture": "#0"},
				"down": {"uv": [9.5, 4, 8.5, 5], "texture": "#0"}
			}
		},
		{
			"from": [5, 22, 5],
			"to": [11, 28, 11],
			"rotation": {"angle": 0, "axis": "y", "origin": [7, 22, 6]},
			"faces": {
				"north": {"uv": [7, 3, 8.5, 4.5], "texture": "#0"},
				"east": {"uv": [7, 4.5, 8.5, 6], "texture": "#0"},
				"south": {"uv": [7, 6, 8.5, 7.5], "texture": "#0"},
				"west": {"uv": [7, 7.5, 8.5, 9], "texture": "#0"},
				"up": {"uv": [9.5, 1.5, 8, 0], "texture": "#0"},
				"down": {"uv": [9.5, 1.5, 8, 3], "texture": "#0"}
			}
		},
		{
			"from": [3, 17, 7],
			"to": [4, 19, 9],
			"rotation": {"angle": 0, "axis": "y", "origin": [3, 17, 7]},
			"faces": {
				"north": {"uv": [8.5, 7.75, 8.75, 8.25], "texture": "#0"},
				"east": {"uv": [8.5, 7.25, 9, 7.75], "texture": "#0"},
				"south": {"uv": [8.5, 7.75, 8.75, 8.25], "texture": "#0"},
				"west": {"uv": [8.5, 7.25, 9, 7.75], "texture": "#0"},
				"up": {"uv": [8.75, 8.25, 8.5, 7.75], "texture": "#0"},
				"down": {"uv": [8.75, 7.75, 8.5, 8.25], "texture": "#0"}
			}
		},
		{
			"from": [12, 17, 7],
			"to": [13, 19, 9],
			"rotation": {"angle": 0, "axis": "y", "origin": [12, 17, 7]},
			"faces": {
				"north": {"uv": [8.5, 7.75, 8.75, 8.25], "texture": "#0"},
				"east": {"uv": [8.5, 7.25, 9, 7.75], "texture": "#0"},
				"south": {"uv": [8.5, 7.75, 8.75, 8.25], "texture": "#0"},
				"west": {"uv": [8.5, 7.25, 9, 7.75], "texture": "#0"},
				"up": {"uv": [8.75, 8.25, 8.5, 7.75], "texture": "#0"},
				"down": {"uv": [8.75, 7.75, 8.5, 8.25], "texture": "#0"}
			}
		}
	],
	"display": {
		"firstperson_righthand": {
			"rotation": [0, 153, 0],
			"translation": [4.75, -7.25, -4.5]
		}
	}
}