{"credit":"Created by Fe4thers","texture_size":[64,64],"textures":{"0":"item/cit/modifier_screen/screen","1":"item/cit/modifier_screen/x2_5","particle":"item/cit/modifier_screen/screen"},"elements":[{"from":[-12,0,3],"to":[28,16,6],"faces":{"north":{"uv":[0,0,16,6.4],"texture":"#1"},"east":{"uv":[10,0,10.75,4],"texture":"#0"},"south":{"uv":[0,4,10,8],"texture":"#0"},"west":{"uv":[10.75,0,10,4],"texture":"#0"},"up":{"uv":[10,8.75,0,8],"texture":"#0"},"down":{"uv":[10,9.5,0,8.75],"texture":"#0"}}}],"display":{"thirdperson_righthand":{"rotation":[75,45,0],"translation":[0,2.5,0],"scale":[0.375,0.375,0.375]},"thirdperson_lefthand":{"rotation":[75,45,0],"translation":[0,2.5,0],"scale":[0.375,0.375,0.375]},"firstperson_righthand":{"rotation":[0,45,0],"scale":[0.4,0.4,0.4]},"firstperson_lefthand":{"rotation":[0,225,0],"scale":[0.4,0.4,0.4]},"ground":{"translation":[0,3,0],"scale":[0.25,0.25,0.25]},"gui":{"rotation":[30,225,0],"translation":[-1.25,0,0],"scale":[0.45,0.45,0.45]},"head":{"rotation":[-13,0,0],"translation":[0,-17.75,0],"scale":[3.2,3.2,3.2]},"fixed":{"scale":[0.5,0.5,0.5]}}}