{"death":{"sounds":["mcs:death"]},"readycheck":{"sounds":["mcs:readycheck"]},"alert1":{"sounds":["mcs:alert1"]},"alert2":{"sounds":["mcs:alert2"]},
"rocket_hit":{"sounds":["mcs:rocket_hit"]},"update":{"sounds":["mcs:update"]},"team_eliminated":{"sounds":["mcs:team_eliminated"]},"small_score":{"sounds":["mcs:small_score"]},"big_score":{"sounds":["mcs:big_score"]},
"got_hit":{"sounds":["mcs:got_hit"]},"low":{"sounds":["mcs:low"]},"recharged":{"sounds":["mcs:recharged"]},"very_low":{"sounds":["mcs:very_low"]},
"reloaded":{"sounds":[{"name":"mcs:reloaded","volume":0.5,"pitch":1.0,"weight":1,"stream":false,"attenuation_distance":16,"preload":false,"channels":2}]},"overtime_intro":{"sounds":["mcs:overtime_intro"]},"overtime_loop":{"sounds":["mcs:overtime_loop"]},"updraft":{"sounds":[{"name":"mcs:updraft","volume":3,"pitch":1.0,"weight":1,"stream":false,"attenuation_distance":16,"preload":false,"channels":2}]},
"rsr_music":{"sounds":[{"name":"mcs:rsr_music","volume":2.5,"pitch":1.0,"weight":1,"stream":false,"attenuation_distance":16,"preload":false,"channels":2}]},"big_coins":{"sounds":["mcs:big_coins"]},
"small_coins":{"sounds":["mcs:small_coins"]},
"threetwoone":{"sounds":["mcs:threetwoone"]},"map_alert":{"sounds":["mcs:map_alert"]},"round_over":{"sounds":["mcs:round_over"]}}