{"textures":{"0":"block/model/props_construction","particle":"block/model/props_construction"},"elements":[{"from":[2.0,-16.0,2.0],"to":[14.0,-14.0,14.0],"rotation":{"angle":0.0,"axis":"y","origin":[0.02,0.0,0.02]},"faces":{"north":{"uv":[4.125,1.5,5.625,1.75],"texture":"#0"},"east":{"uv":[4.125,1.5,5.625,1.75],"texture":"#0"},"south":{"uv":[4.125,1.5,5.625,1.75],"texture":"#0"},"west":{"uv":[4.125,1.5,5.625,1.75],"texture":"#0"},"up":{"uv":[5.625,0.0,7.125,1.5],"texture":"#0"},"down":{"uv":[4.125,0.0,5.625,1.5],"texture":"#0"}}},{"from":[5.0,-14.02,5.0],"to":[11.0,-8.02,11.0],"rotation":{"angle":0.0,"axis":"y","origin":[0.02,0.0,0.02]},"faces":{"north":{"uv":[4.125,1.75,4.875,2.5],"texture":"#0"},"east":{"uv":[4.125,1.75,4.875,2.5],"texture":"#0"},"south":{"uv":[4.125,1.75,4.875,2.5],"texture":"#0"},"west":{"uv":[4.125,1.75,4.875,2.5],"texture":"#0"},"up":{"uv":[5.625,1.5,6.375,2.25],"texture":"#0"},"down":{"uv":[4.125,0.0,5.625,1.5],"texture":"#0"}}},{"from":[6.0,-8.02,6.0],"to":[10.0,-2.02,10.0],"rotation":{"angle":0.0,"axis":"y","origin":[0.02,0.0,0.02]},"faces":{"north":{"uv":[4.125,2.5,4.625,3.25],"texture":"#0"},"east":{"uv":[4.125,2.5,4.625,3.25],"texture":"#0"},"south":{"uv":[4.125,2.5,4.625,3.25],"texture":"#0"},"west":{"uv":[4.125,2.5,4.625,3.25],"texture":"#0"},"up":{"uv":[4.875,1.75,5.375,2.25],"texture":"#0"},"down":{"uv":[4.125,0.0,5.625,1.5],"texture":"#0"}}}],"display":{"thirdperson_righthand":{"translation":[0.0,1.0,-1.0],"rotation":[63.0,34.0,0.0],"scale":[0.37891,0.37891,0.37891]},"thirdperson_lefthand":{"translation":[0.0,1.0,-1.0],"rotation":[63.0,34.0,0.0],"scale":[0.37891,0.37891,0.37891]},"firstperson_righthand":{"translation":[9.5,0.0,-5.75],"rotation":[3.0,112.0,-13.0],"scale":[0.35547,0.35547,0.35547]},"firstperson_lefthand":{"translation":[9.5,0.0,-5.75],"rotation":[3.0,112.0,-13.0],"scale":[0.35547,0.35547,0.35547]},"ground":{"translation":[0.0,4.25,0.0],"scale":[0.28906,0.28906,0.28906]},"gui":{"translation":[0.0,1.75,0.0],"rotation":[30.0,-158.0,0.0],"scale":[0.7789,0.7789,0.7789]},"head":{"translation":[0.0,-30.5,0.0],"scale":[1.6,1.6,1.6]},"fixed":{"translation":[0.0,-3.25,-7.5]}},"gui_light":"front"}