{"textures":{"0":"block/model/misc_blockstates","particle":"block/model/misc_blockstates"},"elements":[{"from":[0.0,0.0,14.0],"to":[16.0,2.0,16.0],"faces":{"north":{"uv":[6.375,0.0,8.375,0.25],"texture":"#0"},"east":{"uv":[6.375,0.0,6.5,0.25],"texture":"#0"},"south":{"uv":[8.375,0.0,6.375,0.25],"texture":"#0"},"west":{"uv":[8.125,0.125,8.25,0.25],"texture":"#0"},"up":{"uv":[6.5,2.0,6.625,2.125],"texture":"#0"},"down":{"uv":[6.875,2.0,7.125,4.0],"texture":"#0","rotation":90}}},{"from":[0.0,14.0,14.0],"to":[16.0,16.0,16.0],"faces":{"north":{"uv":[8.375,2.0,6.375,1.75],"texture":"#0"},"east":{"uv":[6.375,0.0,6.5,0.25],"texture":"#0"},"south":{"uv":[6.375,2.0,8.375,1.75],"texture":"#0"},"west":{"uv":[6.5,1.875,6.625,2.0],"texture":"#0"},"up":{"uv":[7.125,2.0,6.875,4.0],"texture":"#0","rotation":90},"down":{"uv":[6.5,2.0,6.625,2.125],"texture":"#0"}}},{"from":[2.0,2.0,15.0],"to":[14.0,14.0,15.0],"faces":{"north":{"uv":[8.125,1.75,6.625,0.25],"texture":"#0"},"east":{"uv":[6.375,0.0,6.5,0.25],"texture":"#0"},"south":{"uv":[6.625,1.75,8.125,0.25],"texture":"#0"},"west":{"uv":[6.5,1.875,6.625,2.0],"texture":"#0"},"up":{"uv":[7.125,2.0,6.875,4.0],"texture":"#0","rotation":90},"down":{"uv":[6.5,2.0,6.625,2.125],"texture":"#0"}}},{"from":[14.0,2.0,14.0],"to":[16.0,14.0,16.0],"faces":{"north":{"uv":[6.375,0.25,6.625,1.75],"texture":"#0"},"east":{"uv":[6.625,2.0,6.875,3.5],"texture":"#0"},"south":{"uv":[6.625,0.25,6.375,1.75],"texture":"#0"},"west":{"uv":[6.5,2.0,6.625,2.125],"texture":"#0"}}},{"from":[0.0,2.0,14.0],"to":[2.0,14.0,16.0],"faces":{"north":{"uv":[6.375,0.25,6.625,1.75],"texture":"#0"},"east":{"uv":[6.5,2.0,6.625,2.125],"texture":"#0"},"south":{"uv":[6.625,0.25,6.375,1.75],"texture":"#0"},"west":{"uv":[6.375,2.0,6.625,3.5],"texture":"#0"}}}],"display":{"thirdperson_righthand":{"translation":[1.0,1.0,-1.0],"rotation":[63.0,34.0,0.0],"scale":[0.22656,0.22656,0.22656]},"thirdperson_lefthand":{"translation":[-1.75,-1.0,-1.0],"rotation":[63.0,34.0,0.0],"scale":[0.22656,0.22656,0.22656]},"firstperson_righthand":{"translation":[9.5,0.0,-5.75],"rotation":[3.0,112.0,-13.0],"scale":[0.27734,0.27734,0.27734]},"firstperson_lefthand":{"translation":[12.0,0.0,-5.25],"rotation":[3.0,112.0,-13.0],"scale":[0.27734,0.27734,0.27734]},"ground":{"translation":[0.0,-0.25,0.0],"scale":[0.21289,0.21289,0.21289]},"gui":{"translation":[-2.75,0.25,0.0],"rotation":[30.0,-158.0,0.0],"scale":[0.38047,0.38047,0.38047]},"head":{"translation":[0.0,-30.5,0.0],"scale":[1.6,1.6,1.6]},"fixed":{"translation":[0.0,-3.25,-7.5]}},"ambientocclusion":false}