{"textures":{"0":"block/spruce_leaves_model","particle":"block/spruce_leaves_model"},"elements":[{"from":[0.0,0.0,0.0],"to":[16.0,16.0,16.0],"faces":{"north":{"uv":[0.25,0.25,4.25,4.25],"texture":"#0"},"east":{"uv":[0.25,0.25,4.25,4.25],"texture":"#0"},"south":{"uv":[0.25,0.25,4.25,4.25],"texture":"#0"},"west":{"uv":[0.25,0.25,4.25,4.25],"texture":"#0"},"up":{"uv":[0.25,0.25,4.25,4.25],"texture":"#0"},"down":{"uv":[0.25,0.25,4.25,4.25],"texture":"#0"}}},{"from":[7.23631,-4.0,-6.85471],"to":[7.23631,20.0,21.89529],"rotation":{"angle":-45.0,"axis":"y","origin":[7.48631,8.0,8.20779]},"faces":{"north":{"uv":[0.25,0.25,4.25,4.25],"texture":"#0"},"east":{"uv":[7.1875,4.5,0.5,10.0],"texture":"#0"},"south":{"uv":[0.25,0.25,4.25,4.25],"texture":"#0"},"west":{"uv":[0.5,4.5,7.1875,10.0],"texture":"#0"},"up":{"uv":[0.25,0.25,4.25,4.25],"texture":"#0","rotation":270},"down":{"uv":[0.25,0.25,4.25,4.25],"texture":"#0","rotation":90}}},{"from":[-6.51369,-4.0,7.89529],"to":[21.98631,20.0,7.89529],"rotation":{"angle":-45.0,"axis":"y","origin":[7.48631,8.0,8.20779]},"faces":{"north":{"uv":[0.5,4.5,7.1875,10.0],"texture":"#0"},"east":{"uv":[0.25,0.25,4.25,4.25],"texture":"#0"},"south":{"uv":[7.1875,4.5,0.5,10.0],"texture":"#0"},"west":{"uv":[0.25,0.25,4.25,4.25],"texture":"#0"},"up":{"uv":[0.25,0.25,4.25,4.25],"texture":"#0"},"down":{"uv":[0.25,0.25,4.25,4.25],"texture":"#0"}}}],"display":{"thirdperson_righthand":{"translation":[0.0,2.5,0.0],"rotation":[75.0,45.0,0.0],"scale":[0.375,0.375,0.375]},"thirdperson_lefthand":{"translation":[0.0,2.5,0.0],"rotation":[75.0,45.0,0.0],"scale":[0.375,0.375,0.375]},"firstperson_righthand":{"rotation":[0.0,45.0,0.0],"scale":[0.4,0.4,0.4]},"firstperson_lefthand":{"rotation":[0.0,225.0,0.0],"scale":[0.4,0.4,0.4]},"ground":{"translation":[0.0,3.0,0.0],"scale":[0.25,0.25,0.25]},"gui":{"rotation":[30.0,225.0,0.0],"scale":[0.625,0.625,0.625]},"head":{"translation":[0.0,-30.5,0.0],"scale":[1.6,1.6,1.6]},"fixed":{"scale":[0.5,0.5,0.5]}}}