{"variants":{"facing=east":[{"model":"block/zombie","y":90,"weight":2},{"model":"block/zombie_1","y":90,"weight":2},{"model":"block/zombie_2","y":90,"weight":2},{"model":"block/zombie_3","y":90,"weight":1},{"model":"block/zombie_4","y":90,"weight":1},{"model":"block/zombie_5","y":90,"weight":2}],"facing=south":[{"model":"block/zombie","y":180,"weight":2},{"model":"block/zombie_1","y":180,"weight":2},{"model":"block/zombie_2","y":180,"weight":2},{"model":"block/zombie_3","y":180,"weight":1},{"model":"block/zombie_4","y":180,"weight":1},{"model":"block/zombie_5","y":180,"weight":2}],"facing=west":[{"model":"block/zombie","y":270,"weight":2},{"model":"block/zombie_1","y":270,"weight":2},{"model":"block/zombie_2","y":270,"weight":2},{"model":"block/zombie_3","y":270,"weight":1},{"model":"block/zombie_4","y":270,"weight":1},{"model":"block/zombie_5","y":270,"weight":2}],"facing=north":[{"model":"block/zombie","weight":2},{"model":"block/zombie_1","weight":2},{"model":"block/zombie_2","weight":2},{"model":"block/zombie_3","weight":1},{"model":"block/zombie_4","weight":1},{"model":"block/zombie_5","weight":2}]}}