{"textures":{"0":"block/jungle_leaves_model","particle":"block/jungle_leaves_model"},"elements":[{"from":[0.0,0.0,0.0],"to":[16.0,16.0,16.0],"faces":{"north":{"uv":[0.25,0.25,4.25,4.25],"texture":"#0"},"east":{"uv":[0.25,0.25,4.25,4.25],"texture":"#0"},"south":{"uv":[0.25,0.25,4.25,4.25],"texture":"#0"},"west":{"uv":[0.25,0.25,4.25,4.25],"texture":"#0"},"up":{"uv":[0.25,0.25,4.25,4.25],"texture":"#0"},"down":{"uv":[0.25,0.25,4.25,4.25],"texture":"#0"}}},{"from":[7.23631,-5.0,-7.85471],"to":[7.23631,21.0,22.89529],"rotation":{"angle":-45.0,"axis":"y","origin":[7.48631,8.0,8.20779]},"faces":{"north":{"uv":[0.25,0.25,4.25,4.25],"texture":"#0"},"east":{"uv":[7.9375,4.5,0.25,11.0],"texture":"#0"},"south":{"uv":[0.25,0.25,4.25,4.25],"texture":"#0"},"west":{"uv":[0.25,4.5,7.9375,11.0],"texture":"#0"},"up":{"uv":[0.25,0.25,4.25,4.25],"texture":"#0","rotation":270},"down":{"uv":[0.25,0.25,4.25,4.25],"texture":"#0","rotation":90}}},{"from":[-7.57933,-5.0,7.54488],"to":[23.17067,21.0,7.54488],"rotation":{"angle":-45.0,"axis":"y","origin":[7.79567,8.0,7.54488]},"faces":{"north":{"uv":[0.25,4.5,7.9375,11.0],"texture":"#0"},"east":{"uv":[0.25,0.25,4.25,4.25],"texture":"#0"},"south":{"uv":[7.9375,4.5,0.25,11.0],"texture":"#0"},"west":{"uv":[0.25,0.25,4.25,4.25],"texture":"#0"},"up":{"uv":[0.25,0.25,4.25,4.25],"texture":"#0"},"down":{"uv":[0.25,0.25,4.25,4.25],"texture":"#0"}}}],"display":{"thirdperson_righthand":{"translation":[0.0,1.0,-1.0],"rotation":[63.0,34.0,0.0],"scale":[0.24609,0.24609,0.24609]},"thirdperson_lefthand":{"translation":[0.0,1.0,-1.0],"rotation":[63.0,34.0,0.0],"scale":[0.24609,0.24609,0.24609]},"firstperson_righthand":{"translation":[9.5,0.0,-5.75],"rotation":[3.0,112.0,-13.0],"scale":[0.22461,0.22461,0.22461]},"firstperson_lefthand":{"translation":[9.5,0.0,-5.75],"rotation":[3.0,112.0,-13.0],"scale":[0.22461,0.22461,0.22461]},"ground":{"translation":[0.0,4.25,0.0],"scale":[0.1875,0.1875,0.1875]},"gui":{"translation":[0.25,0.0,0.0],"rotation":[30.0,-158.0,0.0],"scale":[0.29258,0.29258,0.29258]},"head":{"translation":[0.0,-30.5,0.0],"scale":[1.6,1.6,1.6]}}}