{"model":{"type":"range_dispatch","property":"custom_model_data","fallback":{"type":"minecraft:model","model":"minecraft:item/leather_horse_armor"},"entries":[{"threshold":1,"model":{"type":"minecraft:model","model":"bettermodel:modern_item/aurora_aurora_1","tints":[{"type":"minecraft:custom_model_data","default":16777215}]}},{"threshold":2,"model":{"type":"minecraft:model","model":"bettermodel:modern_item/aurora_bone3_1","tints":[{"type":"minecraft:custom_model_data","default":16777215}]}},{"threshold":3,"model":{"type":"minecraft:model","model":"bettermodel:modern_item/aurora_bone12_1","tints":[{"type":"minecraft:custom_model_data","default":16777215}]}},{"threshold":4,"model":{"type":"minecraft:model","model":"bettermodel:modern_item/aurora_bone11_1","tints":[{"type":"minecraft:custom_model_data","default":16777215}]}},{"threshold":5,"model":{"type":"minecraft:model","model":"bettermodel:modern_item/aurora_bone10_1","tints":[{"type":"minecraft:custom_model_data","default":16777215}]}},{"threshold":6,"model":{"type":"minecraft:model","model":"bettermodel:modern_item/aurora_bone13_1","tints":[{"type":"minecraft:custom_model_data","default":16777215}]}},{"threshold":7,"model":{"type":"minecraft:model","model":"bettermodel:modern_item/aurora_bone6_1","tints":[{"type":"minecraft:custom_model_data","default":16777215}]}},{"threshold":8,"model":{"type":"minecraft:model","model":"bettermodel:modern_item/aurora_bone7_1","tints":[{"type":"minecraft:custom_model_data","default":16777215}]}},{"threshold":9,"model":{"type":"minecraft:model","model":"bettermodel:modern_item/aurora_bone4_1","tints":[{"type":"minecraft:custom_model_data","default":16777215}]}},{"threshold":10,"model":{"type":"minecraft:model","model":"bettermodel:modern_item/aurora_bone5_1","tints":[{"type":"minecraft:custom_model_data","default":16777215}]}},{"threshold":11,"model":{"type":"minecraft:model","model":"bettermodel:modern_item/aurora_camra_1","tints":[{"type":"minecraft:custom_model_data","default":16777215}]}},{"threshold":12,"model":{"type":"minecraft:model","model":"bettermodel:modern_item/aurora_tail_1","tints":[{"type":"minecraft:custom_model_data","default":16777215}]}},{"threshold":13,"model":{"type":"minecraft:model","model":"bettermodel:modern_item/aurora_bone_1","tints":[{"type":"minecraft:custom_model_data","default":16777215}]}},{"threshold":14,"model":{"type":"minecraft:model","model":"bettermodel:modern_item/aurora_bone8_1","tints":[{"type":"minecraft:custom_model_data","default":16777215}]}},{"threshold":15,"model":{"type":"minecraft:model","model":"bettermodel:modern_item/aurora_bone2_1","tints":[{"type":"minecraft:custom_model_data","default":16777215}]}},{"threshold":16,"model":{"type":"minecraft:model","model":"bettermodel:modern_item/aurora_bone9_1","tints":[{"type":"minecraft:custom_model_data","default":16777215}]}},{"threshold":17,"model":{"type":"minecraft:model","model":"bettermodel:modern_item/aurora_tail2_1","tints":[{"type":"minecraft:custom_model_data","default":16777215}]}},{"threshold":18,"model":{"type":"minecraft:model","model":"bettermodel:modern_item/aurora_tail3_1","tints":[{"type":"minecraft:custom_model_data","default":16777215}]}},{"threshold":19,"model":{"type":"minecraft:model","model":"bettermodel:modern_item/aurora_wire1_1","tints":[{"type":"minecraft:custom_model_data","default":16777215}]}},{"threshold":20,"model":{"type":"minecraft:model","model":"bettermodel:modern_item/aurora_wire2_1","tints":[{"type":"minecraft:custom_model_data","default":16777215}]}},{"threshold":21,"model":{"type":"minecraft:model","model":"bettermodel:modern_item/aurora_wire3_1","tints":[{"type":"minecraft:custom_model_data","default":16777215}]}},{"threshold":22,"model":{"type":"minecraft:model","model":"bettermodel:modern_item/chlly_guy_bone20_1","tints":[{"type":"minecraft:custom_model_data","default":16777215}]}},{"threshold":23,"model":{"type":"minecraft:model","model":"bettermodel:modern_item/chlly_guy_bone22_1","tints":[{"type":"minecraft:custom_model_data","default":16777215}]}},{"threshold":24,"model":{"type":"minecraft:model","model":"bettermodel:modern_item/chlly_guy_bone19_1","tints":[{"type":"minecraft:custom_model_data","default":16777215}]}},{"threshold":25,"model":{"type":"minecraft:model","model":"bettermodel:modern_item/chlly_guy_bone21_1","tints":[{"type":"minecraft:custom_model_data","default":16777215}]}},{"threshold":26,"model":{"type":"minecraft:model","model":"bettermodel:modern_item/chlly_guy_bone14_1","tints":[{"type":"minecraft:custom_model_data","default":16777215}]}},{"threshold":27,"model":{"type":"minecraft:model","model":"bettermodel:modern_item/chlly_guy_bone15_1","tints":[{"type":"minecraft:custom_model_data","default":16777215}]}},{"threshold":28,"model":{"type":"minecraft:model","model":"bettermodel:modern_item/chlly_guy_bone17_1","tints":[{"type":"minecraft:custom_model_data","default":16777215}]}},{"threshold":29,"model":{"type":"minecraft:model","model":"bettermodel:modern_item/chlly_guy_bone16_1","tints":[{"type":"minecraft:custom_model_data","default":16777215}]}},{"threshold":30,"model":{"type":"minecraft:model","model":"bettermodel:modern_item/chlly_guy_bone18_1","tints":[{"type":"minecraft:custom_model_data","default":16777215}]}},{"threshold":31,"model":{"type":"minecraft:model","model":"bettermodel:modern_item/chlly_guy_bone2_1","tints":[{"type":"minecraft:custom_model_data","default":16777215}]}},{"threshold":32,"model":{"type":"minecraft:model","model":"bettermodel:modern_item/chlly_guy_bone5_1","tints":[{"type":"minecraft:custom_model_data","default":16777215}]}},{"threshold":33,"model":{"type":"minecraft:model","model":"bettermodel:modern_item/chlly_guy_bone10_1","tints":[{"type":"minecraft:custom_model_data","default":16777215}]}},{"threshold":34,"model":{"type":"minecraft:model","model":"bettermodel:modern_item/chlly_guy_bone8_1","tints":[{"type":"minecraft:custom_model_data","default":16777215}]}},{"threshold":35,"model":{"type":"minecraft:model","model":"bettermodel:modern_item/chlly_guy_bone6_1","tints":[{"type":"minecraft:custom_model_data","default":16777215}]}},{"threshold":36,"model":{"type":"minecraft:model","model":"bettermodel:modern_item/chlly_guy_bone9_1","tints":[{"type":"minecraft:custom_model_data","default":16777215}]}},{"threshold":37,"model":{"type":"minecraft:model","model":"bettermodel:modern_item/chlly_guy_bone7_1","tints":[{"type":"minecraft:custom_model_data","default":16777215}]}},{"threshold":38,"model":{"type":"minecraft:model","model":"bettermodel:modern_item/chlly_guy_bone12_1","tints":[{"type":"minecraft:custom_model_data","default":16777215}]}},{"threshold":39,"model":{"type":"minecraft:model","model":"bettermodel:modern_item/chlly_guy_bone11_1","tints":[{"type":"minecraft:custom_model_data","default":16777215}]}},{"threshold":40,"model":{"type":"minecraft:model","model":"bettermodel:modern_item/chlly_guy_bone4_1","tints":[{"type":"minecraft:custom_model_data","default":16777215}]}},{"threshold":41,"model":{"type":"minecraft:model","model":"bettermodel:modern_item/chlly_guy_bone13_1","tints":[{"type":"minecraft:custom_model_data","default":16777215}]}},{"threshold":42,"model":{"type":"minecraft:model","model":"bettermodel:modern_item/chlly_guy_bone3_1","tints":[{"type":"minecraft:custom_model_data","default":16777215}]}},{"threshold":43,"model":{"type":"minecraft:model","model":"bettermodel:modern_item/chlly_guy_hitbox_1","tints":[{"type":"minecraft:custom_model_data","default":16777215}]}},{"threshold":44,"model":{"type":"minecraft:model","model":"bettermodel:modern_item/deathadder_chest_1","tints":[{"type":"minecraft:custom_model_data","default":16777215}]}},{"threshold":45,"model":{"type":"minecraft:model","model":"bettermodel:modern_item/deathadder_body_1","tints":[{"type":"minecraft:custom_model_data","default":16777215}]}},{"threshold":46,"model":{"type":"minecraft:model","model":"bettermodel:modern_item/deathadder_belly_1","tints":[{"type":"minecraft:custom_model_data","default":16777215}]}},{"threshold":47,"model":{"type":"minecraft:model","model":"bettermodel:modern_item/deathadder_tailbase_1","tints":[{"type":"minecraft:custom_model_data","default":16777215}]}},{"threshold":48,"model":{"type":"minecraft:model","model":"bettermodel:modern_item/deathadder_tailbase2_1","tints":[{"type":"minecraft:custom_model_data","default":16777215}]}},{"threshold":49,"model":{"type":"minecraft:model","model":"bettermodel:modern_item/deathadder_tail1_1","tints":[{"type":"minecraft:custom_model_data","default":16777215}]}},{"threshold":50,"model":{"type":"minecraft:composite","models":[{"type":"minecraft:model","model":"bettermodel:modern_item/deathadder_tail1spikes_1","tints":[{"type":"minecraft:custom_model_data","default":16777215}]},{"type":"minecraft:model","model":"bettermodel:modern_item/deathadder_tail1spikes_2","tints":[{"type":"minecraft:custom_model_data","default":16777215}]}]}},{"threshold":51,"model":{"type":"minecraft:model","model":"bettermodel:modern_item/deathadder_tail2_1","tints":[{"type":"minecraft:custom_model_data","default":16777215}]}},{"threshold":52,"model":{"type":"minecraft:composite","models":[{"type":"minecraft:model","model":"bettermodel:modern_item/deathadder_tail2spikes_1","tints":[{"type":"minecraft:custom_model_data","default":16777215}]},{"type":"minecraft:model","model":"bettermodel:modern_item/deathadder_tail2spikes_2","tints":[{"type":"minecraft:custom_model_data","default":16777215}]}]}},{"threshold":53,"model":{"type":"minecraft:model","model":"bettermodel:modern_item/deathadder_tail3_1","tints":[{"type":"minecraft:custom_model_data","default":16777215}]}},{"threshold":54,"model":{"type":"minecraft:composite","models":[{"type":"minecraft:model","model":"bettermodel:modern_item/deathadder_tail3spikes_1","tints":[{"type":"minecraft:custom_model_data","default":16777215}]},{"type":"minecraft:model","model":"bettermodel:modern_item/deathadder_tail3spikes_2","tints":[{"type":"minecraft:custom_model_data","default":16777215}]}]}},{"threshold":55,"model":{"type":"minecraft:model","model":"bettermodel:modern_item/deathadder_tail4_1","tints":[{"type":"minecraft:custom_model_data","default":16777215}]}},{"threshold":56,"model":{"type":"minecraft:composite","models":[{"type":"minecraft:model","model":"bettermodel:modern_item/deathadder_tail4spikes_1","tints":[{"type":"minecraft:custom_model_data","default":16777215}]},{"type":"minecraft:model","model":"bettermodel:modern_item/deathadder_tail4spikes_2","tints":[{"type":"minecraft:custom_model_data","default":16777215}]}]}},{"threshold":57,"model":{"type":"minecraft:model","model":"bettermodel:modern_item/deathadder_tail5_1","tints":[{"type":"minecraft:custom_model_data","default":16777215}]}},{"threshold":58,"model":{"type":"minecraft:composite","models":[{"type":"minecraft:model","model":"bettermodel:modern_item/deathadder_tail5spikes_1","tints":[{"type":"minecraft:custom_model_data","default":16777215}]},{"type":"minecraft:model","model":"bettermodel:modern_item/deathadder_tail5spikes_2","tints":[{"type":"minecraft:custom_model_data","default":16777215}]}]}},{"threshold":59,"model":{"type":"minecraft:model","model":"bettermodel:modern_item/deathadder_tail6_1","tints":[{"type":"minecraft:custom_model_data","default":16777215}]}},{"threshold":60,"model":{"type":"minecraft:model","model":"bettermodel:modern_item/deathadder_neck1_1","tints":[{"type":"minecraft:custom_model_data","default":16777215}]}},{"threshold":61,"model":{"type":"minecraft:model","model":"bettermodel:modern_item/deathadder_neck2_1","tints":[{"type":"minecraft:custom_model_data","default":16777215}]}},{"threshold":62,"model":{"type":"minecraft:model","model":"bettermodel:modern_item/deathadder_neck3_1","tints":[{"type":"minecraft:custom_model_data","default":16777215}]}},{"threshold":63,"model":{"type":"minecraft:model","model":"bettermodel:modern_item/deathadder_head_1","tints":[{"type":"minecraft:custom_model_data","default":16777215}]}},{"threshold":64,"model":{"type":"minecraft:model","model":"bettermodel:modern_item/deathadder_h1_1","tints":[{"type":"minecraft:custom_model_data","default":16777215}]}},{"threshold":65,"model":{"type":"minecraft:model","model":"bettermodel:modern_item/deathadder_lefteye_1","tints":[{"type":"minecraft:custom_model_data","default":16777215}]}},{"threshold":66,"model":{"type":"minecraft:model","model":"bettermodel:modern_item/deathadder_teethup3_1","tints":[{"type":"minecraft:custom_model_data","default":16777215}]}},{"threshold":67,"model":{"type":"minecraft:model","model":"bettermodel:modern_item/deathadder_h2_1","tints":[{"type":"minecraft:custom_model_data","default":16777215}]}},{"threshold":68,"model":{"type":"minecraft:model","model":"bettermodel:modern_item/deathadder_righteye_1","tints":[{"type":"minecraft:custom_model_data","default":16777215}]}},{"threshold":69,"model":{"type":"minecraft:model","model":"bettermodel:modern_item/deathadder_teethup2_1","tints":[{"type":"minecraft:custom_model_data","default":16777215}]}},{"threshold":70,"model":{"type":"minecraft:model","model":"bettermodel:modern_item/deathadder_h3_1","tints":[{"type":"minecraft:custom_model_data","default":16777215}]}},{"threshold":71,"model":{"type":"minecraft:model","model":"bettermodel:modern_item/deathadder_h4_1","tints":[{"type":"minecraft:custom_model_data","default":16777215}]}},{"threshold":72,"model":{"type":"minecraft:model","model":"bettermodel:modern_item/deathadder_hhorn1_1","tints":[{"type":"minecraft:custom_model_data","default":16777215}]}},{"threshold":73,"model":{"type":"minecraft:model","model":"bettermodel:modern_item/deathadder_hhorn2_1","tints":[{"type":"minecraft:custom_model_data","default":16777215}]}},{"threshold":74,"model":{"type":"minecraft:model","model":"bettermodel:modern_item/deathadder_horn1_1","tints":[{"type":"minecraft:custom_model_data","default":16777215}]}},{"threshold":75,"model":{"type":"minecraft:model","model":"bettermodel:modern_item/deathadder_horn2_1","tints":[{"type":"minecraft:custom_model_data","default":16777215}]}},{"threshold":76,"model":{"type":"minecraft:model","model":"bettermodel:modern_item/deathadder_horn3_1","tints":[{"type":"minecraft:custom_model_data","default":16777215}]}},{"threshold":77,"model":{"type":"minecraft:model","model":"bettermodel:modern_item/deathadder_horn4_1","tints":[{"type":"minecraft:custom_model_data","default":16777215}]}},{"threshold":78,"model":{"type":"minecraft:model","model":"bettermodel:modern_item/deathadder_horn5_1","tints":[{"type":"minecraft:custom_model_data","default":16777215}]}},{"threshold":79,"model":{"type":"minecraft:model","model":"bettermodel:modern_item/deathadder_horn6_1","tints":[{"type":"minecraft:custom_model_data","default":16777215}]}},{"threshold":80,"model":{"type":"minecraft:model","model":"bettermodel:modern_item/deathadder_horn8_1","tints":[{"type":"minecraft:custom_model_data","default":16777215}]}},{"threshold":81,"model":{"type":"minecraft:model","model":"bettermodel:modern_item/deathadder_horn9_1","tints":[{"type":"minecraft:custom_model_data","default":16777215}]}},{"threshold":82,"model":{"type":"minecraft:model","model":"bettermodel:modern_item/deathadder_horn10_1","tints":[{"type":"minecraft:custom_model_data","default":16777215}]}},{"threshold":83,"model":{"type":"minecraft:model","model":"bettermodel:modern_item/deathadder_horn11_1","tints":[{"type":"minecraft:custom_model_data","default":16777215}]}},{"threshold":84,"model":{"type":"minecraft:model","model":"bettermodel:modern_item/deathadder_horn12_1","tints":[{"type":"minecraft:custom_model_data","default":16777215}]}},{"threshold":85,"model":{"type":"minecraft:composite","models":[{"type":"minecraft:model","model":"bettermodel:modern_item/deathadder_jaw_1","tints":[{"type":"minecraft:custom_model_data","default":16777215}]},{"type":"minecraft:model","model":"bettermodel:modern_item/deathadder_jaw_2","tints":[{"type":"minecraft:custom_model_data","default":16777215}]},{"type":"minecraft:model","model":"bettermodel:modern_item/deathadder_jaw_3","tints":[{"type":"minecraft:custom_model_data","default":16777215}]},{"type":"minecraft:model","model":"bettermodel:modern_item/deathadder_jaw_4","tints":[{"type":"minecraft:custom_model_data","default":16777215}]},{"type":"minecraft:model","model":"bettermodel:modern_item/deathadder_jaw_5","tints":[{"type":"minecraft:custom_model_data","default":16777215}]},{"type":"minecraft:model","model":"bettermodel:modern_item/deathadder_jaw_6","tints":[{"type":"minecraft:custom_model_data","default":16777215}]},{"type":"minecraft:model","model":"bettermodel:modern_item/deathadder_jaw_7","tints":[{"type":"minecraft:custom_model_data","default":16777215}]},{"type":"minecraft:model","model":"bettermodel:modern_item/deathadder_jaw_8","tints":[{"type":"minecraft:custom_model_data","default":16777215}]},{"type":"minecraft:model","model":"bettermodel:modern_item/deathadder_jaw_9","tints":[{"type":"minecraft:custom_model_data","default":16777215}]}]}},{"threshold":86,"model":{"type":"minecraft:model","model":"bettermodel:modern_item/deathadder_leftthigh_1","tints":[{"type":"minecraft:custom_model_data","default":16777215}]}},{"threshold":87,"model":{"type":"minecraft:model","model":"bettermodel:modern_item/deathadder_leftshin_1","tints":[{"type":"minecraft:custom_model_data","default":16777215}]}},{"threshold":88,"model":{"type":"minecraft:model","model":"bettermodel:modern_item/deathadder_leftfeet_1","tints":[{"type":"minecraft:custom_model_data","default":16777215}]}},{"threshold":89,"model":{"type":"minecraft:model","model":"bettermodel:modern_item/deathadder_leftfeet1_1","tints":[{"type":"minecraft:custom_model_data","default":16777215}]}},{"threshold":90,"model":{"type":"minecraft:model","model":"bettermodel:modern_item/deathadder_leftpaw_1","tints":[{"type":"minecraft:custom_model_data","default":16777215}]}},{"threshold":91,"model":{"type":"minecraft:model","model":"bettermodel:modern_item/deathadder_claw_1","tints":[{"type":"minecraft:custom_model_data","default":16777215}]}},{"threshold":92,"model":{"type":"minecraft:model","model":"bettermodel:modern_item/deathadder_claw4_1","tints":[{"type":"minecraft:custom_model_data","default":16777215}]}},{"threshold":93,"model":{"type":"minecraft:model","model":"bettermodel:modern_item/deathadder_claw3_1","tints":[{"type":"minecraft:custom_model_data","default":16777215}]}},{"threshold":94,"model":{"type":"minecraft:model","model":"bettermodel:modern_item/deathadder_claw2_1","tints":[{"type":"minecraft:custom_model_data","default":16777215}]}},{"threshold":95,"model":{"type":"minecraft:model","model":"bettermodel:modern_item/deathadder_leftcalw_1","tints":[{"type":"minecraft:custom_model_data","default":16777215}]}},{"threshold":96,"model":{"type":"minecraft:model","model":"bettermodel:modern_item/deathadder_rightthigh_1","tints":[{"type":"minecraft:custom_model_data","default":16777215}]}},{"threshold":97,"model":{"type":"minecraft:model","model":"bettermodel:modern_item/deathadder_rightshin_1","tints":[{"type":"minecraft:custom_model_data","default":16777215}]}},{"threshold":98,"model":{"type":"minecraft:model","model":"bettermodel:modern_item/deathadder_rightfeet_1","tints":[{"type":"minecraft:custom_model_data","default":16777215}]}},{"threshold":99,"model":{"type":"minecraft:model","model":"bettermodel:modern_item/deathadder_rightfeet3_1","tints":[{"type":"minecraft:custom_model_data","default":16777215}]}},{"threshold":100,"model":{"type":"minecraft:model","model":"bettermodel:modern_item/deathadder_rightpaw_1","tints":[{"type":"minecraft:custom_model_data","default":16777215}]}},{"threshold":101,"model":{"type":"minecraft:model","model":"bettermodel:modern_item/deathadder_claw5_1","tints":[{"type":"minecraft:custom_model_data","default":16777215}]}},{"threshold":102,"model":{"type":"minecraft:model","model":"bettermodel:modern_item/deathadder_claw6_1","tints":[{"type":"minecraft:custom_model_data","default":16777215}]}},{"threshold":103,"model":{"type":"minecraft:model","model":"bettermodel:modern_item/deathadder_claw7_1","tints":[{"type":"minecraft:custom_model_data","default":16777215}]}},{"threshold":104,"model":{"type":"minecraft:model","model":"bettermodel:modern_item/deathadder_claw8_1","tints":[{"type":"minecraft:custom_model_data","default":16777215}]}},{"threshold":105,"model":{"type":"minecraft:model","model":"bettermodel:modern_item/deathadder_rightcalw_1","tints":[{"type":"minecraft:custom_model_data","default":16777215}]}},{"threshold":106,"model":{"type":"minecraft:model","model":"bettermodel:modern_item/deathadder_leftwingarm_1","tints":[{"type":"minecraft:custom_model_data","default":16777215}]}},{"threshold":107,"model":{"type":"minecraft:model","model":"bettermodel:modern_item/deathadder_leftwmem1_1","tints":[{"type":"minecraft:custom_model_data","default":16777215}]}},{"threshold":108,"model":{"type":"minecraft:composite","models":[{"type":"minecraft:model","model":"bettermodel:modern_item/deathadder_leftwingfarm_1","tints":[{"type":"minecraft:custom_model_data","default":16777215}]},{"type":"minecraft:model","model":"bettermodel:modern_item/deathadder_leftwingfarm_2","tints":[{"type":"minecraft:custom_model_data","default":16777215}]}]}},{"threshold":109,"model":{"type":"minecraft:composite","models":[{"type":"minecraft:model","model":"bettermodel:modern_item/deathadder_left1finger_1","tints":[{"type":"minecraft:custom_model_data","default":16777215}]},{"type":"minecraft:model","model":"bettermodel:modern_item/deathadder_left1finger_2","tints":[{"type":"minecraft:custom_model_data","default":16777215}]}]}},{"threshold":110,"model":{"type":"minecraft:composite","models":[{"type":"minecraft:model","model":"bettermodel:modern_item/deathadder_left2finger_1","tints":[{"type":"minecraft:custom_model_data","default":16777215}]},{"type":"minecraft:model","model":"bettermodel:modern_item/deathadder_left2finger_2","tints":[{"type":"minecraft:custom_model_data","default":16777215}]},{"type":"minecraft:model","model":"bettermodel:modern_item/deathadder_left2finger_3","tints":[{"type":"minecraft:custom_model_data","default":16777215}]},{"type":"minecraft:model","model":"bettermodel:modern_item/deathadder_left2finger_4","tints":[{"type":"minecraft:custom_model_data","default":16777215}]}]}},{"threshold":111,"model":{"type":"minecraft:composite","models":[{"type":"minecraft:model","model":"bettermodel:modern_item/deathadder_left3finger_1","tints":[{"type":"minecraft:custom_model_data","default":16777215}]},{"type":"minecraft:model","model":"bettermodel:modern_item/deathadder_left3finger_2","tints":[{"type":"minecraft:custom_model_data","default":16777215}]},{"type":"minecraft:model","model":"bettermodel:modern_item/deathadder_left3finger_3","tints":[{"type":"minecraft:custom_model_data","default":16777215}]},{"type":"minecraft:model","model":"bettermodel:modern_item/deathadder_left3finger_4","tints":[{"type":"minecraft:custom_model_data","default":16777215}]}]}},{"threshold":112,"model":{"type":"minecraft:composite","models":[{"type":"minecraft:model","model":"bettermodel:modern_item/deathadder_left4finger_1","tints":[{"type":"minecraft:custom_model_data","default":16777215}]},{"type":"minecraft:model","model":"bettermodel:modern_item/deathadder_left4finger_2","tints":[{"type":"minecraft:custom_model_data","default":16777215}]}]}},{"threshold":113,"model":{"type":"minecraft:model","model":"bettermodel:modern_item/deathadder_leftwingclaw_1","tints":[{"type":"minecraft:custom_model_data","default":16777215}]}},{"threshold":114,"model":{"type":"minecraft:model","model":"bettermodel:modern_item/deathadder_rightwingarm_1","tints":[{"type":"minecraft:custom_model_data","default":16777215}]}},{"threshold":115,"model":{"type":"minecraft:model","model":"bettermodel:modern_item/deathadder_rightwmem3_1","tints":[{"type":"minecraft:custom_model_data","default":16777215}]}},{"threshold":116,"model":{"type":"minecraft:composite","models":[{"type":"minecraft:model","model":"bettermodel:modern_item/deathadder_rightwingfarm_1","tints":[{"type":"minecraft:custom_model_data","default":16777215}]},{"type":"minecraft:model","model":"bettermodel:modern_item/deathadder_rightwingfarm_2","tints":[{"type":"minecraft:custom_model_data","default":16777215}]}]}},{"threshold":117,"model":{"type":"minecraft:composite","models":[{"type":"minecraft:model","model":"bettermodel:modern_item/deathadder_right1finger_1","tints":[{"type":"minecraft:custom_model_data","default":16777215}]},{"type":"minecraft:model","model":"bettermodel:modern_item/deathadder_right1finger_2","tints":[{"type":"minecraft:custom_model_data","default":16777215}]}]}},{"threshold":118,"model":{"type":"minecraft:composite","models":[{"type":"minecraft:model","model":"bettermodel:modern_item/deathadder_right2finger_1","tints":[{"type":"minecraft:custom_model_data","default":16777215}]},{"type":"minecraft:model","model":"bettermodel:modern_item/deathadder_right2finger_2","tints":[{"type":"minecraft:custom_model_data","default":16777215}]},{"type":"minecraft:model","model":"bettermodel:modern_item/deathadder_right2finger_3","tints":[{"type":"minecraft:custom_model_data","default":16777215}]},{"type":"minecraft:model","model":"bettermodel:modern_item/deathadder_right2finger_4","tints":[{"type":"minecraft:custom_model_data","default":16777215}]}]}},{"threshold":119,"model":{"type":"minecraft:composite","models":[{"type":"minecraft:model","model":"bettermodel:modern_item/deathadder_right3finger_1","tints":[{"type":"minecraft:custom_model_data","default":16777215}]},{"type":"minecraft:model","model":"bettermodel:modern_item/deathadder_right3finger_2","tints":[{"type":"minecraft:custom_model_data","default":16777215}]},{"type":"minecraft:model","model":"bettermodel:modern_item/deathadder_right3finger_3","tints":[{"type":"minecraft:custom_model_data","default":16777215}]},{"type":"minecraft:model","model":"bettermodel:modern_item/deathadder_right3finger_4","tints":[{"type":"minecraft:custom_model_data","default":16777215}]}]}},{"threshold":120,"model":{"type":"minecraft:composite","models":[{"type":"minecraft:model","model":"bettermodel:modern_item/deathadder_right4finger_1","tints":[{"type":"minecraft:custom_model_data","default":16777215}]},{"type":"minecraft:model","model":"bettermodel:modern_item/deathadder_right4finger_2","tints":[{"type":"minecraft:custom_model_data","default":16777215}]}]}},{"threshold":121,"model":{"type":"minecraft:model","model":"bettermodel:modern_item/deathadder_rightwingclaw_1","tints":[{"type":"minecraft:custom_model_data","default":16777215}]}},{"threshold":122,"model":{"type":"minecraft:model","model":"bettermodel:modern_item/deathadder_saddle_1","tints":[{"type":"minecraft:custom_model_data","default":16777215}]}},{"threshold":123,"model":{"type":"minecraft:model","model":"bettermodel:modern_item/deathadder_saddlebagr_1","tints":[{"type":"minecraft:custom_model_data","default":16777215}]}},{"threshold":124,"model":{"type":"minecraft:model","model":"bettermodel:modern_item/deathadder_saddlebagl_1","tints":[{"type":"minecraft:custom_model_data","default":16777215}]}},{"threshold":125,"model":{"type":"minecraft:model","model":"bettermodel:modern_item/deathadder_bone_1","tints":[{"type":"minecraft:custom_model_data","default":16777215}]}},{"threshold":126,"model":{"type":"minecraft:model","model":"bettermodel:modern_item/piplup_torso_1","tints":[{"type":"minecraft:custom_model_data","default":16777215}]}},{"threshold":127,"model":{"type":"minecraft:model","model":"bettermodel:modern_item/piplup_back_1","tints":[{"type":"minecraft:custom_model_data","default":16777215}]}},{"threshold":128,"model":{"type":"minecraft:model","model":"bettermodel:modern_item/piplup_h_head_1","tints":[{"type":"minecraft:custom_model_data","default":16777215}]}},{"threshold":129,"model":{"type":"minecraft:model","model":"bettermodel:modern_item/piplup_h_beak_1","tints":[{"type":"minecraft:custom_model_data","default":16777215}]}},{"threshold":130,"model":{"type":"minecraft:model","model":"bettermodel:modern_item/piplup_arm_left_1","tints":[{"type":"minecraft:custom_model_data","default":16777215}]}},{"threshold":131,"model":{"type":"minecraft:model","model":"bettermodel:modern_item/piplup_arm_right_1","tints":[{"type":"minecraft:custom_model_data","default":16777215}]}},{"threshold":132,"model":{"type":"minecraft:model","model":"bettermodel:modern_item/piplup_leg_left_1","tints":[{"type":"minecraft:custom_model_data","default":16777215}]}},{"threshold":133,"model":{"type":"minecraft:model","model":"bettermodel:modern_item/piplup_leg_left2_1","tints":[{"type":"minecraft:custom_model_data","default":16777215}]}},{"threshold":134,"model":{"type":"minecraft:model","model":"bettermodel:modern_item/piplup_leg_right_1","tints":[{"type":"minecraft:custom_model_data","default":16777215}]}},{"threshold":135,"model":{"type":"minecraft:model","model":"bettermodel:modern_item/piplup_leg_right3_1","tints":[{"type":"minecraft:custom_model_data","default":16777215}]}},{"threshold":136,"model":{"type":"minecraft:model","model":"bettermodel:modern_item/qmob_blobfish_torso_1","tints":[{"type":"minecraft:custom_model_data","default":16777215}]}},{"threshold":137,"model":{"type":"minecraft:model","model":"bettermodel:modern_item/qmob_blobfish_nose_1","tints":[{"type":"minecraft:custom_model_data","default":16777215}]}},{"threshold":138,"model":{"type":"minecraft:model","model":"bettermodel:modern_item/qmob_blobfish_tail_1","tints":[{"type":"minecraft:custom_model_data","default":16777215}]}}]}}