{"textures":{"1":"block/misc3","particle":"block/diorite"},"elements":[{"from":[10.39115,0.0,3.70306],"to":[13.39115,1.0,6.70306],"rotation":{"angle":0.0,"axis":"y","origin":[8.8458,0.5,8.09358]},"faces":{"north":{"uv":[0.25,5.125,0.375,5.5],"texture":"#1","rotation":90},"east":{"uv":[0.0,5.375,0.375,5.5],"texture":"#1"},"south":{"uv":[0.0,5.125,0.125,5.5],"texture":"#1","rotation":270},"west":{"uv":[0.0,5.125,0.375,5.25],"texture":"#1","rotation":180},"up":{"uv":[0.0,5.125,0.375,5.5],"texture":"#1","rotation":270},"down":{"uv":[0.0,5.125,0.375,5.5],"texture":"#1"}}},{"from":[2.19811,0.0,6.51363],"to":[6.19811,1.0,10.51363],"rotation":{"angle":-22.5,"axis":"y","origin":[8.8458,0.5,8.09358]},"faces":{"north":{"uv":[0.0,6.625,0.375,6.75],"texture":"#1"},"east":{"uv":[0.0,6.375,0.125,6.75],"texture":"#1","rotation":270},"south":{"uv":[0.0,6.375,0.375,6.5],"texture":"#1","rotation":180},"west":{"uv":[0.25,6.375,0.375,6.75],"texture":"#1","rotation":90},"up":{"uv":[0.0,6.375,0.375,6.75],"texture":"#1","rotation":180},"down":{"uv":[0.0,6.375,0.375,6.75],"texture":"#1","rotation":90}}},{"from":[11.86949,0.0,9.12421],"to":[13.86949,1.0,11.12421],"rotation":{"angle":-45.0,"axis":"y","origin":[8.8458,0.5,8.09358]},"faces":{"north":{"uv":[0.0,5.375,0.25,5.5],"texture":"#1"},"east":{"uv":[0.0,5.125,0.125,5.375],"texture":"#1","rotation":270},"south":{"uv":[0.0,5.125,0.125,5.25],"texture":"#1","rotation":270},"west":{"uv":[0.125,5.125,0.25,5.375],"texture":"#1","rotation":90},"up":{"uv":[0.0,5.125,0.25,5.375],"texture":"#1","rotation":180},"down":{"uv":[0.25,5.125,0.0,5.375],"texture":"#1"}}}]}