{"araqualauncher":{"replace":false,"sounds":[{"name":"mcs:araqualauncher.3","volume":1,"pitch":1.0,"weight":1,"stream":false,"attenuation_distance":16,"preload":false,"channels":2},{"name":"mcs:araqualauncher.1","volume":1,"pitch":1.0,"weight":1,"stream":false,"attenuation_distance":16,"preload":false,"channels":2},{"name":"mcs:araqualauncher.2","volume":1,"pitch":1.0,"weight":1,"stream":false,"attenuation_distance":16,"preload":false,"channels":2}]},"arlaunchpad":{"replace":false,"sounds":[{"name":"mcs:arlaunchpad.1","volume":1,"pitch":1.0,"weight":1,"stream":false,"attenuation_distance":16,"preload":false,"channels":2},{"name":"mcs:arlaunchpad.3","volume":1,"pitch":1.0,"weight":1,"stream":false,"attenuation_distance":16,"preload":false,"channels":2},{"name":"mcs:arlaunchpad.2","volume":1,"pitch":1.0,"weight":1,"stream":false,"attenuation_distance":16,"preload":false,"channels":2}]},"arspeed":{"replace":false,"sounds":[{"name":"mcs:arspeed.1","volume":1,"pitch":1.0,"weight":1,"stream":false,"attenuation_distance":16,"preload":false,"channels":2},{"name":"mcs:arspeed.2","volume":1,"pitch":1.0,"weight":1,"stream":false,"attenuation_distance":16,"preload":false,"channels":2},{"name":"mcs:arspeed.3","volume":1,"pitch":1.0,"weight":1,"stream":false,"attenuation_distance":16,"preload":false,"channels":2}]},"arwind":{"replace":false,"sounds":[{"name":"mcs:arwind.1","volume":1,"pitch":1.0,"weight":1,"stream":false,"attenuation_distance":16,"preload":false,"channels":2},{"name":"mcs:arwind.2","volume":1,"pitch":1.0,"weight":1,"stream":false,"attenuation_distance":16,"preload":false,"channels":2},{"name":"mcs:arwind.3","volume":1,"pitch":1.0,"weight":1,"stream":false,"attenuation_distance":16,"preload":false,"channels":2}]},"arjumppad":{"replace":false,"sounds":[{"name":"mcs:arjumppad","volume":5,"pitch":1.0,"weight":1,"stream":false,"attenuation_distance":16,"preload":false,"channels":2}]},"arslowpad":{"sounds":["mcs:arslowpad"]},"arwalls":{"sounds":["mcs:arwalls.1","mcs:arwalls.2","mcs:arwalls.3","mcs:arwalls.4"]},"araquajet":{"sounds":["mcs:araquajet.1","mcs:araquajet.2","mcs:araquajet.3"]},"arbigjump":{"sounds":["mcs:arbigjump.1","mcs:arbigjump.2","mcs:arbigjump.3"]},"death":{"sounds":["mcs:death"]},"readycheck":{"sounds":["mcs:readycheck"]}}