{"variants":{"":[{"model":"block/flowering_azalea_leaves"},{"model":"block/flowering_azalea_leaves","y":90},{"model":"block/flowering_azalea_leaves","y":180},{"model":"block/flowering_azalea_leaves","y":270},{"model":"block/flowering_azalea_leaves_2"},{"model":"block/flowering_azalea_leaves_2","y":90},{"model":"block/flowering_azalea_leaves_2","y":180},{"model":"block/flowering_azalea_leaves_2","y":270},{"model":"block/flowering_azalea_leaves_3"},{"model":"block/flowering_azalea_leaves_3","y":90},{"model":"block/flowering_azalea_leaves_3","y":180},{"model":"block/flowering_azalea_leaves_3","y":270},{"model":"block/flowering_azalea_leaves_4"},{"model":"block/flowering_azalea_leaves_4","y":90},{"model":"block/flowering_azalea_leaves_4","y":180},{"model":"block/flowering_azalea_leaves_4","y":270}]}}