{"textures":{"1":"block/misc3","particle":"block/diorite"},"elements":[{"from":[3.5,0.0,8.5],"to":[7.5,1.0,10.5],"rotation":{"angle":-22.5,"axis":"y","origin":[7.5,0.5,11.0]},"faces":{"north":{"uv":[0.0,4.875,0.5,5.0],"texture":"#1"},"east":{"uv":[0.0,4.875,0.5,5.125],"texture":"#1","rotation":90},"west":{"uv":[0.0,4.875,0.5,5.125],"texture":"#1","rotation":270},"up":{"uv":[0.0,4.875,0.5,5.125],"texture":"#1"},"down":{"uv":[0.0,4.875,0.5,5.125],"texture":"#1","rotation":180}}},{"from":[9.5,0.0,4.5],"to":[12.5,1.0,7.5],"rotation":{"angle":-22.5,"axis":"y","origin":[7.5,0.5,11.0]},"faces":{"north":{"uv":[0.0,5.125,0.375,5.25],"texture":"#1","rotation":180},"east":{"uv":[0.25,5.125,0.375,5.5],"texture":"#1","rotation":90},"south":{"uv":[0.0,5.375,0.375,5.5],"texture":"#1"},"west":{"uv":[0.0,5.125,0.125,5.5],"texture":"#1","rotation":270},"up":{"uv":[0.0,5.125,0.375,5.5],"texture":"#1"},"down":{"uv":[0.0,5.125,0.375,5.5],"texture":"#1","rotation":270}}},{"from":[3.67357,0.0,1.5454],"to":[5.67357,1.0,3.5454],"rotation":{"angle":22.5,"axis":"y","origin":[4.17357,0.5,2.0454]},"faces":{"north":{"uv":[0.0,5.125,0.125,5.25],"texture":"#1","rotation":270},"east":{"uv":[0.125,5.125,0.25,5.375],"texture":"#1","rotation":90},"south":{"uv":[0.0,5.375,0.25,5.5],"texture":"#1"},"west":{"uv":[0.0,5.125,0.125,5.375],"texture":"#1","rotation":270},"up":{"uv":[0.0,5.125,0.25,5.375],"texture":"#1"},"down":{"uv":[0.25,5.125,0.0,5.375],"texture":"#1","rotation":180}}},{"from":[2.5,0.0,10.5],"to":[8.5,1.0,14.5],"rotation":{"angle":-22.5,"axis":"y","origin":[7.5,0.5,11.0]},"faces":{"north":{"uv":[0.75,4.375,0.0,4.5],"texture":"#1"},"east":{"uv":[0.625,4.375,0.75,4.875],"texture":"#1","rotation":90},"south":{"uv":[0.0,4.75,0.75,4.875],"texture":"#1"},"west":{"uv":[0.0,4.375,0.125,4.875],"texture":"#1","rotation":270},"up":{"uv":[0.0,4.375,0.75,4.875],"texture":"#1"},"down":{"uv":[0.0,4.375,0.75,4.875],"texture":"#1","rotation":180}}},{"from":[2.5,0.5,9.5],"to":[8.5,0.5,15.5],"rotation":{"angle":-22.5,"axis":"y","origin":[7.5,0.5,11.0]},"faces":{"up":{"uv":[0.75,4.375,1.5,5.125],"texture":"#1"},"down":{"uv":[0.75,4.375,1.5,5.125],"texture":"#1","rotation":180}}}]}