{
	"credit": "Made with Blockbench",
	"texture_size": [32, 32],
	"textures": {
		"1": "block/aquajetbubbles",
		"3": "block/aquajet",
		"particle": "block/aquajet"
	},
	"elements": [
		{
			"from": [25.49444, 0.07841, 6.5],
			"to": [29.49444, 4.07841, 9.5],
			"rotation": {"angle": 0, "axis": "y", "origin": [23.93809, 25.6642, 16.5]},
			"faces": {
				"north": {"uv": [2.25, 1.5, 3.5, 0.25], "rotation": 90, "texture": "#3"},
				"east": {"uv": [3.5, 0.75, 2.25, 0], "rotation": 270, "texture": "#3"},
				"south": {"uv": [3.5, 1.5, 2.25, 0.25], "rotation": 270, "texture": "#3"},
				"west": {"uv": [3.5, 0.75, 2.25, 1.5], "rotation": 270, "texture": "#3"},
				"up": {"uv": [0, 0, 0.75, 1], "rotation": 270, "texture": "#missing"},
				"down": {"uv": [0, 0, 0.75, 1], "rotation": 270, "texture": "#3"}
			}
		},
		{
			"from": [-13.50556, 0.07841, 6.5],
			"to": [-9.50556, 4.07841, 9.5],
			"rotation": {"angle": 0, "axis": "y", "origin": [23.93809, 25.6642, 16.5]},
			"faces": {
				"north": {"uv": [2.25, 0.25, 3.5, 1.5], "rotation": 90, "texture": "#3"},
				"east": {"uv": [3.5, 0.75, 4.75, 1.5], "rotation": 270, "texture": "#3"},
				"south": {"uv": [3.5, 0.25, 4.75, 1.5], "rotation": 270, "texture": "#3"},
				"west": {"uv": [3.5, 0, 4.75, 0.75], "rotation": 270, "texture": "#3"},
				"up": {"uv": [0, 0, 0.75, 1], "rotation": 270, "texture": "#missing"},
				"down": {"uv": [0, 0, 0.75, 1], "rotation": 270, "texture": "#3"}
			}
		},
		{
			"from": [20.80457, 15.47183, 6.5],
			"to": [24.80457, 19.47183, 9.5],
			"rotation": {"angle": -45, "axis": "z", "origin": [26.58273, 13.56802, 10.5]},
			"faces": {
				"north": {"uv": [3.5, 0.25, 2.25, 1.5], "texture": "#3"},
				"east": {"uv": [0, 0, 1, 0.75], "rotation": 270, "texture": "#3"},
				"south": {"uv": [3.5, 1.5, 4.75, 0.25], "rotation": 180, "texture": "#3"},
				"west": {"uv": [0, 0, 1, 0.75], "rotation": 270, "texture": "#3"},
				"up": {"uv": [3.5, 0, 2.25, 0.75], "rotation": 180, "texture": "#3"},
				"down": {"uv": [3.5, 0.75, 4.75, 1.5], "rotation": 180, "texture": "#3"}
			}
		},
		{
			"from": [7.85, 15.25, 6.5],
			"to": [11.85, 19.25, 9.5],
			"rotation": {"angle": -45, "axis": "z", "origin": [26.68273, 13.06802, 10.5]},
			"faces": {
				"north": {"uv": [2.25, 0.25, 3.5, 1.5], "texture": "#3"},
				"east": {"uv": [0, 0, 1, 0.75], "rotation": 270, "texture": "#3"},
				"south": {"uv": [4.75, 1.5, 3.5, 0.25], "rotation": 180, "texture": "#3"},
				"west": {"uv": [0, 0, 1, 0.75], "rotation": 270, "texture": "#3"},
				"up": {"uv": [2.25, 0, 3.5, 0.75], "rotation": 180, "texture": "#3"},
				"down": {"uv": [4.75, 0.75, 3.5, 1.5], "rotation": 180, "texture": "#3"}
			}
		},
		{
			"from": [3.53479, -10.19923, 6.5],
			"to": [7.53479, -6.19923, 9.5],
			"rotation": {"angle": -45, "axis": "z", "origin": [0.89392, -0.15812, 0]},
			"faces": {
				"north": {"uv": [2.25, 0.25, 3.5, 1.5], "rotation": 180, "texture": "#3"},
				"east": {"uv": [0, 0, 1, 0.75], "rotation": 90, "texture": "#3"},
				"south": {"uv": [4.75, 1.5, 3.5, 0.25], "texture": "#3"},
				"west": {"uv": [0, 0, 1, 0.75], "rotation": 90, "texture": "#3"},
				"up": {"uv": [4.75, 0.75, 3.5, 1.5], "texture": "#3"},
				"down": {"uv": [2.25, 0, 3.5, 0.5], "texture": "#3"}
			}
		},
		{
			"from": [-10.14665, -9.89468, 6.5],
			"to": [-6.14665, -5.89468, 9.5],
			"rotation": {"angle": -45, "axis": "z", "origin": [0.21248, -0.85357, 0]},
			"faces": {
				"north": {"uv": [3.5, 0.25, 2.25, 1.5], "rotation": 180, "texture": "#3"},
				"east": {"uv": [0, 0, 1, 0.75], "rotation": 90, "texture": "#3"},
				"south": {"uv": [3.5, 1.5, 4.75, 0.25], "texture": "#3"},
				"west": {"uv": [0, 0, 1, 0.75], "rotation": 90, "texture": "#3"},
				"up": {"uv": [3.5, 0.75, 4.75, 1.5], "texture": "#3"},
				"down": {"uv": [3.5, 0, 4.75, 0.75], "texture": "#3"}
			}
		},
		{
			"from": [-14.4, 25.5, 5.5],
			"to": [-5.4, 31.5, 10.5],
			"rotation": {"angle": -45, "axis": "z", "origin": [0, -13, 1]},
			"faces": {
				"north": {"uv": [0, 1.5, 2.25, 0], "texture": "#3"},
				"east": {"uv": [1.25, 5.5, 0, 4], "texture": "#3"},
				"south": {"uv": [0, 1.5, 2.25, 0], "texture": "#3"},
				"west": {"uv": [0, 5.5, 1.25, 4], "texture": "#3"},
				"up": {"uv": [0, 1.5, 2.25, 2.75], "texture": "#3"},
				"down": {"uv": [0, 2.75, 2.25, 4], "texture": "#3"}
			}
		},
		{
			"from": [-14.8, -14.35, 5.5],
			"to": [-5.8, -8.35, 10.5],
			"rotation": {"angle": -45, "axis": "z", "origin": [0, -13, 1]},
			"faces": {
				"north": {"uv": [0, 0, 2.25, 1.5], "texture": "#3"},
				"east": {"uv": [0, 0, 1.25, 1.5], "texture": "#3"},
				"south": {"uv": [0, 0, 2.25, 1.5], "texture": "#3"},
				"west": {"uv": [0, 4, 1.25, 5.5], "texture": "#3"},
				"up": {"uv": [0, 2.75, 2.25, 4], "texture": "#3"},
				"down": {"uv": [0, 1.5, 2.25, 2.75], "texture": "#3"}
			}
		},
		{
			"from": [23.5, 4, 5.5],
			"to": [30.5, 15, 10.5],
			"rotation": {"angle": 0, "axis": "y", "origin": [1, -12, 1]},
			"faces": {
				"north": {"uv": [4.75, 1.75, 7.5, 0], "rotation": 90, "texture": "#3"},
				"east": {"uv": [4.75, 3, 7.5, 4.25], "rotation": 90, "texture": "#3"},
				"south": {"uv": [4.75, 0, 7.5, 1.75], "rotation": 90, "texture": "#3"},
				"west": {"uv": [4.75, 1.75, 7.5, 3], "rotation": 90, "texture": "#3"},
				"up": {"uv": [8.75, 0, 7.5, 1.75], "rotation": 90, "texture": "#3"},
				"down": {"uv": [8.75, 0, 7.5, 1.75], "rotation": 90, "texture": "#3"}
			}
		},
		{
			"from": [-14.3, 4, 5.5],
			"to": [-7.3, 15, 10.5],
			"rotation": {"angle": 0, "axis": "y", "origin": [1, -12, 1]},
			"faces": {
				"north": {"uv": [4.75, 1.75, 7.5, 0], "rotation": 270, "texture": "#3"},
				"east": {"uv": [4.75, 1.75, 7.5, 3], "rotation": 90, "texture": "#3"},
				"south": {"uv": [7.5, 1.75, 4.75, 0], "rotation": 90, "texture": "#3"},
				"west": {"uv": [4.75, 3, 7.5, 4.25], "rotation": 90, "texture": "#3"},
				"up": {"uv": [7.5, 1.75, 8.75, 0], "rotation": 90, "texture": "#3"},
				"down": {"uv": [7.5, 1.75, 8.75, 0], "rotation": 90, "texture": "#3"}
			}
		},
		{
			"from": [25.5, 15, 6.5],
			"to": [29.5, 19, 9.5],
			"rotation": {"angle": 0, "axis": "y", "origin": [23.86091, 25.38783, 15.5]},
			"faces": {
				"north": {"uv": [3.5, 1.5, 2.25, 0.25], "rotation": 90, "texture": "#3"},
				"east": {"uv": [2.25, 0, 3.5, 0.75], "rotation": 270, "texture": "#3"},
				"south": {"uv": [4.75, 1.5, 3.5, 0.25], "rotation": 270, "texture": "#3"},
				"west": {"uv": [4.75, 0.75, 3.5, 1.5], "rotation": 270, "texture": "#3"},
				"up": {"uv": [0, 0, 0.75, 1], "rotation": 270, "texture": "#missing"},
				"down": {"uv": [0, 0, 0.75, 1], "rotation": 270, "texture": "#3"}
			}
		},
		{
			"from": [-13.30152, 14.69848, 6.5],
			"to": [-9.30152, 18.69848, 9.5],
			"rotation": {"angle": 0, "axis": "y", "origin": [24.0594, 25.58631, 15.5]},
			"faces": {
				"north": {"uv": [3.5, 0.25, 2.25, 1.5], "rotation": 90, "texture": "#3"},
				"east": {"uv": [4.75, 0.75, 3.5, 1.5], "rotation": 270, "texture": "#3"},
				"south": {"uv": [4.75, 0.25, 3.5, 1.5], "rotation": 270, "texture": "#3"},
				"west": {"uv": [2.25, 0, 3.5, 0.75], "rotation": 270, "texture": "#3"},
				"up": {"uv": [0, 0, 0.75, 1], "rotation": 270, "texture": "#missing"},
				"down": {"uv": [0, 0, 0.75, 1], "rotation": 270, "texture": "#3"}
			}
		},
		{
			"from": [15.25, 2.9, 6.5],
			"to": [19.25, 6.9, 9.5],
			"rotation": {"angle": 45, "axis": "z", "origin": [27.77817, 13.85534, 6.5]},
			"faces": {
				"north": {"uv": [3.5, 1.5, 2.25, 0.25], "texture": "#3"},
				"east": {"uv": [0, 0, 2, 1.5], "rotation": 270, "texture": "#3"},
				"south": {"uv": [2.25, 1.5, 3.5, 0.25], "texture": "#3"},
				"west": {"uv": [0, 0, 2, 1.5], "rotation": 270, "texture": "#3"},
				"up": {"uv": [3.5, 0.75, 2.25, 1.5], "rotation": 180, "texture": "#3"},
				"down": {"uv": [3.5, 0, 2.25, 0.75], "rotation": 180, "texture": "#3"}
			}
		},
		{
			"from": [2.25, 2.9, 6.5],
			"to": [6.25, 6.9, 9.5],
			"rotation": {"angle": 45, "axis": "z", "origin": [27.77817, 13.85534, 6.5]},
			"faces": {
				"north": {"uv": [2.25, 1.5, 3.5, 0.25], "texture": "#3"},
				"east": {"uv": [0, 0, 2, 1.5], "rotation": 270, "texture": "#3"},
				"south": {"uv": [3.5, 1.5, 2.25, 0.25], "texture": "#3"},
				"west": {"uv": [0, 0, 2, 1.5], "rotation": 270, "texture": "#3"},
				"up": {"uv": [2.25, 0.75, 3.5, 1.5], "rotation": 180, "texture": "#3"},
				"down": {"uv": [2.25, 0, 3.5, 0.75], "rotation": 180, "texture": "#3"}
			}
		},
		{
			"from": [3.48705, 18.43786, 6.5],
			"to": [7.48705, 22.43786, 9.5],
			"rotation": {"angle": 45, "axis": "z", "origin": [-0.3934, 0.30257, 0]},
			"faces": {
				"north": {"uv": [4.75, 0.25, 3.5, 1.5], "texture": "#3"},
				"east": {"uv": [0, 0, 1, 0.75], "rotation": 270, "texture": "#3"},
				"south": {"uv": [3.5, 0.25, 2.25, 1.5], "texture": "#3"},
				"west": {"uv": [0, 0, 1, 0.75], "rotation": 270, "texture": "#3"},
				"up": {"uv": [4.75, 0.75, 3.5, 0], "rotation": 180, "texture": "#3"},
				"down": {"uv": [4.75, 0.75, 3.5, 1.5], "rotation": 180, "texture": "#3"}
			}
		},
		{
			"from": [17.21216, 18.76755, 6.5],
			"to": [21.21216, 22.76755, 9.5],
			"rotation": {"angle": 45, "axis": "z", "origin": [0.33171, -0.36774, 0]},
			"faces": {
				"north": {"uv": [3.5, 0.25, 4.75, 1.5], "texture": "#3"},
				"east": {"uv": [0, 0, 1, 0.75], "rotation": 270, "texture": "#3"},
				"south": {"uv": [2.25, 0.25, 3.5, 1.5], "texture": "#3"},
				"west": {"uv": [0, 0, 1, 0.75], "rotation": 270, "texture": "#3"},
				"up": {"uv": [3.5, 0, 4.75, 0.75], "rotation": 180, "texture": "#3"},
				"down": {"uv": [3.5, 0.75, 4.75, 1.5], "rotation": 180, "texture": "#3"}
			}
		},
		{
			"from": [-1.2627, 26.75609, 6.5],
			"to": [2.7373, 30.75609, 9.5],
			"rotation": {"angle": 0, "axis": "z", "origin": [27.26547, 13.71143, 6.5]},
			"faces": {
				"north": {"uv": [4.75, 0.25, 3.5, 1.5], "texture": "#3"},
				"east": {"uv": [0, 0, 1, 0.75], "rotation": 270, "texture": "#3"},
				"south": {"uv": [3.5, 0.25, 4.75, 1.5], "texture": "#3"},
				"west": {"uv": [0, 0, 1, 0.75], "rotation": 270, "texture": "#3"},
				"up": {"uv": [4.75, 0, 3.5, 0.75], "rotation": 180, "texture": "#3"},
				"down": {"uv": [3.5, 1.5, 4.75, 0.75], "texture": "#3"}
			}
		},
		{
			"from": [13.48959, -11.95406, 6.5],
			"to": [17.48959, -7.95406, 9.5],
			"rotation": {"angle": 0, "axis": "z", "origin": [27.01776, 14.00128, 3.5]},
			"faces": {
				"north": {"uv": [3.5, 1.5, 4.75, 0.25], "texture": "#3"},
				"east": {"uv": [0, 0, 1, 0.75], "rotation": 270, "texture": "#3"},
				"south": {"uv": [2.25, 1.5, 3.5, 0.25], "texture": "#3"},
				"west": {"uv": [0, 0, 1, 0.75], "rotation": 270, "texture": "#3"},
				"up": {"uv": [3.5, 0.75, 4.75, 1.5], "rotation": 180, "texture": "#3"},
				"down": {"uv": [3.5, 0, 4.75, 0.75], "rotation": 180, "texture": "#3"}
			}
		},
		{
			"from": [-1.51041, -11.95406, 6.5],
			"to": [2.48959, -7.95406, 9.5],
			"rotation": {"angle": 0, "axis": "z", "origin": [27.01776, 14.00128, 3.5]},
			"faces": {
				"north": {"uv": [4.75, 1.5, 3.5, 0.25], "texture": "#3"},
				"east": {"uv": [0, 0, 1, 0.75], "rotation": 270, "texture": "#3"},
				"south": {"uv": [3.5, 1.5, 2.25, 0.25], "texture": "#3"},
				"west": {"uv": [2.75, 0.75, 3.75, 1.5], "rotation": 270, "texture": "#3"},
				"up": {"uv": [4.75, 0.75, 3.5, 1.5], "rotation": 180, "texture": "#3"},
				"down": {"uv": [4.75, 0, 3.5, 0.75], "rotation": 180, "texture": "#3"}
			}
		},
		{
			"from": [13.7373, 26.75609, 6.5],
			"to": [17.7373, 30.75609, 9.5],
			"rotation": {"angle": 0, "axis": "z", "origin": [27.26547, 13.71143, 6.5]},
			"faces": {
				"north": {"uv": [3.5, 0.25, 4.75, 1.5], "texture": "#3"},
				"east": {"uv": [0, 0, 1, 0.75], "rotation": 270, "texture": "#3"},
				"south": {"uv": [2.25, 0.25, 3.5, 1.5], "texture": "#3"},
				"west": {"uv": [0, 0, 1, 0.75], "rotation": 270, "texture": "#3"},
				"up": {"uv": [3.5, 0, 2.25, 0.75], "rotation": 180, "texture": "#3"},
				"down": {"uv": [3.5, 0.75, 4.75, 1.5], "rotation": 180, "texture": "#3"}
			}
		},
		{
			"from": [17.56173, -7.38406, 5.5],
			"to": [26.56173, -1.38406, 10.5],
			"rotation": {"angle": 45, "axis": "z", "origin": [22.06173, -4.38406, 8]},
			"faces": {
				"north": {"uv": [0, 0, 2.25, 1.5], "texture": "#3"},
				"east": {"uv": [0, 4, 1.25, 5.5], "texture": "#3"},
				"south": {"uv": [0, 0, 2.25, 1.5], "texture": "#3"},
				"west": {"uv": [0, 4, 1.25, 5.5], "texture": "#3"},
				"up": {"uv": [0, 2.75, 2.25, 4], "texture": "#3"},
				"down": {"uv": [0, 1.5, 2.25, 2.75], "texture": "#3"}
			}
		},
		{
			"from": [17, 13.8, 5.5],
			"to": [26, 19.8, 10.5],
			"rotation": {"angle": 45, "axis": "z", "origin": [0, -13, 0]},
			"faces": {
				"north": {"uv": [0, 1.5, 2.25, 0], "texture": "#3"},
				"east": {"uv": [0, 5.5, 1.25, 4], "texture": "#3"},
				"south": {"uv": [0, 1.5, 2.25, 0], "texture": "#3"},
				"west": {"uv": [0, 5.5, 1.25, 4], "texture": "#3"},
				"up": {"uv": [0, 1.5, 2.25, 2.75], "texture": "#3"},
				"down": {"uv": [0, 2.75, 2.25, 4], "texture": "#3"}
			}
		},
		{
			"from": [2.5, -13, 5.5],
			"to": [13.5, -6, 10.5],
			"rotation": {"angle": 0, "axis": "y", "origin": [1, -12, 0]},
			"faces": {
				"north": {"uv": [4.75, 1.75, 7.5, 0], "texture": "#3"},
				"east": {"uv": [7.5, 1.75, 8.75, 0], "texture": "#3"},
				"south": {"uv": [7.5, 1.75, 4.75, 0], "texture": "#3"},
				"west": {"uv": [8.75, 1.75, 7.5, 0], "texture": "#3"},
				"up": {"uv": [4.75, 1.75, 7.5, 3], "texture": "#3"},
				"down": {"uv": [4.75, 3, 7.5, 4.25], "texture": "#3"}
			}
		},
		{
			"from": [2.75, 24.75, 5.5],
			"to": [13.75, 31.75, 10.5],
			"rotation": {"angle": 0, "axis": "y", "origin": [1, -12, 0]},
			"faces": {
				"north": {"uv": [4.75, 0, 7.5, 1.75], "texture": "#3"},
				"east": {"uv": [8.75, 1.75, 7.5, 0], "rotation": 180, "texture": "#3"},
				"south": {"uv": [4.75, 0, 7.5, 1.75], "texture": "#3"},
				"west": {"uv": [7.5, 0, 8.75, 1.75], "texture": "#3"},
				"up": {"uv": [4.75, 3, 7.5, 4.25], "texture": "#3"},
				"down": {"uv": [4.75, 1.75, 7.5, 3], "texture": "#3"}
			}
		},
		{
			"from": [-7.5, -6.5, 8],
			"to": [23.5, 24.5, 8],
			"rotation": {"angle": 0, "axis": "y", "origin": [0, -13, 0]},
			"faces": {
				"north": {"uv": [0, 0, 16, 16], "texture": "#1"},
				"east": {"uv": [0, 0, 0, 8], "texture": "#3"},
				"south": {"uv": [0, 0, 16, 16], "texture": "#1"},
				"west": {"uv": [0, 0, 0, 8], "texture": "#3"},
				"up": {"uv": [0, 0, 8, 0], "texture": "#missing"},
				"down": {"uv": [0, 0, 8, 0], "texture": "#3"}
			}
		}
	],
	"display": {
		"thirdperson_righthand": {
			"rotation": [0, -90, -45],
			"translation": [0.25, -2, -5.25],
			"scale": [0.25, 0.25, 0.25]
		},
		"fixed": {
			"rotation": [-90, 0, 0],
			"translation": [0, 0, -47],
			"scale": [2, 2, 2]
		}
	},
	"groups": [
		{
			"name": "group",
			"origin": [23.93809, 38.6642, 16.5],
			"color": 0,
			"nbt": "{}",
			"children": [
				{
					"name": "group",
					"origin": [8, 8, 8],
					"color": 0,
					"nbt": "{}",
					"children": [
						{
							"name": "group",
							"origin": [3.29289, 3.77817, 3],
							"color": 0,
							"nbt": "{}",
							"children": [0, 1, 2, 3, 4, 5]
						},
						6,
						7,
						8,
						9,
						{
							"name": "group",
							"origin": [8, 8, 8],
							"color": 0,
							"nbt": "{}",
							"children": []
						}
					]
				},
				{
					"name": "group",
					"origin": [8, 8, 8],
					"color": 0,
					"nbt": "{}",
					"children": [
						{
							"name": "group",
							"origin": [3.29289, 3.77817, 3],
							"color": 0,
							"nbt": "{}",
							"children": [10, 11, 12, 13, 14, 15, 16, 17, 18, 19]
						},
						20,
						21,
						22,
						23,
						24
					]
				}
			]
		}
	]
}