{"display":{"thirdperson_righthand":{"rotation":[63,34,0],"translation":[0,1,-1],"scale":[0.37891,0.37891,0.37891]},"thirdperson_lefthand":{"rotation":[63,34,0],"translation":[0,1,-1],"scale":[0.37891,0.37891,0.37891]},"firstperson_righthand":{"rotation":[3,112,-13],"translation":[9.5,0,-5.75],"scale":[0.35547,0.35547,0.35547]},"firstperson_lefthand":{"rotation":[3,112,-13],"translation":[9.5,0,-5.75],"scale":[0.35547,0.35547,0.35547]},"ground":{"translation":[0,4.25,0],"scale":[0.28906,0.28906,0.28906]},"gui":{"rotation":[30,-158,0],"translation":[-0.25,-0.25,0],"scale":[0.56992,0.56992,0.56992]},"head":{"translation":[0,-17.75,-38.25],"scale":[3.2,3.2,3.2]},"fixed":{"translation":[0,-3.25,-7.5]}},"texture_size":[128,128],"textures":{"0":"minecraft:block/finish","particle":"mcs:item/cit/finish"},"elements":[{"from":[8,-16,-8],"to":[8,32,16.5],"rotation":{"angle":0,"axis":"y","origin":[11.5,24,8]},"faces":{"north":{"uv":[1.875,2.125,3.625,10.125],"texture":"#0"},"east":{"uv":[5.625,0,11.75,12],"texture":"#0"},"south":{"uv":[1.875,2.125,3.625,10.125],"texture":"#0"},"west":{"uv":[11.75,0,5.625,12],"texture":"#0"},"up":{"uv":[0,0,1,1],"rotation":90,"texture":"#missing"},"down":{"uv":[0,0,1,1],"rotation":270,"texture":"#missing"}}},{"from":[4.5,-8,16.5],"to":[11.5,24,23.5],"rotation":{"angle":0,"axis":"y","origin":[8,24,8]},"faces":{"north":{"uv":[0,2.125,1.75,10.125],"texture":"#0"},"east":{"uv":[0,2.125,1.75,10.125],"texture":"#0"},"south":{"uv":[0,2.125,1.75,10.125],"texture":"#0"},"west":{"uv":[0,2.125,1.75,10.125],"texture":"#0"},"up":{"uv":[0,0,1,1],"rotation":90,"texture":"#missing"},"down":{"uv":[0,0,1,1],"rotation":270,"texture":"#missing"}}},{"from":[4,24,16],"to":[12,32,24],"rotation":{"angle":0,"axis":"y","origin":[4,0,4]},"faces":{"north":{"uv":[0,0,2,2],"texture":"#0"},"east":{"uv":[0,0,2,2],"texture":"#0"},"south":{"uv":[0,0,2,2],"texture":"#0"},"west":{"uv":[0,0,2,2],"texture":"#0"},"up":{"uv":[0,0.375,0.125,0.5],"texture":"#0"},"down":{"uv":[0,0.375,0.125,0.5],"texture":"#0"}}},{"from":[4,-16,16],"to":[12,-8,24],"rotation":{"angle":0,"axis":"y","origin":[4,0,4]},"faces":{"north":{"uv":[0,0,2,2],"texture":"#0"},"east":{"uv":[0,0,2,2],"texture":"#0"},"south":{"uv":[0,0,2,2],"texture":"#0"},"west":{"uv":[0,0,2,2],"texture":"#0"},"up":{"uv":[0,0.375,0.125,0.5],"texture":"#0"},"down":{"uv":[0,0.375,0.125,0.5],"texture":"#0"}}}]}