{
	"credit": "Made with Blockbench",
	"textures": {
		"0": "item/cit/rocket_launcher/rocket_launcher",
		"particle": "item/cit/rocket_launcher/rocket_launcher"
	},
	"elements": [
		{
			"from": [5, 7, 0],
			"to": [11, 13, 15],
			"rotation": {"angle": 0, "axis": "y", "origin": [7.66667, 3.03452, 6.79289]},
			"faces": {
				"north": {"uv": [1.375, 1.5, 1.5, 1.625], "texture": "#0"},
				"east": {"uv": [0.75, 0, 2.625, 0.75], "texture": "#0"},
				"west": {"uv": [2.625, 0, 0.75, 0.75], "texture": "#0"},
				"up": {"uv": [1.125, 2.75, 3, 2], "rotation": 90, "texture": "#0"},
				"down": {"uv": [1.125, 3.5, 3, 2.75], "rotation": 90, "texture": "#0"}
			}
		},
		{
			"from": [5, 7, 1],
			"to": [11, 13, 1],
			"rotation": {"angle": 0, "axis": "y", "origin": [7.66667, 3.03452, 6.79289]},
			"faces": {
				"north": {"uv": [3.125, 3.5, 3.875, 4.25], "texture": "#0"},
				"east": {"uv": [0.75, 0, 2.625, 0.75], "texture": "#0"},
				"south": {"uv": [3.125, 3.5, 3.875, 4.25], "texture": "#0"},
				"west": {"uv": [2.625, 0, 0.75, 0.75], "texture": "#0"},
				"up": {"uv": [1.125, 2.75, 3, 2], "rotation": 90, "texture": "#0"},
				"down": {"uv": [1.125, 3.5, 3, 2.75], "rotation": 90, "texture": "#0"}
			}
		},
		{
			"from": [3, 8.5, 8],
			"to": [13, 11.5, 15],
			"rotation": {"angle": 0, "axis": "y", "origin": [7.66667, 3.03452, 6.79289]},
			"faces": {
				"north": {"uv": [8.625, 0, 8.75, 0.375], "texture": "#0"},
				"east": {"uv": [9.5, 0.5, 8.625, 0.875], "texture": "#0"},
				"south": {"uv": [8.625, 0, 8.75, 0.375], "texture": "#0"},
				"west": {"uv": [8.625, 0.5, 9.5, 0.875], "texture": "#0"},
				"up": {"uv": [2, 4.625, 3.25, 5.5], "texture": "#0"},
				"down": {"uv": [2, 5.875, 0.75, 5], "texture": "#0"}
			}
		},
		{
			"from": [7, 9, -5],
			"to": [9, 11, 6],
			"rotation": {"angle": 0, "axis": "y", "origin": [7.66667, 3.03452, 6.79289]},
			"faces": {
				"north": {"uv": [8, 0.125, 8.125, 0.25], "texture": "#0"},
				"east": {"uv": [6.75, 0.25, 8.25, 0], "texture": "#0"},
				"south": {"uv": [7.5, 0.125, 7.625, 0.25], "texture": "#0"},
				"west": {"uv": [8.25, 0, 6.75, 0.25], "texture": "#0"},
				"up": {"uv": [8.25, 0.25, 6.75, 0], "rotation": 90, "texture": "#0"},
				"down": {"uv": [6.75, 0, 8.25, 0.25], "rotation": 90, "texture": "#0"}
			}
		},
		{
			"from": [7, 7.5, 6],
			"to": [9, 12.5, 10],
			"rotation": {"angle": 0, "axis": "y", "origin": [8, 10, -9.5]},
			"faces": {
				"north": {"uv": [7.125, 0.25, 7.25, 0.375], "texture": "#0"},
				"east": {"uv": [6.75, 0.25, 7.25, 0.875], "texture": "#0"},
				"south": {"uv": [6.75, 0.25, 6.875, 0.875], "texture": "#0"},
				"west": {"uv": [7.25, 0.25, 6.75, 0.875], "texture": "#0"},
				"up": {"uv": [6.75, 0.875, 7, 1.375], "texture": "#0"},
				"down": {"uv": [6.75, 1.375, 7, 0.875], "texture": "#0"}
			}
		},
		{
			"from": [6, 8, -2],
			"to": [10, 12, 0],
			"rotation": {"angle": 0, "axis": "y", "origin": [7.66667, 3.03452, 6.79289]},
			"faces": {
				"north": {"uv": [8, 0.25, 8.5, 0.75], "texture": "#0"},
				"east": {"uv": [7.25, 0.25, 7.5, 0.75], "texture": "#0"},
				"south": {"uv": [8, 0.25, 8.5, 0.75], "texture": "#0"},
				"west": {"uv": [7.5, 0.25, 7.25, 0.75], "texture": "#0"},
				"up": {"uv": [8, 0.25, 7.5, 0.5], "texture": "#0"},
				"down": {"uv": [8, 0.5, 7.5, 0.75], "texture": "#0"}
			}
		},
		{
			"from": [6, 8, 4],
			"to": [10, 12, 6],
			"rotation": {"angle": 0, "axis": "y", "origin": [7.66667, 3.03452, 6.79289]},
			"faces": {
				"north": {"uv": [8, 0.25, 8.5, 0.75], "texture": "#0"},
				"east": {"uv": [7.25, 0.25, 7.5, 0.75], "texture": "#0"},
				"south": {"uv": [8, 0.25, 8.5, 0.75], "texture": "#0"},
				"west": {"uv": [7.5, 0.25, 7.25, 0.75], "texture": "#0"},
				"up": {"uv": [8, 0.25, 7.5, 0.5], "texture": "#0"},
				"down": {"uv": [8, 0.5, 7.5, 0.75], "texture": "#0"}
			}
		},
		{
			"from": [8, 6, -9],
			"to": [8, 14, -2],
			"rotation": {"angle": 0, "axis": "y", "origin": [7.66667, 3.03452, 6.79289]},
			"faces": {
				"north": {"uv": [1.375, 0.875, 0.375, 1.875], "texture": "#0"},
				"east": {"uv": [5.75, 0, 6.625, 1], "texture": "#0"},
				"south": {"uv": [1, 1.875, 0, 2.875], "texture": "#0"},
				"west": {"uv": [6.625, 0, 5.75, 1], "texture": "#0"},
				"up": {"uv": [2, 2.25, 1, 2.625], "texture": "#0"},
				"down": {"uv": [2, 1.875, 1, 2.25], "texture": "#0"}
			}
		},
		{
			"from": [4, 6, 13],
			"to": [12, 14, 16],
			"rotation": {"angle": 0, "axis": "y", "origin": [8, 10, 14]},
			"faces": {
				"north": {"uv": [2, 3.875, 1, 4.875], "texture": "#0", "tintindex": 0},
				"east": {"uv": [0, 1.125, 0.375, 2.125], "texture": "#0", "tintindex": 0},
				"south": {"uv": [1, 3.625, 0, 4.625], "texture": "#0", "tintindex": 0},
				"west": {"uv": [0.375, 1.125, 0, 2.125], "texture": "#0", "tintindex": 0},
				"up": {"uv": [2, 3.5, 1, 3.875], "texture": "#0", "tintindex": 0},
				"down": {"uv": [1, 3.25, 0, 3.625], "texture": "#0", "tintindex": 0}
			}
		},
		{
			"from": [2.92157, 8, 13.48223],
			"to": [5.92157, 12, 13.48223],
			"rotation": {"angle": 45, "axis": "y", "origin": [8, 10, 17.06066]},
			"faces": {
				"north": {"uv": [0.75, 1.125, 0.375, 1.625], "texture": "#0", "tintindex": 0},
				"east": {"uv": [3, 2.375, 2, 2.875], "rotation": 270, "texture": "#0", "tintindex": 0},
				"south": {"uv": [0.375, 1.125, 0.75, 1.625], "texture": "#0", "tintindex": 0},
				"west": {"uv": [3, 1.875, 2, 2.375], "rotation": 270, "texture": "#0", "tintindex": 0},
				"up": {"uv": [1.875, 0.875, 1.375, 1.875], "rotation": 270, "texture": "#0", "tintindex": 0},
				"down": {"uv": [1.875, 0.875, 1.375, 1.875], "rotation": 270, "texture": "#0", "tintindex": 0}
			}
		},
		{
			"from": [10.07843, 8, 13.48223],
			"to": [13.07843, 12, 13.48223],
			"rotation": {"angle": -45, "axis": "y", "origin": [8, 10, 17.06066]},
			"faces": {
				"north": {"uv": [0.375, 1.125, 0.75, 1.625], "texture": "#0", "tintindex": 0},
				"east": {"uv": [3, 2.375, 2, 1.875], "rotation": 270, "texture": "#0", "tintindex": 0},
				"south": {"uv": [0.75, 1.125, 0.375, 1.625], "texture": "#0", "tintindex": 0},
				"west": {"uv": [3, 2.875, 2, 2.375], "rotation": 270, "texture": "#0", "tintindex": 0},
				"up": {"uv": [1.875, 1.875, 1.375, 0.875], "rotation": 270, "texture": "#0", "tintindex": 0},
				"down": {"uv": [1.875, 1.875, 1.375, 0.875], "rotation": 270, "texture": "#0", "tintindex": 0}
			}
		},
		{
			"from": [6, 12.07843, 13.48223],
			"to": [10, 15.07843, 13.48223],
			"rotation": {"angle": 45, "axis": "x", "origin": [8, 10, 17.06066]},
			"faces": {
				"north": {"uv": [0.375, 1.125, 0.75, 1.625], "rotation": 90, "texture": "#0", "tintindex": 0},
				"east": {"uv": [1.875, 1.875, 1.375, 0.875], "rotation": 180, "texture": "#0", "tintindex": 0},
				"south": {"uv": [0.75, 1.125, 0.375, 1.625], "rotation": 270, "texture": "#0", "tintindex": 0},
				"west": {"uv": [1.875, 1.875, 1.375, 0.875], "rotation": 180, "texture": "#0", "tintindex": 0},
				"up": {"uv": [3, 2.375, 2, 1.875], "rotation": 180, "texture": "#0", "tintindex": 0},
				"down": {"uv": [3, 2.875, 2, 2.375], "rotation": 180, "texture": "#0", "tintindex": 0}
			}
		},
		{
			"from": [6, 4.92157, 13.48223],
			"to": [10, 7.92157, 13.48223],
			"rotation": {"angle": -45, "axis": "x", "origin": [8, 10, 17.06066]},
			"faces": {
				"north": {"uv": [0.75, 1.125, 0.375, 1.625], "rotation": 90, "texture": "#0", "tintindex": 0},
				"east": {"uv": [1.875, 0.875, 1.375, 1.875], "rotation": 180, "texture": "#0", "tintindex": 0},
				"south": {"uv": [0.375, 1.125, 0.75, 1.625], "rotation": 270, "texture": "#0", "tintindex": 0},
				"west": {"uv": [1.875, 0.875, 1.375, 1.875], "rotation": 180, "texture": "#0", "tintindex": 0},
				"up": {"uv": [3, 2.375, 2, 2.875], "rotation": 180, "texture": "#0", "tintindex": 0},
				"down": {"uv": [3, 1.875, 2, 2.375], "rotation": 180, "texture": "#0", "tintindex": 0}
			}
		},
		{
			"from": [3.49, 5.5, 2],
			"to": [12.49, 14.5, 8],
			"rotation": {"angle": 0, "axis": "y", "origin": [7.99, 10, 14]},
			"faces": {
				"north": {"uv": [0, 2.125, 1.125, 3.25], "texture": "#0", "tintindex": 0},
				"east": {"uv": [0, 0, 0.75, 1.125], "texture": "#0", "tintindex": 0},
				"south": {"uv": [3.125, 3.5, 2, 4.625], "texture": "#0", "tintindex": 0},
				"west": {"uv": [0.75, 0, 0, 1.125], "texture": "#0", "tintindex": 0},
				"up": {"uv": [0.75, 1.25, 1.875, 2], "texture": "#0", "tintindex": 0},
				"down": {"uv": [4.125, 2.75, 3, 3.5], "texture": "#0", "tintindex": 0}
			}
		},
		{
			"from": [6, 4, 3],
			"to": [10, 7, 11],
			"rotation": {"angle": 0, "axis": "y", "origin": [7.99, 10, 14]},
			"faces": {
				"north": {"uv": [1, 4.625, 0.5, 5], "texture": "#0", "tintindex": 0},
				"east": {"uv": [0.75, 0.75, 1.75, 1.125], "texture": "#0", "tintindex": 0},
				"south": {"uv": [1, 4.625, 0.5, 5], "texture": "#0", "tintindex": 0},
				"west": {"uv": [1.75, 0.75, 0.75, 1.125], "texture": "#0", "tintindex": 0},
				"up": {"uv": [1.375, 1.625, 1.5, 1.75], "texture": "#0", "tintindex": 0},
				"down": {"uv": [0.5, 4.625, 0, 5.625], "texture": "#0", "tintindex": 0}
			}
		},
		{
			"from": [3.49, 5.5, 2],
			"to": [12.49, 14.5, 8],
			"rotation": {"angle": 0, "axis": "y", "origin": [7.99, 10, 14]},
			"faces": {
				"north": {"uv": [1.375, 1.625, 1.5, 1.75], "texture": "#0"},
				"east": {"uv": [2.875, 0, 3.625, 1.125], "texture": "#0"},
				"south": {"uv": [1.375, 1.625, 1.5, 1.75], "texture": "#0"},
				"west": {"uv": [3.625, 0, 2.875, 1.125], "texture": "#0"},
				"up": {"uv": [1.375, 1.625, 1.5, 1.75], "texture": "#0"},
				"down": {"uv": [1.375, 1.625, 1.5, 1.75], "texture": "#0"}
			}
		},
		{
			"from": [6, 4, 3],
			"to": [10, 7, 11],
			"rotation": {"angle": 0, "axis": "y", "origin": [7.99, 10, 14]},
			"faces": {
				"north": {"uv": [1.375, 1.625, 1.5, 1.75], "texture": "#0"},
				"east": {"uv": [0, 6.125, 1, 6.5], "texture": "#0"},
				"south": {"uv": [1.375, 1.625, 1.5, 1.75], "texture": "#0"},
				"west": {"uv": [1, 6.125, 0, 6.5], "texture": "#0"},
				"up": {"uv": [1.375, 1.625, 1.5, 1.75], "texture": "#0"},
				"down": {"uv": [1.375, 1.625, 1.5, 1.75], "texture": "#0"}
			}
		},
		{
			"from": [6, 14, 3],
			"to": [10, 16, 6],
			"rotation": {"angle": 0, "axis": "y", "origin": [7.99, 10, 14]},
			"faces": {
				"north": {"uv": [2.625, 0.75, 2.125, 1], "texture": "#0", "tintindex": 0},
				"east": {"uv": [1.75, 0.75, 2.125, 1], "texture": "#0", "tintindex": 0},
				"south": {"uv": [2.25, 1, 1.75, 1.25], "texture": "#0", "tintindex": 0},
				"west": {"uv": [2.125, 0.75, 1.75, 1], "texture": "#0", "tintindex": 0},
				"up": {"uv": [2.25, 1, 2.75, 1.375], "texture": "#0", "tintindex": 0},
				"down": {"uv": [3, 2.375, 2, 2.875], "texture": "#0", "tintindex": 0}
			}
		},
		{
			"from": [11, 13, 15],
			"to": [5, 7, 0],
			"rotation": {"angle": 0, "axis": "y", "origin": [7.66667, 3.03452, 6.79289]},
			"faces": {
				"east": {"uv": [2.625, 0.75, 0.75, 0], "texture": "#0"},
				"south": {"uv": [1.375, 1.625, 1.5, 1.5], "texture": "#0"},
				"west": {"uv": [0.75, 0.75, 2.625, 0], "texture": "#0"},
				"up": {"uv": [1.125, 2.75, 3, 3.5], "rotation": 90, "texture": "#0"},
				"down": {"uv": [1.125, 2, 3, 2.75], "rotation": 90, "texture": "#0"}
			}
		}
	],
	"gui_light": "front",
	"display": {
		"thirdperson_righthand": {
			"rotation": [0, 0, 1],
			"translation": [-0.25, -3.25, 1.25],
			"scale": [0.85, 0.85, 0.85]
		},
		"thirdperson_lefthand": {
			"rotation": [0, 0, 1],
			"translation": [-0.25, -3.25, 1.25],
			"scale": [0.85, 0.85, 0.85]
		},
		"firstperson_righthand": {
			"rotation": [7.07, 6.13, -0.85],
			"translation": [-1, 4.75, 3.75],
			"scale": [0.31445, 0.31445, 0.31445]
		},
		"firstperson_lefthand": {
			"rotation": [7.07, 6.13, -0.85],
			"translation": [-1, 4.75, 3.75],
			"scale": [0.31445, 0.31445, 0.31445]
		},
		"gui": {
			"rotation": [136.6, -41.16, 113.93],
			"translation": [0.25, -0.75, 0],
			"scale": [0.60938, 0.60938, 0.60938]
		}
	}
}