{
	"credit": "Made with Blockbench",
	"textures": {
		"0": "item/cit/warnings",
		"particle": "item/cit/warnings"
	},
	"elements": [
		{
			"from": [-11.44, -11.44, 8],
			"to": [27.44, 27.44, 8],
			"rotation": {"angle": 0, "axis": "y", "origin": [1.52, 1.52, 1.52]},
			"faces": {
				"north": {"uv": [5.75, 0, 11.75, 6], "texture": "#0"},
				"east": {"uv": [0, 0, 1, 1], "texture": "#0"},
				"south": {"uv": [5.75, 0, 11.75, 6], "texture": "#0"},
				"west": {"uv": [0, 0, 1, 1], "texture": "#0"},
				"up": {"uv": [0, 0, 1, 1], "texture": "#0"},
				"down": {"uv": [0, 0, 1, 1], "texture": "#0"}
			}
		}
	],
	"display": {
		"head": {
			"translation": [0, -6.75, 0],
			"scale": [4, 4, 4]
		}
	}
}