{
	"parent": "item/generated",
	"textures": {
		"layer0": "minecraft:item/blue_stained_glass_pane"
	},
	"overrides": [
		{
			"predicate": {
				"custom_model_data": 1
			},
			"model": "item/animated_java_empty"
		},
		{
			"predicate": {
				"custom_model_data": 2
			},
			"model": "animated_java:item/blueheater/bottom"
		},
		{
			"predicate": {
				"custom_model_data": 3
			},
			"model": "animated_java:item/blueheater/top"
		},
		{
			"predicate": {
				"custom_model_data": 4
			},
			"model": "animated_java:item/blueheater/bone"
		},
		{
			"predicate": {
				"custom_model_data": 5
			},
			"model": "animated_java:item/blueheater/bone2"
		},
		{
			"predicate": {
				"custom_model_data": 6
			},
			"model": "animated_java:item/blueheater/bone3"
		},
		{
			"predicate": {
				"custom_model_data": 7
			},
			"model": "animated_java:item/blueheater/bone4"
		},
		{
			"predicate": {
				"custom_model_data": 8
			},
			"model": "animated_java:item/blueheater/bone5"
		},
		{
			"predicate": {
				"custom_model_data": 9
			},
			"model": "animated_java:item/blueheater/bone6"
		},
		{
			"predicate": {
				"custom_model_data": 10
			},
			"model": "animated_java:item/blueheater/bone7"
		},
		{
			"predicate": {
				"custom_model_data": 11
			},
			"model": "animated_java:item/blueheater/sideheat"
		}
	],
	"animated_java": {
		"rigs": {
			"blueheater": {
				"used_ids": [
					2,
					3,
					4,
					5,
					6,
					7,
					8,
					9,
					10,
					11
				]
			}
		}
	}
}