{
  "parent": "minecraft:item/handheld",
  "textures": {
    "layer0": "minecraft:item/leather_horse_armor"
  },
  "overrides": [
    {
      "predicate": {"custom_model_data": 1},
      "model": "item/customitems/player"
    },
    {
      "predicate": {"custom_model_data": 100000},
      "model": "item/customitems/heater_1"
    },
    {
      "predicate": {"custom_model_data": 100001},
      "model": "item/customitems/heater_2"
    },
    {
      "predicate": {"custom_model_data": 100002},
      "model": "item/customitems/heater_3"
    },
    {
      "predicate": {"custom_model_data": 100003},
      "model": "item/customitems/heater_deployed"
    },
    {
      "predicate": {"custom_model_data": 100004},
      "model": "item/customitems/heater_deployed_2"
    },
    {
      "predicate": {"custom_model_data": 100005},
      "model": "item/customitems/heater_deployed_3"
    },
    {
      "predicate": {"custom_model_data": 100006},
      "model": "item/customitems/heater_deployed_4"
    }
  ]
}