{
  "parent": "minecraft:item/handheld",
  "textures": {
    "layer0": "minecraft:item/popped_chorus_fruit"
  },
  "overrides": [
    {
      "predicate": {"custom_model_data": 99},
      "model": "item/customitems/empty"
    },
    {
      "predicate": {"custom_model_data": 100},
      "model": "item/customitems/checkmark"
    },
    {
      "predicate": {"custom_model_data": 101},
      "model": "item/customitems/skull"
    },
    {
      "predicate": {"custom_model_data": 102},
      "model": "item/customitems/settings"
    },
    {
      "predicate": {"custom_model_data": 103},
      "model": "item/customitems/redrabbits"
    },
    {
      "predicate": {"custom_model_data": 104},
      "model": "item/customitems/orangeocelots"
    },
    {
      "predicate": {"custom_model_data": 105},
      "model": "item/customitems/yellowyaks"
    },
    {
      "predicate": {"custom_model_data": 106},
      "model": "item/customitems/limellamas"
    },
    {
      "predicate": {"custom_model_data": 107},
      "model": "item/customitems/greengeckos"
    },
    {
      "predicate": {"custom_model_data": 108},
      "model": "item/customitems/cyancoyotes"
    },
    {
      "predicate": {"custom_model_data": 109},
      "model": "item/customitems/aquaaxolotls"
    },
    {
      "predicate": {"custom_model_data": 110},
      "model": "item/customitems/bluebats"
    },
    {
      "predicate": {"custom_model_data": 111},
      "model": "item/customitems/purplepandas"
    },
    {
      "predicate": {"custom_model_data": 112},
      "model": "item/customitems/pinkparrots"
    },
    {
      "predicate": {"custom_model_data": 113},
      "model": "item/customitems/spectators"
    },
    {
      "predicate": {"custom_model_data": 114},
      "model": "item/customitems/plus"
    },
    {
      "predicate": {"custom_model_data": 115},
      "model": "item/customitems/minus"
    },
    {
      "predicate": {"custom_model_data": 116},
      "model": "item/customitems/cancel"
    },
    {
      "predicate": {"custom_model_data": 117},
      "model": "item/customitems/coin"
    },
    {
      "predicate": {"custom_model_data": 118},
      "model": "item/customitems/player"
    },
    {
      "predicate": {"custom_model_data": 119},
      "model": "item/customitems/playicon"
    },
    {
      "predicate": {"custom_model_data": 120},
      "model": "item/customitems/plobby"
    },
    {
      "predicate": {"custom_model_data": 121},
      "model": "item/customitems/social"
    },
    {
      "predicate": {"custom_model_data": 122},
      "model": "item/customitems/decisiondome"
    },
    {
      "predicate": {"custom_model_data": 123},
      "model": "item/customitems/selectedmap"
    },
    {
      "predicate": {"custom_model_data": 124},
      "model": "item/customitems/unselectedmap"
    },
    {
      "predicate": {"custom_model_data": 125},
      "model": "item/customitems/acerace"
    },
    {
      "predicate": {"custom_model_data": 126},
      "model": "item/customitems/bb"
    },
    {
      "predicate": {"custom_model_data": 127},
      "model": "item/customitems/pkw"
    },
    {
      "predicate": {"custom_model_data": 128},
      "model": "item/customitems/move"
    },
    {
      "predicate": {"custom_model_data": 129},
      "model": "item/customitems/sb"
    },
    {
      "predicate": {"custom_model_data": 130},
      "model": "item/customitems/hitw"
    },
    {
      "predicate": {"custom_model_data": 131},
      "model": "item/customitems/md"
    },
    {
      "predicate": {"custom_model_data": 132},
      "model": "item/customitems/pt"
    },
    {
      "predicate": {"custom_model_data": 500},
      "model": "item/customitems/addbutton"
    },
    {
      "predicate": {"custom_model_data": 501},
      "model": "item/customitems/addpressed"
    },
    {
      "predicate": {"custom_model_data": 502},
      "model": "item/customitems/joinbutton"
    },
    {
      "predicate": {"custom_model_data": 503},
      "model": "item/customitems/joinpressed"
    },
    {
      "predicate": {"custom_model_data": 504},
      "model": "item/customitems/playbutton"
    },
    {
      "predicate": {"custom_model_data": 505},
      "model": "item/customitems/playpressed"
    },
    {
      "predicate": {"custom_model_data": 506},
      "model": "item/customitems/leavebutton"
    },
    {
      "predicate": {"custom_model_data": 507},
      "model": "item/customitems/leavepressed"
    },
    {
      "predicate": {"custom_model_data": 508},
      "model": "item/customitems/mapsbutton"
    },
    {
      "predicate": {"custom_model_data": 509},
      "model": "item/customitems/mapspressed"
    },
    {
      "predicate": {"custom_model_data": 510},
      "model": "item/customitems/removebutton"
    },
    {
      "predicate": {"custom_model_data": 511},
      "model": "item/customitems/removepressed"
    },
    {
      "predicate": {"custom_model_data": 512},
      "model": "item/customitems/resetbutton"
    },
    {
      "predicate": {"custom_model_data": 513},
      "model": "item/customitems/resetpressed"
    },
    {
      "predicate": {"custom_model_data": 514},
      "model": "item/customitems/gamesbutton"
    },
    {
      "predicate": {"custom_model_data": 515},
      "model": "item/customitems/gamespressed"
    },
    {
      "predicate": {"custom_model_data": 516},
      "model": "item/customitems/continuebutton"
    },
    {
      "predicate": {"custom_model_data": 517},
      "model": "item/customitems/continuepressed"
    },
    {
      "predicate": {"custom_model_data": 518},
      "model": "item/customitems/pausebutton"
    },
    {
      "predicate": {"custom_model_data": 519},
      "model": "item/customitems/pausepressed"
    },
    {
      "predicate": {"custom_model_data": 520},
      "model": "item/customitems/discordbutton"
    },
    {
      "predicate": {"custom_model_data": 521},
      "model": "item/customitems/discordpressed"
    },
    {
      "predicate": {"custom_model_data": 100000},
      "model": "item/customitems/ice0"
    },
    {
      "predicate": {"custom_model_data": 100001},
      "model": "item/customitems/ice25"
    },
    {
      "predicate": {"custom_model_data": 100002},
      "model": "item/customitems/ice50"
    },
    {
      "predicate": {"custom_model_data": 100003},
      "model": "item/customitems/ice75"
    },
    {
      "predicate": {"custom_model_data": 100004},
      "model": "item/customitems/ice_melted"
    },
    {
      "predicate": {"custom_model_data": 100005},
      "model": "item/customitems/broken_ice"
    }
  ]
}