{"click":{"sounds":["mcs:click1","mcs:click2","mcs:click3"]}
,"dd":{"sounds":["mcs:dd"]}
,"dunk":{"sounds":["mcs:dunk"]}
,"gameendmusic":{"sounds":["mcs:gameendmusic"]}
,"gamereveal":{"sounds":["mcs:gamereveal"]}
,"gameselected":{"sounds":["mcs:gameselected"]}
,"hole":{"sounds":["mcs:hole"]}
,"hub":{"sounds":["mcs:hub"]}
,"intro":{"sounds":["mcs:intro"]}
,"multi":{"sounds":["mcs:multi"]}
,"newgamesreveal":{"sounds":["mcs:newgamesreveal"]}
,"ready":{"sounds":["mcs:ready"]}
,"smth":{"sounds":["mcs:smth"]}
,"tick":{"sounds":["mcs:tick"]}
,"walkofffame":{"sounds":["mcs:walkofffame"]}
,"pop":{"sounds":["mcs:pop"]}
,"ddspin":{"sounds":["mcs:ddspin"]}
,"readycheck":{"sounds":["mcs:readycheck"]}}