{
	"parent": "item/generated",
	"textures": {
		"layer0": "minecraft:item/red_stained_glass_pane"
	},
	"overrides": [
		{
			"predicate": {
				"custom_model_data": 1
			},
			"model": "item/animated_java_empty"
		},
		{
			"predicate": {
				"custom_model_data": 2
			},
			"model": "animated_java:item/heater/bottom"
		},
		{
			"predicate": {
				"custom_model_data": 3
			},
			"model": "animated_java:item/heater/top"
		},
		{
			"predicate": {
				"custom_model_data": 4
			},
			"model": "animated_java:item/heater/heat0"
		},
		{
			"predicate": {
				"custom_model_data": 5
			},
			"model": "animated_java:item/heater/heat1"
		},
		{
			"predicate": {
				"custom_model_data": 6
			},
			"model": "animated_java:item/heater/heat2"
		},
		{
			"predicate": {
				"custom_model_data": 7
			},
			"model": "animated_java:item/heater/heat3"
		},
		{
			"predicate": {
				"custom_model_data": 8
			},
			"model": "animated_java:item/heater/sideheat"
		},
		{
			"predicate": {
				"custom_model_data": 9
			},
			"model": "animated_java:item/heater/noheat1"
		},
		{
			"predicate": {
				"custom_model_data": 10
			},
			"model": "animated_java:item/heater/noheat2"
		},
		{
			"predicate": {
				"custom_model_data": 11
			},
			"model": "animated_java:item/heater/noheat3"
		},
		{
			"predicate": {
				"custom_model_data": 12
			},
			"model": "animated_java:item/mdheater/bottom"
		},
		{
			"predicate": {
				"custom_model_data": 13
			},
			"model": "animated_java:item/mdheater/top"
		},
		{
			"predicate": {
				"custom_model_data": 14
			},
			"model": "animated_java:item/mdheater/bone"
		},
		{
			"predicate": {
				"custom_model_data": 15
			},
			"model": "animated_java:item/mdheater/bone2"
		},
		{
			"predicate": {
				"custom_model_data": 16
			},
			"model": "animated_java:item/mdheater/bone3"
		},
		{
			"predicate": {
				"custom_model_data": 17
			},
			"model": "animated_java:item/mdheater/bone4"
		},
		{
			"predicate": {
				"custom_model_data": 18
			},
			"model": "animated_java:item/mdheater/bone5"
		},
		{
			"predicate": {
				"custom_model_data": 19
			},
			"model": "animated_java:item/mdheater/bone6"
		},
		{
			"predicate": {
				"custom_model_data": 20
			},
			"model": "animated_java:item/mdheater/bone7"
		},
		{
			"predicate": {
				"custom_model_data": 21
			},
			"model": "animated_java:item/mdheater/sideheat"
		},
		{
			"predicate": {
				"custom_model_data": 22
			},
			"model": "animated_java:item/red_heater/bottom"
		},
		{
			"predicate": {
				"custom_model_data": 23
			},
			"model": "animated_java:item/red_heater/top"
		},
		{
			"predicate": {
				"custom_model_data": 24
			},
			"model": "animated_java:item/red_heater/bone"
		},
		{
			"predicate": {
				"custom_model_data": 25
			},
			"model": "animated_java:item/red_heater/bone2"
		},
		{
			"predicate": {
				"custom_model_data": 26
			},
			"model": "animated_java:item/red_heater/bone3"
		},
		{
			"predicate": {
				"custom_model_data": 27
			},
			"model": "animated_java:item/red_heater/bone4"
		},
		{
			"predicate": {
				"custom_model_data": 28
			},
			"model": "animated_java:item/red_heater/bone5"
		},
		{
			"predicate": {
				"custom_model_data": 29
			},
			"model": "animated_java:item/red_heater/bone6"
		},
		{
			"predicate": {
				"custom_model_data": 30
			},
			"model": "animated_java:item/red_heater/bone7"
		},
		{
			"predicate": {
				"custom_model_data": 31
			},
			"model": "animated_java:item/red_heater/sideheat"
		},
		{
			"predicate": {
				"custom_model_data": 32
			},
			"model": "animated_java:item/redheater/bottom"
		},
		{
			"predicate": {
				"custom_model_data": 33
			},
			"model": "animated_java:item/redheater/top"
		},
		{
			"predicate": {
				"custom_model_data": 34
			},
			"model": "animated_java:item/redheater/bone"
		},
		{
			"predicate": {
				"custom_model_data": 35
			},
			"model": "animated_java:item/redheater/bone2"
		},
		{
			"predicate": {
				"custom_model_data": 36
			},
			"model": "animated_java:item/redheater/bone3"
		},
		{
			"predicate": {
				"custom_model_data": 37
			},
			"model": "animated_java:item/redheater/bone4"
		},
		{
			"predicate": {
				"custom_model_data": 38
			},
			"model": "animated_java:item/redheater/bone5"
		},
		{
			"predicate": {
				"custom_model_data": 39
			},
			"model": "animated_java:item/redheater/bone6"
		},
		{
			"predicate": {
				"custom_model_data": 40
			},
			"model": "animated_java:item/redheater/bone7"
		},
		{
			"predicate": {
				"custom_model_data": 41
			},
			"model": "animated_java:item/redheater/sideheat"
		}
	],
	"animated_java": {
		"rigs": {
			"heater": {
				"used_ids": [
					2,
					3,
					4,
					5,
					6,
					7,
					8,
					9,
					10,
					11
				]
			},
			"mdheater": {
				"used_ids": [
					12,
					13,
					14,
					15,
					16,
					17,
					18,
					19,
					20,
					21
				]
			},
			"red_heater": {
				"used_ids": [
					22,
					23,
					24,
					25,
					26,
					27,
					28,
					29,
					30,
					31
				]
			},
			"redheater": {
				"used_ids": [
					32,
					33,
					34,
					35,
					36,
					37,
					38,
					39,
					40,
					41
				]
			}
		}
	}
}