{"variants":{"disarmed=true,attached=true,east=false,north=true,south=true,west=false":[{"model":"block/seafoam_1","y":270}],"disarmed=false,attached=false,east=true,north=true,south=true,west=true":[{"model":"block/tripwire_nsew"}],"disarmed=true,attached=true,east=true,north=false,south=true,west=false":[{"model":"block/seafoam_3","y":90}],"disarmed=false,attached=false,east=true,north=false,south=false,west=true":[{"model":"block/cone","y":90}],"disarmed=true,attached=false,east=true,north=true,south=true,west=true":[{"model":"block/tripwire_nsew"}],"disarmed=true,attached=true,east=true,north=false,south=false,west=true":[{"model":"block/seafoam_1","y":180}],"disarmed=true,attached=false,east=true,north=false,south=true,west=false":[{"model":"block/cone","y":90}],"disarmed=false,attached=true,east=true,north=true,south=false,west=true":[{"model":"block/seafoam_3"}],"disarmed=true,attached=false,east=false,north=true,south=true,west=true":[{"model":"block/bollard","y":180}],"disarmed=false,attached=true,east=false,north=false,south=false,west=false":[{"model":"block/seafoam_4","y":270}],"disarmed=true,attached=false,east=false,north=false,south=true,west=false":[{"model":"block/cone","y":180}],"disarmed=false,attached=true,east=false,north=true,south=false,west=true":[{"model":"block/seafoam_2","y":270}],"disarmed=true,attached=true,east=false,north=false,south=false,west=true":[{"model":"block/seafoam_4","y":180}],"disarmed=false,attached=true,east=true,north=false,south=false,west=true":[{"model":"block/seafoam_1","y":180}],"disarmed=false,attached=false,east=false,north=false,south=true,west=false":[{"model":"block/cone","y":180}],"disarmed=false,attached=false,east=false,north=false,south=true,west=true":[{"model":"block/cone","y":180}],"disarmed=false,attached=false,east=true,north=false,south=true,west=false":[{"model":"block/cone","y":90}],"disarmed=false,attached=false,east=false,north=true,south=true,west=false":[{"model":"block/chimney_vent"}],"disarmed=false,attached=true,east=true,north=false,south=true,west=false":[{"model":"block/seafoam_3","y":90}],"disarmed=false,attached=true,east=true,north=true,south=true,west=true":[{"model":"block/seafoam_1"}],"disarmed=false,attached=true,east=false,north=false,south=false,west=true":[{"model":"block/seafoam_4","y":180}],"disarmed=true,attached=true,east=true,north=true,south=false,west=false":[{"model":"block/seafoam_1","y":90}],"disarmed=false,attached=false,east=false,north=false,south=false,west=false":[{"model":"block/cone"}],"disarmed=false,attached=true,east=true,north=true,south=true,west=false":[{"model":"block/seafoam_2"}],"disarmed=false,attached=true,east=false,north=false,south=true,west=false":[{"model":"block/seafoam_4","y":90}],"disarmed=false,attached=false,east=false,north=true,south=true,west=true":[{"model":"block/bollard","y":180}],"disarmed=true,attached=false,east=true,north=true,south=true,west=false":[{"model":"block/tripwire_nse"}],"disarmed=true,attached=false,east=true,north=true,south=false,west=true":[{"model":"block/tripwire_nse","y":270}],"disarmed=false,attached=true,east=false,north=true,south=true,west=false":[{"model":"block/seafoam_1","y":270}],"disarmed=true,attached=true,east=true,north=true,south=true,west=true":[{"model":"block/seafoam_1"}],"disarmed=false,attached=false,east=false,north=true,south=false,west=true":[{"model":"block/whirlybird_vent","y":270}],"disarmed=false,attached=true,east=false,north=true,south=false,west=false":[{"model":"block/seafoam_3","y":270}],"disarmed=true,attached=false,east=false,north=false,south=false,west=true":[{"model":"block/cone","y":270}],"disarmed=false,attached=true,east=false,north=true,south=true,west=true":[{"model":"block/seafoam_3","y":180}],"disarmed=true,attached=false,east=false,north=true,south=false,west=true":[{"model":"block/whirlybird_vent","y":270}],"disarmed=false,attached=false,east=true,north=true,south=true,west=false":[{"model":"block/tripwire_nse"}],"disarmed=true,attached=true,east=false,north=false,south=false,west=false":[{"model":"block/seafoam_4","y":270}],"disarmed=false,attached=false,east=true,north=true,south=false,west=true":[{"model":"block/tripwire_nse","y":270}],"disarmed=false,attached=false,east=false,north=true,south=false,west=false":[{"model":"block/trash_bag"}],"disarmed=true,attached=false,east=true,north=false,south=false,west=false":[{"model":"block/large_palm_bottom","y":90}],"disarmed=true,attached=true,east=false,north=true,south=false,west=true":[{"model":"block/seafoam_2","y":270}],"disarmed=false,attached=false,east=true,north=false,south=false,west=false":[{"model":"block/large_palm_bottom","y":90}],"disarmed=false,attached=false,east=true,north=true,south=false,west=false":[{"model":"block/snow_layer"}],"disarmed=true,attached=true,east=false,north=true,south=true,west=true":[{"model":"block/seafoam_3","y":180}],"disarmed=true,attached=true,east=false,north=true,south=false,west=false":[{"model":"block/seafoam_3","y":270}],"disarmed=true,attached=true,east=true,north=true,south=true,west=false":[{"model":"block/seafoam_2"}],"disarmed=true,attached=false,east=false,north=true,south=false,west=false":[{"model":"block/trash_bag"}],"disarmed=true,attached=false,east=true,north=true,south=false,west=false":[{"model":"block/snow_layer"}],"disarmed=false,attached=false,east=true,north=false,south=true,west=true":[{"model":"block/street_lamp_top","y":90}],"disarmed=false,attached=true,east=true,north=false,south=false,west=false":[{"model":"block/seafoam_2","y":180}],"disarmed=true,attached=false,east=false,north=true,south=true,west=false":[{"model":"block/chimney_vent"}],"disarmed=false,attached=true,east=false,north=false,south=true,west=true":[{"model":"block/seafoam_4","y":180}],"disarmed=true,attached=false,east=false,north=false,south=false,west=false":[{"model":"block/telegraph"}],"disarmed=false,attached=true,east=true,north=false,south=true,west=true":[{"model":"block/seafoam_2","y":90}],"disarmed=false,attached=false,east=false,north=false,south=false,west=true":[{"model":"block/cone","y":270}],"disarmed=false,attached=true,east=true,north=true,south=false,west=false":[{"model":"block/seafoam_1","y":90}],"disarmed=true,attached=false,east=true,north=false,south=true,west=true":[{"model":"block/street_lamp_top","y":90}],"disarmed=true,attached=true,east=false,north=false,south=true,west=true":[{"model":"block/seafoam_4","y":180}],"disarmed=true,attached=false,east=false,north=false,south=true,west=true":[{"model":"block/cone","y":180}],"disarmed=true,attached=true,east=true,north=true,south=false,west=true":[{"model":"block/seafoam_3"}],"disarmed=true,attached=true,east=false,north=false,south=true,west=false":[{"model":"block/seafoam_4","y":90}],"disarmed=true,attached=true,east=true,north=false,south=false,west=false":[{"model":"block/seafoam_2","y":180}],"disarmed=true,attached=false,east=true,north=false,south=false,west=true":[{"model":"block/cone","y":90}],"disarmed=true,attached=true,east=true,north=false,south=true,west=true":[{"model":"block/seafoam_2","y":90}]}}