{"providers":[{"type":"space","advances":{" ":4}},{"type":"bitmap","file":"mcs:custom/body/badges.png","chars":[""],"ascent":5,"height":127},{"type":"bitmap","file":"mcs:custom/body/blueprint_assembly.png","chars":[""],"ascent":5,"height":127},{"type":"bitmap","file":"mcs:custom/body/cosmetic_profiles.png","chars":[""],"ascent":5,"height":127},{"type":"bitmap","file":"mcs:custom/body/crate_attuner.png","chars":[""],"ascent":5,"height":127},{"type":"bitmap","file":"mcs:custom/body/crate_attuner_pools.png","chars":[""],"ascent":5,"height":127},{"type":"bitmap","file":"mcs:custom/body/fusion_forge.png","chars":[""],"ascent":5,"height":127},{"type":"bitmap","file":"mcs:custom/body/game_pass.png","chars":[""],"ascent":5,"height":127},{"type":"bitmap","file":"mcs:custom/body/grid_5x5.png","chars":[""],"ascent":5,"height":127},{"type":"bitmap","file":"mcs:custom/body/grid_large.png","chars":[""],"ascent":5,"height":127},{"type":"bitmap","file":"mcs:custom/body/grid_large_pedestal.png","chars":[""],"ascent":5,"height":127},{"type":"bitmap","file":"mcs:custom/body/grid_large_tab_1.png","chars":[""],"ascent":5,"height":127},{"type":"bitmap","file":"mcs:custom/body/grid_large_tab_2.png","chars":[""],"ascent":5,"height":127},{"type":"bitmap","file":"mcs:custom/body/grid_small.png","chars":[""],"ascent":5,"height":127},{"type":"bitmap","file":"mcs:custom/body/grid_small_tab_1.png","chars":[""],"ascent":5,"height":127},{"type":"bitmap","file":"mcs:custom/body/grid_small_tab_2.png","chars":[""],"ascent":5,"height":127},{"type":"bitmap","file":"mcs:custom/body/kiosk.png","chars":[""],"ascent":5,"height":197},{"type":"bitmap","file":"mcs:custom/body/kit_menu.png","chars":[""],"ascent":5,"height":127},{"type":"bitmap","file":"mcs:custom/body/kit_menu_double.png","chars":[""],"ascent":5,"height":127},{"type":"bitmap","file":"mcs:custom/body/login.png","chars":[""],"ascent":5,"height":127},{"type":"bitmap","file":"mcs:custom/body/loyalty.png","chars":[""],"ascent":5,"height":127},{"type":"bitmap","file":"mcs:custom/body/mastery_gate.png","chars":[""],"ascent":5,"height":127},{"type":"bitmap","file":"mcs:custom/body/navigator.png","chars":[""],"ascent":5,"height":207},{"type":"bitmap","file":"mcs:custom/body/packages.png","chars":[""],"ascent":5,"height":127},{"type":"bitmap","file":"mcs:custom/body/parkour_warrior_dojo.png","chars":[""],"ascent":5,"height":127},{"type":"bitmap","file":"mcs:custom/body/party.png","chars":[""],"ascent":5,"height":127},{"type":"bitmap","file":"mcs:custom/body/pass_1.png","chars":[""],"ascent":5,"height":127},{"type":"bitmap","file":"mcs:custom/body/pass_2.png","chars":[""],"ascent":5,"height":127},{"type":"bitmap","file":"mcs:custom/body/pass_select.png","chars":[""],"ascent":5,"height":127},{"type":"bitmap","file":"mcs:custom/body/plobby_create.png","chars":[""],"ascent":5,"height":127},{"type":"bitmap","file":"mcs:custom/body/plobby_tab_1.png","chars":[""],"ascent":5,"height":127},{"type":"bitmap","file":"mcs:custom/body/plobby_tab_2.png","chars":[""],"ascent":5,"height":127},{"type":"bitmap","file":"mcs:custom/body/plobby_tab_3.png","chars":[""],"ascent":5,"height":127},{"type":"bitmap","file":"mcs:custom/body/plobby_unavailable.png","chars":[""],"ascent":5,"height":127},{"type":"bitmap","file":"mcs:custom/body/profile.png","chars":[""],"ascent":5,"height":127},{"type":"bitmap","file":"mcs:custom/body/quests.png","chars":[""],"ascent":5,"height":127},{"type":"bitmap","file":"mcs:custom/body/rank.png","chars":[""],"ascent":5,"height":127},{"type":"bitmap","file":"mcs:custom/body/scavenging.png","chars":[""],"ascent":5,"height":127},{"type":"bitmap","file":"mcs:custom/body/seasonal_machine.png","chars":[""],"ascent":5,"height":127},{"type":"bitmap","file":"mcs:custom/body/seasonal_shop.png","chars":[""],"ascent":5,"height":127},{"type":"bitmap","file":"mcs:custom/body/select_badges.png","chars":[""],"ascent":5,"height":127},{"type":"bitmap","file":"mcs:custom/body/select_faction.png","chars":[""],"ascent":5,"height":127},{"type":"bitmap","file":"mcs:custom/body/select_game_pass.png","chars":[""],"ascent":5,"height":127},{"type":"bitmap","file":"mcs:custom/body/settings.png","chars":[""],"ascent":5,"height":127},{"type":"bitmap","file":"mcs:custom/body/wardrobe.png","chars":[""],"ascent":5,"height":127},{"type":"bitmap","file":"mcs:custom/body/wardrobe_editor.png","chars":[""],"ascent":5,"height":127},{"type":"bitmap","file":"mcs:custom/body/wardrobe_editor_faction.png","chars":[""],"ascent":7,"height":127},{"type":"bitmap","file":"mcs:custom/body/wardrobe_editor_tab_1.png","chars":[""],"ascent":5,"height":127},{"type":"bitmap","file":"mcs:custom/body/wardrobe_editor_tab_2.png","chars":[""],"ascent":5,"height":127},{"type":"bitmap","file":"mcs:custom/footer/0.png","chars":[""],"ascent":-121,"height":17},{"type":"bitmap","file":"mcs:custom/footer/0_low.png","chars":[""],"ascent":-202,"height":17},{"type":"bitmap","file":"mcs:custom/footer/0_wide.png","chars":[""],"ascent":-121,"height":17},{"type":"bitmap","file":"mcs:custom/footer/1x3.png","chars":[""],"ascent":-121,"height":65},{"type":"bitmap","file":"mcs:custom/footer/1x5.png","chars":[""],"ascent":-121,"height":65},{"type":"bitmap","file":"mcs:custom/footer/1x7.png","chars":[""],"ascent":-121,"height":65},{"type":"bitmap","file":"mcs:custom/footer/2x3.png","chars":[""],"ascent":-121,"height":83},{"type":"bitmap","file":"mcs:custom/footer/2x5.png","chars":[""],"ascent":-121,"height":83},{"type":"bitmap","file":"mcs:custom/footer/2x7.png","chars":[""],"ascent":-121,"height":83},{"type":"bitmap","file":"mcs:custom/footer/2x7_plus.png","chars":[""],"ascent":-121,"height":83},{"type":"bitmap","file":"mcs:custom/footer/button.png","chars":[""],"ascent":-121,"height":65},{"type":"bitmap","file":"mcs:custom/footer/buttons_two.png","chars":[""],"ascent":-121,"height":65},{"type":"bitmap","file":"mcs:custom/footer/inspect.png","chars":[""],"ascent":-121,"height":65},{"type":"bitmap","file":"mcs:custom/footer/preview_with_button.png","chars":[""],"ascent":-121,"height":65},{"type":"bitmap","file":"mcs:custom/full/chest_large.png","chars":[""],"ascent":31,"height":256},{"type":"bitmap","file":"mcs:custom/full/chest_small.png","chars":[""],"ascent":31,"height":256},{"type":"bitmap","file":"mcs:custom/full/legacy_machine.png","chars":[""],"ascent":29,"height":256},{"type":"bitmap","file":"mcs:custom/full/news.png","chars":[""],"ascent":7,"height":256},{"type":"bitmap","file":"mcs:custom/full/news_left.png","chars":[""],"ascent":-13,"height":100},{"type":"bitmap","file":"mcs:custom/full/news_right.png","chars":[""],"ascent":-13,"height":100},{"type":"bitmap","file":"mcs:custom/full/notification.png","chars":[""],"ascent":-60,"height":256},{"type":"bitmap","file":"mcs:custom/full/notification_gems.png","chars":[""],"ascent":-60,"height":256},{"type":"bitmap","file":"mcs:custom/full/notification_store_coins.png","chars":[""],"ascent":-33,"height":256},{"type":"bitmap","file":"mcs:custom/full/notification_store_gems.png","chars":[""],"ascent":-33,"height":256},{"type":"bitmap","file":"mcs:custom/full/notification_store_other.png","chars":[""],"ascent":-33,"height":256},{"type":"bitmap","file":"mcs:custom/full/select_pass.png","chars":[""],"ascent":32,"height":256},{"type":"bitmap","file":"mcs:custom/full/summary.png","chars":[""],"ascent":15,"height":145},{"type":"bitmap","file":"mcs:custom/full/wallet.png","chars":[""],"ascent":-13,"height":100},{"type":"bitmap","file":"mcs:custom/header/header.png","chars":[""],"ascent":33,"height":36},{"type":"bitmap","file":"mcs:custom/header/kiosk_battle_box.png","chars":[""],"ascent":29,"height":256},{"type":"bitmap","file":"mcs:custom/header/kiosk_dynaball.png","chars":[""],"ascent":29,"height":256},{"type":"bitmap","file":"mcs:custom/header/kiosk_hole_in_the_wall.png","chars":[""],"ascent":29,"height":256},{"type":"bitmap","file":"mcs:custom/header/kiosk_parkour_warrior.png","chars":[""],"ascent":29,"height":256},{"type":"bitmap","file":"mcs:custom/header/kiosk_rocket_spleef.png","chars":[""],"ascent":29,"height":256},{"type":"bitmap","file":"mcs:custom/header/kiosk_sky_battle.png","chars":[""],"ascent":29,"height":256},{"type":"bitmap","file":"mcs:custom/header/kiosk_tgttos.png","chars":[""],"ascent":29,"height":256},{"type":"bitmap","file":"mcs:custom/header/loyalty_road.png","chars":[""],"ascent":-1,"height":256},{"type":"bitmap","file":"mcs:custom/spectate/1.png","chars":[""],"ascent":-55,"height":256},{"type":"bitmap","file":"mcs:custom/spectate/2.png","chars":[""],"ascent":-37,"height":256},{"type":"bitmap","file":"mcs:custom/spectate/3.png","chars":[""],"ascent":-19,"height":256},{"type":"bitmap","file":"mcs:custom/spectate/4.png","chars":[""],"ascent":-1,"height":256},{"type":"bitmap","file":"mcs:custom/spectate/5.png","chars":[""],"ascent":17,"height":256},{"type":"bitmap","file":"mcs:custom/spectate/6.png","chars":[""],"ascent":33,"height":256},{"type":"bitmap","file":"mcs:custom/spectate/5.png","chars":[""],"ascent":17,"height":256},{"type":"bitmap","file":"mcs:custom/spectate/6.png","chars":[""],"ascent":33,"height":256},{"type":"bitmap","file":"mcs:custom/spectate/adminpanel.png","chars":["\uE061"],"ascent":17,"height":256},{"type":"bitmap","file":"mcs:custom/spectate/empty.png","chars":["\uE062"],"ascent":17,"height":256},{"type":"bitmap","file":"mcs:custom/spectate/empty1.png","chars":["\uE063"],"ascent":17,"height":256},{"type":"bitmap","file":"mcs:custom/spectate/readycheck.png","chars":["\uE064"],"ascent":17,"height":256},{"type":"bitmap","file":"mcs:custom/spectate/chest_small.png","chars":["\uE065"],"ascent":13,"height":256},{"type":"bitmap","file":"mcs:custom/spectate/chest_big.png","chars":["\uE066"],"ascent":13,"height":256}]}