{"textures":{"0":"block/model/props_construction","particle":"block/model/props_construction"},"elements":[{"from":[4.0,-16.0,4.0],"to":[12.0,-14.0,12.0],"rotation":{"angle":0.0,"axis":"y","origin":[1.0,0.0,0.0]},"faces":{"north":{"uv":[0.625,3.5,1.625,3.75],"texture":"#0"},"east":{"uv":[0.625,3.5,1.625,3.75],"texture":"#0"},"south":{"uv":[0.625,3.5,1.625,3.75],"texture":"#0"},"west":{"uv":[0.625,3.5,1.625,3.75],"texture":"#0"},"up":{"uv":[0.625,2.5,1.625,3.5],"texture":"#0"},"down":{"uv":[1.625,2.0,2.625,3.0],"texture":"#0"}}},{"from":[6.5,-14.0,6.5],"to":[9.5,2.0,9.5],"rotation":{"angle":0.0,"axis":"y","origin":[1.5,0.0,-0.5]},"faces":{"north":{"uv":[0.25,1.875,0.625,3.875],"texture":"#0"},"east":{"uv":[0.25,1.875,0.625,3.875],"texture":"#0"},"south":{"uv":[0.25,1.875,0.625,3.875],"texture":"#0"},"west":{"uv":[0.25,1.875,0.625,3.875],"texture":"#0"},"up":{"uv":[0.625,1.875,1.0,2.25],"texture":"#0"}}},{"from":[6.5,2.0,8.0],"to":[9.5,4.0,8.0],"rotation":{"angle":0.0,"axis":"x","origin":[8.0,19.0,8.0]},"faces":{"north":{"uv":[0.625,2.25,1.0,2.5],"texture":"#0"},"south":{"uv":[0.625,2.25,1.0,2.5],"texture":"#0"}}}],"display":{"thirdperson_righthand":{"translation":[0.0,1.0,-1.0],"rotation":[63.0,34.0,0.0],"scale":[0.37891,0.37891,0.37891]},"thirdperson_lefthand":{"translation":[0.0,1.0,-1.0],"rotation":[63.0,34.0,0.0],"scale":[0.37891,0.37891,0.37891]},"firstperson_righthand":{"translation":[9.5,0.0,-5.75],"rotation":[3.0,112.0,-13.0],"scale":[0.35547,0.35547,0.35547]},"firstperson_lefthand":{"translation":[9.5,0.0,-5.75],"rotation":[3.0,112.0,-13.0],"scale":[0.35547,0.35547,0.35547]},"ground":{"translation":[0.0,4.25,0.0],"scale":[0.28906,0.28906,0.28906]},"gui":{"translation":[-0.25,-0.5,0.0],"rotation":[30.0,-158.0,0.0],"scale":[0.68711,0.68711,0.68711]},"head":{"translation":[0.0,-30.5,0.0],"scale":[1.6,1.6,1.6]},"fixed":{"translation":[0.0,-3.25,-7.5]}},"gui_light":"front"}