{
	"credit": "Made with Blockbench",
	"textures": {
		"1": "block/aceracetext",
		"3": "block/acerace",
		"4": "block/gamecube",
		"7": "block/showdowncube",
		"8": "block/showdowntexture",
		"particle": "block/acerace"
	},
	"elements": [
		{
			"from": [-0.1, 2.75, -0.1],
			"to": [16.1, 5.75, 16.1],
			"faces": {
				"north": {"uv": [0, 0, 16, 16], "texture": "#1"},
				"east": {"uv": [0, 0, 16, 16], "texture": "#1"},
				"south": {"uv": [0, 0, 16, 16], "texture": "#1"},
				"west": {"uv": [0, 0, 16, 16], "texture": "#1"},
				"up": {"uv": [0, 0, 16, 1.29293], "texture": "#1"},
				"down": {"uv": [0, 0, 16, 1.57576], "texture": "#1"}
			}
		},
		{
			"from": [0, 1, 0],
			"to": [16, 17, 16],
			"rotation": {"angle": 0, "axis": "y", "origin": [4.25, 4.5, 4.28769]},
			"faces": {
				"north": {"uv": [0, 0, 16, 16], "texture": "#3"},
				"east": {"uv": [0, 0, 16, 16], "texture": "#3"},
				"south": {"uv": [0, 0, 16, 16], "texture": "#3"},
				"west": {"uv": [0, 0, 16, 16], "texture": "#3"},
				"up": {"uv": [0, 0, 16, 16], "texture": "#missing"},
				"down": {"uv": [0, 0, 16, 16], "texture": "#missing"}
			}
		},
		{
			"from": [-1, 0, -1],
			"to": [17, 2, 17],
			"rotation": {"angle": 0, "axis": "y", "origin": [4.25, 5.5, 4.28769]},
			"faces": {
				"north": {"uv": [4.5, 2.625, 9, 3], "texture": "#4"},
				"east": {"uv": [4.5, 2.625, 9, 3], "texture": "#4"},
				"south": {"uv": [4.5, 2.625, 9, 3], "texture": "#4"},
				"west": {"uv": [4.5, 2.625, 9, 3], "texture": "#4"},
				"up": {"uv": [0, 0, 4.5, 4.5], "texture": "#4"},
				"down": {"uv": [0, 4.5, 4.5, 9], "texture": "#4"}
			}
		},
		{
			"from": [-1, 16, -1],
			"to": [17, 18, 17],
			"rotation": {"angle": 0, "axis": "y", "origin": [4.25, 12.5, 4.28769]},
			"faces": {
				"north": {"uv": [4.5, 3, 9, 2.625], "texture": "#4"},
				"east": {"uv": [4.5, 3, 9, 2.625], "texture": "#4"},
				"south": {"uv": [4.5, 3, 9, 2.625], "texture": "#4"},
				"west": {"uv": [4.5, 3, 9, 2.625], "texture": "#4"},
				"up": {"uv": [0, 9, 4.5, 4.5], "texture": "#4"},
				"down": {"uv": [0, 4.5, 4.5, 0], "texture": "#4"}
			}
		},
		{
			"from": [16.4, -1, 5.7],
			"to": [17.4, 3, 6.7],
			"rotation": {"angle": 0, "axis": "y", "origin": [17, 0, 8]},
			"faces": {
				"north": {"uv": [4, 4, 5, 8], "texture": "#7"},
				"east": {"uv": [5, 4, 6, 8], "texture": "#7"},
				"south": {"uv": [6, 4, 7, 8], "texture": "#7"},
				"west": {"uv": [0, 7, 1, 11], "texture": "#7"},
				"up": {"uv": [6, 1, 5, 0], "texture": "#7"},
				"down": {"uv": [6, 1, 5, 2], "texture": "#7"}
			}
		},
		{
			"from": [16.4, -1, 9.3],
			"to": [17.4, 3, 10.3],
			"rotation": {"angle": 0, "axis": "y", "origin": [17, 0, 8]},
			"faces": {
				"north": {"uv": [7, 0, 8, 4], "texture": "#7"},
				"east": {"uv": [1, 7, 2, 11], "texture": "#7"},
				"south": {"uv": [7, 4, 8, 8], "texture": "#7"},
				"west": {"uv": [8, 0, 9, 4], "texture": "#7"},
				"up": {"uv": [7, 1, 6, 0], "texture": "#7"},
				"down": {"uv": [7, 1, 6, 2], "texture": "#7"}
			}
		},
		{
			"from": [16.4, 3, 5.7],
			"to": [17.4, 4, 10.3],
			"rotation": {"angle": 0, "axis": "y", "origin": [17, 0, 8]},
			"faces": {
				"north": {"uv": [4, 8, 5, 9], "texture": "#7"},
				"east": {"uv": [0, 0, 4.5, 1], "texture": "#7"},
				"south": {"uv": [8, 4, 9, 5], "texture": "#7"},
				"west": {"uv": [0, 1, 4.5, 2], "texture": "#7"},
				"up": {"uv": [1, 6.5, 0, 2], "texture": "#7"},
				"down": {"uv": [2, 2, 1, 6.5], "texture": "#7"}
			}
		},
		{
			"from": [16.4, -2, 5.7],
			"to": [17.4, -1, 10.3],
			"rotation": {"angle": 0, "axis": "y", "origin": [17, 0, 8]},
			"faces": {
				"north": {"uv": [5, 8, 6, 9], "texture": "#7"},
				"east": {"uv": [2, 2, 6.5, 3], "texture": "#7"},
				"south": {"uv": [8, 5, 9, 6], "texture": "#7"},
				"west": {"uv": [2, 3, 6.5, 4], "texture": "#7"},
				"up": {"uv": [3, 8.5, 2, 4], "texture": "#7"},
				"down": {"uv": [4, 4, 3, 8.5], "texture": "#7"}
			}
		},
		{
			"from": [17.1, -1, 6],
			"to": [17.1, 3, 10],
			"rotation": {"angle": 0, "axis": "y", "origin": [17, 0, 8]},
			"faces": {
				"north": {"uv": [0, 0, 2, 6], "texture": "#missing"},
				"east": {"uv": [0, 0, 16, 16], "texture": "#8"},
				"south": {"uv": [0, 0, 2, 6], "texture": "#missing"},
				"west": {"uv": [0, 0, 16, 16], "texture": "#8"},
				"up": {"uv": [0, 0, 6, 2], "rotation": 270, "texture": "#missing"},
				"down": {"uv": [0, 0, 6, 2], "rotation": 90, "texture": "#missing"}
			}
		},
		{
			"from": [9.3, -1, 16.4],
			"to": [10.3, 3, 17.4],
			"rotation": {"angle": 0, "axis": "y", "origin": [17, 0, 8]},
			"faces": {
				"north": {"uv": [0, 7, 1, 11], "texture": "#7"},
				"east": {"uv": [4, 4, 5, 8], "texture": "#7"},
				"south": {"uv": [5, 4, 6, 8], "texture": "#7"},
				"west": {"uv": [6, 4, 7, 8], "texture": "#7"},
				"up": {"uv": [6, 1, 5, 0], "rotation": 90, "texture": "#7"},
				"down": {"uv": [6, 1, 5, 2], "rotation": 270, "texture": "#7"}
			}
		},
		{
			"from": [5.7, -1, 16.4],
			"to": [6.7, 3, 17.4],
			"rotation": {"angle": 0, "axis": "y", "origin": [17, 0, 8]},
			"faces": {
				"north": {"uv": [8, 0, 9, 4], "texture": "#7"},
				"east": {"uv": [7, 0, 8, 4], "texture": "#7"},
				"south": {"uv": [1, 7, 2, 11], "texture": "#7"},
				"west": {"uv": [7, 4, 8, 8], "texture": "#7"},
				"up": {"uv": [7, 1, 6, 0], "rotation": 90, "texture": "#7"},
				"down": {"uv": [7, 1, 6, 2], "rotation": 270, "texture": "#7"}
			}
		},
		{
			"from": [5.7, 3, 16.4],
			"to": [10.3, 4, 17.4],
			"rotation": {"angle": 0, "axis": "y", "origin": [17, 0, 8]},
			"faces": {
				"north": {"uv": [0, 1, 4.5, 2], "texture": "#7"},
				"east": {"uv": [4, 8, 5, 9], "texture": "#7"},
				"south": {"uv": [0, 0, 4.5, 1], "texture": "#7"},
				"west": {"uv": [8, 4, 9, 5], "texture": "#7"},
				"up": {"uv": [1, 6.5, 0, 2], "rotation": 90, "texture": "#7"},
				"down": {"uv": [2, 2, 1, 6.5], "rotation": 270, "texture": "#7"}
			}
		},
		{
			"from": [5.7, -2, 16.4],
			"to": [10.3, -1, 17.4],
			"rotation": {"angle": 0, "axis": "y", "origin": [17, 0, 8]},
			"faces": {
				"north": {"uv": [2, 3, 6.5, 4], "texture": "#7"},
				"east": {"uv": [5, 8, 6, 9], "texture": "#7"},
				"south": {"uv": [2, 2, 6.5, 3], "texture": "#7"},
				"west": {"uv": [8, 5, 9, 6], "texture": "#7"},
				"up": {"uv": [3, 8.5, 2, 4], "rotation": 90, "texture": "#7"},
				"down": {"uv": [4, 4, 3, 8.5], "rotation": 270, "texture": "#7"}
			}
		},
		{
			"from": [6, -1, 17.1],
			"to": [10, 3, 17.1],
			"rotation": {"angle": 0, "axis": "y", "origin": [17, 0, 8]},
			"faces": {
				"north": {"uv": [0, 0, 16, 16], "texture": "#8"},
				"east": {"uv": [0, 0, 2, 6], "texture": "#missing"},
				"south": {"uv": [0, 0, 16, 16], "texture": "#8"},
				"west": {"uv": [0, 0, 2, 6], "texture": "#missing"},
				"up": {"uv": [0, 0, 6, 2], "texture": "#missing"},
				"down": {"uv": [0, 0, 6, 2], "texture": "#missing"}
			}
		},
		{
			"from": [5.7, -1, -1.4],
			"to": [6.7, 3, -0.4],
			"rotation": {"angle": 0, "axis": "y", "origin": [17, 0, 8]},
			"faces": {
				"north": {"uv": [5, 4, 6, 8], "texture": "#7"},
				"east": {"uv": [6, 4, 7, 8], "texture": "#7"},
				"south": {"uv": [0, 7, 1, 11], "texture": "#7"},
				"west": {"uv": [4, 4, 5, 8], "texture": "#7"},
				"up": {"uv": [6, 1, 5, 0], "rotation": 270, "texture": "#7"},
				"down": {"uv": [6, 1, 5, 2], "rotation": 90, "texture": "#7"}
			}
		},
		{
			"from": [9.3, -1, -1.4],
			"to": [10.3, 3, -0.4],
			"rotation": {"angle": 0, "axis": "y", "origin": [17, 0, 8]},
			"faces": {
				"north": {"uv": [1, 7, 2, 11], "texture": "#7"},
				"east": {"uv": [7, 4, 8, 8], "texture": "#7"},
				"south": {"uv": [8, 0, 9, 4], "texture": "#7"},
				"west": {"uv": [7, 0, 8, 4], "texture": "#7"},
				"up": {"uv": [7, 1, 6, 0], "rotation": 270, "texture": "#7"},
				"down": {"uv": [7, 1, 6, 2], "rotation": 90, "texture": "#7"}
			}
		},
		{
			"from": [5.7, 3, -1.4],
			"to": [10.3, 4, -0.4],
			"rotation": {"angle": 0, "axis": "y", "origin": [17, 0, 8]},
			"faces": {
				"north": {"uv": [0, 0, 4.5, 1], "texture": "#7"},
				"east": {"uv": [8, 4, 9, 5], "texture": "#7"},
				"south": {"uv": [0, 1, 4.5, 2], "texture": "#7"},
				"west": {"uv": [4, 8, 5, 9], "texture": "#7"},
				"up": {"uv": [1, 6.5, 0, 2], "rotation": 270, "texture": "#7"},
				"down": {"uv": [2, 2, 1, 6.5], "rotation": 90, "texture": "#7"}
			}
		},
		{
			"from": [5.7, -2, -1.4],
			"to": [10.3, -1, -0.4],
			"rotation": {"angle": 0, "axis": "y", "origin": [17, 0, 8]},
			"faces": {
				"north": {"uv": [2, 2, 6.5, 3], "texture": "#7"},
				"east": {"uv": [8, 5, 9, 6], "texture": "#7"},
				"south": {"uv": [2, 3, 6.5, 4], "texture": "#7"},
				"west": {"uv": [5, 8, 6, 9], "texture": "#7"},
				"up": {"uv": [3, 8.5, 2, 4], "rotation": 270, "texture": "#7"},
				"down": {"uv": [4, 4, 3, 8.5], "rotation": 90, "texture": "#7"}
			}
		},
		{
			"from": [6, -1, -1.1],
			"to": [10, 3, -1.1],
			"rotation": {"angle": 0, "axis": "y", "origin": [17, 0, 8]},
			"faces": {
				"north": {"uv": [0, 0, 16, 16], "texture": "#8"},
				"east": {"uv": [0, 0, 2, 6], "texture": "#missing"},
				"south": {"uv": [0, 0, 16, 16], "texture": "#8"},
				"west": {"uv": [0, 0, 2, 6], "texture": "#missing"},
				"up": {"uv": [0, 0, 6, 2], "rotation": 180, "texture": "#missing"},
				"down": {"uv": [0, 0, 6, 2], "rotation": 180, "texture": "#missing"}
			}
		},
		{
			"from": [-1.4, -1, 9.3],
			"to": [-0.4, 3, 10.3],
			"faces": {
				"north": {"uv": [6, 4, 7, 8], "texture": "#7"},
				"east": {"uv": [0, 7, 1, 11], "texture": "#7"},
				"south": {"uv": [4, 4, 5, 8], "texture": "#7"},
				"west": {"uv": [5, 4, 6, 8], "texture": "#7"},
				"up": {"uv": [6, 1, 5, 0], "rotation": 180, "texture": "#7"},
				"down": {"uv": [6, 1, 5, 2], "rotation": 180, "texture": "#7"}
			}
		},
		{
			"from": [-1.4, -1, 5.7],
			"to": [-0.4, 3, 6.7],
			"faces": {
				"north": {"uv": [7, 4, 8, 8], "texture": "#7"},
				"east": {"uv": [8, 0, 9, 4], "texture": "#7"},
				"south": {"uv": [7, 0, 8, 4], "texture": "#7"},
				"west": {"uv": [1, 7, 2, 11], "texture": "#7"},
				"up": {"uv": [7, 1, 6, 0], "rotation": 180, "texture": "#7"},
				"down": {"uv": [7, 1, 6, 2], "rotation": 180, "texture": "#7"}
			}
		},
		{
			"from": [-1.4, 3, 5.7],
			"to": [-0.4, 4, 10.3],
			"faces": {
				"north": {"uv": [8, 4, 9, 5], "texture": "#7"},
				"east": {"uv": [0, 1, 4.5, 2], "texture": "#7"},
				"south": {"uv": [4, 8, 5, 9], "texture": "#7"},
				"west": {"uv": [0, 0, 4.5, 1], "texture": "#7"},
				"up": {"uv": [1, 6.5, 0, 2], "rotation": 180, "texture": "#7"},
				"down": {"uv": [2, 2, 1, 6.5], "rotation": 180, "texture": "#7"}
			}
		},
		{
			"from": [-1.4, -2, 5.7],
			"to": [-0.4, -1, 10.3],
			"faces": {
				"north": {"uv": [8, 5, 9, 6], "texture": "#7"},
				"east": {"uv": [2, 3, 6.5, 4], "texture": "#7"},
				"south": {"uv": [5, 8, 6, 9], "texture": "#7"},
				"west": {"uv": [2, 2, 6.5, 3], "texture": "#7"},
				"up": {"uv": [3, 8.5, 2, 4], "rotation": 180, "texture": "#7"},
				"down": {"uv": [4, 4, 3, 8.5], "rotation": 180, "texture": "#7"}
			}
		},
		{
			"from": [-1.1, -1, 6],
			"to": [-1.1, 3, 10],
			"faces": {
				"north": {"uv": [0, 0, 2, 6], "texture": "#missing"},
				"east": {"uv": [0, 0, 16, 16], "texture": "#8"},
				"south": {"uv": [0, 0, 2, 6], "texture": "#missing"},
				"west": {"uv": [0, 0, 16, 16], "texture": "#8"},
				"up": {"uv": [0, 0, 6, 2], "rotation": 90, "texture": "#missing"},
				"down": {"uv": [0, 0, 6, 2], "rotation": 270, "texture": "#missing"}
			}
		}
	],
	"display": {
		"thirdperson_righthand": {
			"rotation": [0, 41, 0],
			"translation": [0, -2, -2.75],
			"scale": [0.36, 0.36, 0.36]
		},
		"thirdperson_lefthand": {
			"rotation": [0, 41, 0],
			"translation": [0, -2, -2.75],
			"scale": [0.36, 0.36, 0.36]
		},
		"firstperson_righthand": {
			"rotation": [0, 30, 0],
			"translation": [0, 2, 0],
			"scale": [0.5, 0.5, 0.5]
		},
		"firstperson_lefthand": {
			"rotation": [0, 30, 0],
			"translation": [0, 2, 0],
			"scale": [0.5, 0.5, 0.5]
		},
		"ground": {
			"scale": [0.39, 0.39, 0.39]
		},
		"gui": {
			"rotation": [27, 30, 0],
			"translation": [0, -0.5, 0],
			"scale": [0.5, 0.5, 0.5]
		},
		"head": {
			"translation": [0.25, 0.36, 0.75]
		},
		"fixed": {
			"rotation": [90, 0, 0],
			"translation": [0, 6.75, -32],
			"scale": [3.5, 3.5, 3.5]
		}
	},
	"groups": [
		0,
		1,
		2,
		3,
		{
			"name": "group",
			"origin": [0, 0, 0],
			"color": 0,
			"nbt": "{}",
			"children": [4, 5, 6, 7, 8]
		},
		{
			"name": "group",
			"origin": [0, 0, 0],
			"color": 0,
			"nbt": "{}",
			"children": [9, 10, 11, 12, 13]
		},
		{
			"name": "group",
			"origin": [0, 0, 0],
			"color": 0,
			"nbt": "{}",
			"children": [14, 15, 16, 17, 18]
		},
		{
			"name": "group",
			"origin": [0, 0, 0],
			"color": 0,
			"nbt": "{}",
			"children": [19, 20, 21, 22, 23]
		}
	]
}