{"textures":{"0":"bettermodel:item/aurora_aurora_058","1":"bettermodel:item/aurora_aurora_058_e","particle":"bettermodel:item/aurora_aurora_058"},"elements":[{"from":[7.609756,6.4390244,6.634146],"to":[8.195122,8.585366,9.365853],"faces":{"north":{"uv":[11.625,11.5625,11.8125,12.25],"tintindex":0,"texture":"#0"},"east":{"uv":[10.75,11.5625,11.625,12.25],"tintindex":0,"texture":"#0"},"south":{"uv":[12.6875,11.5625,12.875,12.25],"tintindex":0,"texture":"#0"},"west":{"uv":[11.8125,11.5625,12.6875,12.25],"tintindex":0,"texture":"#0"},"up":{"uv":[11.8125,11.5625,11.625,10.6875],"tintindex":0,"texture":"#0"},"down":{"uv":[12.0,10.6875,11.8125,11.5625],"tintindex":0,"texture":"#0"}}}],"display":{"fixed":{"scale":[4,4,4]}}}