{"textures":{"0":"bettermodel:item/aurora_aurora_058","1":"bettermodel:item/aurora_aurora_058_e","particle":"bettermodel:item/aurora_aurora_058"},"elements":[{"from":[7.471549,8.464417,6.634146],"to":[8.056915,10.610759,9.365853],"faces":{"north":{"uv":[11.75,6.375,11.9375,7.0625],"tintindex":0,"texture":"#0"},"east":{"uv":[10.875,6.375,11.75,7.0625],"tintindex":0,"texture":"#0"},"south":{"uv":[12.8125,6.375,13.0,7.0625],"tintindex":0,"texture":"#0"},"west":{"uv":[11.9375,6.375,12.8125,7.0625],"tintindex":0,"texture":"#0"},"up":{"uv":[11.9375,6.375,11.75,5.5],"tintindex":0,"texture":"#0"},"down":{"uv":[12.125,5.5,11.9375,6.375],"tintindex":0,"texture":"#0"}}}],"display":{"fixed":{"scale":[4,4,4]}}}