{"textures":{"0":"bettermodel:item/aurora_aurora_058","1":"bettermodel:item/aurora_aurora_058_e","particle":"bettermodel:item/aurora_aurora_058"},"elements":[{"from":[6.8292685,6.8292685,8.097561],"to":[9.170732,9.170732,15.902439],"faces":{"north":{"uv":[2.5,7.625,3.25,8.375],"tintindex":0,"texture":"#0"},"east":{"uv":[0.0,7.625,2.5,8.375],"tintindex":0,"texture":"#0"},"south":{"uv":[5.75,7.625,6.5,8.375],"tintindex":0,"texture":"#0"},"west":{"uv":[3.25,7.625,5.75,8.375],"tintindex":0,"texture":"#0"},"up":{"uv":[3.25,7.625,2.5,5.125],"tintindex":0,"texture":"#0"},"down":{"uv":[4.0,5.125,3.25,7.625],"tintindex":0,"texture":"#0"}}},{"from":[6.8292685,9.560976,12.195122],"to":[9.170732,9.560976,14.926829],"faces":{"north":{"uv":[2.125,3.0,2.875,3.0],"tintindex":0,"texture":"#0"},"east":{"uv":[1.25,3.0,2.125,3.0],"tintindex":0,"texture":"#0"},"south":{"uv":[3.75,3.0,4.5,3.0],"tintindex":0,"texture":"#0"},"west":{"uv":[2.875,3.0,3.75,3.0],"tintindex":0,"texture":"#0"},"up":{"uv":[2.875,3.0,2.125,2.125],"tintindex":0,"texture":"#0"},"down":{"uv":[3.625,2.125,2.875,3.0],"tintindex":0,"texture":"#0"}}},{"from":[6.8292685,6.4390244,12.243902],"to":[9.170732,6.4390244,14.97561],"faces":{"north":{"uv":[2.125,0.875,2.875,0.875],"tintindex":0,"texture":"#0"},"east":{"uv":[1.25,0.875,2.125,0.875],"tintindex":0,"texture":"#0"},"south":{"uv":[3.75,0.875,4.5,0.875],"tintindex":0,"texture":"#0"},"west":{"uv":[2.875,0.875,3.75,0.875],"tintindex":0,"texture":"#0"},"up":{"uv":[2.875,0.875,2.125,0.0],"tintindex":0,"texture":"#0"},"down":{"uv":[3.625,0.0,2.875,0.875],"tintindex":0,"texture":"#0"}}}],"display":{"fixed":{"scale":[4,4,4]}}}