{"textures":{"0":"bettermodel:item/aurora_aurora_058","1":"bettermodel:item/aurora_aurora_058_e","particle":"bettermodel:item/aurora_aurora_058"},"elements":[{"from":[6.243902,6.634146,4.097561],"to":[9.365853,8.585366,10.536585],"faces":{"north":{"uv":[8.125,2.0625,9.125,2.6875],"tintindex":0,"texture":"#0"},"east":{"uv":[6.0625,2.0625,8.125,2.6875],"tintindex":0,"texture":"#0"},"south":{"uv":[11.1875,2.0625,12.1875,2.6875],"tintindex":0,"texture":"#0"},"west":{"uv":[9.125,2.0625,11.1875,2.6875],"tintindex":0,"texture":"#0"},"up":{"uv":[9.125,2.0625,8.125,0.0],"tintindex":0,"texture":"#0"},"down":{"uv":[10.125,0.0,9.125,2.0625],"tintindex":0,"texture":"#0"}}}],"display":{"fixed":{"scale":[4,4,4]}}}