{"textures":{"0":"bettermodel:item/aurora_aurora_058","1":"bettermodel:item/aurora_aurora_058_e","particle":"bettermodel:item/aurora_aurora_058"},"elements":[{"from":[6.5365853,8.0,8.195122],"to":[9.463415,8.780488,9.365853],"faces":{"north":{"uv":[12.4375,4.625,11.5,4.875],"tintindex":0,"texture":"#0"},"east":{"uv":[12.8125,4.625,12.4375,4.875],"tintindex":0,"texture":"#0"},"south":{"uv":[13.75,4.625,12.8125,4.875],"tintindex":0,"texture":"#0"},"west":{"uv":[11.5,4.625,11.125,4.875],"tintindex":0,"texture":"#0"},"up":{"uv":[11.5,4.625,12.4375,4.25],"tintindex":0,"texture":"#0"},"down":{"uv":[12.4375,4.25,13.375,4.625],"tintindex":0,"texture":"#0"}}},{"from":[9.463415,8.0,8.195122],"to":[11.414635,8.97561,10.341463],"faces":{"north":{"uv":[12.375,10.125,11.75,10.4375],"tintindex":0,"texture":"#0"},"east":{"uv":[13.0625,10.125,12.375,10.4375],"tintindex":0,"texture":"#0"},"south":{"uv":[13.6875,10.125,13.0625,10.4375],"tintindex":0,"texture":"#0"},"west":{"uv":[11.75,10.125,11.0625,10.4375],"tintindex":0,"texture":"#0"},"up":{"uv":[11.75,10.125,12.375,9.4375],"tintindex":0,"texture":"#0"},"down":{"uv":[12.375,9.4375,13.0,10.125],"tintindex":0,"texture":"#0"}}},{"from":[9.853659,7.414634,8.682927],"to":[11.219512,8.0,10.04878],"faces":{"north":{"uv":[8.625,5.5625,8.1875,5.75],"tintindex":0,"texture":"#0"},"east":{"uv":[9.0625,5.5625,8.625,5.75],"tintindex":0,"texture":"#0"},"south":{"uv":[9.5,5.5625,9.0625,5.75],"tintindex":0,"texture":"#0"},"west":{"uv":[8.1875,5.5625,7.75,5.75],"tintindex":0,"texture":"#0"},"up":{"uv":[8.1875,5.5625,8.625,5.125],"tintindex":0,"texture":"#0"},"down":{"uv":[8.625,5.125,9.0625,5.5625],"tintindex":0,"texture":"#0"}}}],"display":{"fixed":{"scale":[4,4,4]}}}