{"textures":{"0":"bettermodel:item/aurora_aurora_058","1":"bettermodel:item/aurora_aurora_058_e","particle":"bettermodel:item/aurora_aurora_058"},"elements":[{"from":[6.4390244,7.414634,0.5853658],"to":[9.170732,9.95122,14.04878],"faces":{"north":{"uv":[4.3125,4.3125,5.1875,5.125],"tintindex":0,"texture":"#0"},"east":{"uv":[0.0,4.3125,4.3125,5.125],"tintindex":0,"texture":"#0"},"south":{"uv":[9.5,4.3125,10.375,5.125],"tintindex":0,"texture":"#0"},"west":{"uv":[5.1875,4.3125,9.5,5.125],"tintindex":0,"texture":"#0"},"up":{"uv":[5.1875,4.3125,4.3125,0.0],"tintindex":0,"texture":"#0"},"down":{"uv":[6.0625,0.0,5.1875,4.3125],"tintindex":0,"texture":"#0"}}},{"from":[8.195122,6.634146,1.5609756],"to":[8.780488,7.414634,6.8292685],"faces":{"north":{"uv":[1.6875,10.0625,1.875,10.3125],"tintindex":0,"texture":"#0"},"east":{"uv":[0.0,10.0625,1.6875,10.3125],"tintindex":0,"texture":"#0"},"south":{"uv":[3.5625,10.0625,3.75,10.3125],"tintindex":0,"texture":"#0"},"west":{"uv":[1.875,10.0625,3.5625,10.3125],"tintindex":0,"texture":"#0"},"up":{"uv":[1.875,10.0625,1.6875,8.375],"tintindex":0,"texture":"#0"},"down":{"uv":[2.0625,8.375,1.875,10.0625],"tintindex":0,"texture":"#0"}}},{"from":[5.9512196,5.2682924,9.756098],"to":[9.658537,7.414634,14.04878],"faces":{"north":{"uv":[5.375,6.5,6.5625,7.1875],"tintindex":0,"texture":"#0"},"east":{"uv":[4.0,6.5,5.375,7.1875],"tintindex":0,"texture":"#0"},"south":{"uv":[7.9375,6.5,9.125,7.1875],"tintindex":0,"texture":"#0"},"west":{"uv":[6.5625,6.5,7.9375,7.1875],"tintindex":0,"texture":"#0"},"up":{"uv":[6.5625,6.5,5.375,5.125],"tintindex":0,"texture":"#0"},"down":{"uv":[7.75,5.125,6.5625,6.5],"tintindex":0,"texture":"#0"}}},{"from":[5.1707315,5.4634147,9.756098],"to":[5.9512196,7.02439,14.829268],"faces":{"north":{"uv":[1.625,3.75,1.875,4.25],"tintindex":0,"texture":"#0"},"east":{"uv":[0.0,3.75,1.625,4.25],"tintindex":0,"texture":"#0"},"south":{"uv":[3.5,3.75,3.75,4.25],"tintindex":0,"texture":"#0"},"west":{"uv":[1.875,3.75,3.5,4.25],"tintindex":0,"texture":"#0"},"up":{"uv":[1.875,3.75,1.625,2.125],"tintindex":0,"texture":"#0"},"down":{"uv":[2.125,2.125,1.875,3.75],"tintindex":0,"texture":"#0"}}},{"from":[5.2682924,6.0487804,14.829268],"to":[5.8536587,7.02439,16.390244],"faces":{"north":{"uv":[8.5,8.9375,8.6875,9.25],"tintindex":0,"texture":"#0"},"east":{"uv":[8.0,8.9375,8.5,9.25],"tintindex":0,"texture":"#0"},"south":{"uv":[9.1875,8.9375,9.375,9.25],"tintindex":0,"texture":"#0"},"west":{"uv":[8.6875,8.9375,9.1875,9.25],"tintindex":0,"texture":"#0"},"up":{"uv":[8.6875,8.9375,8.5,8.4375],"tintindex":0,"texture":"#0"},"down":{"uv":[8.875,8.4375,8.6875,8.9375],"tintindex":0,"texture":"#0"}}},{"from":[9.756098,6.0487804,14.829268],"to":[10.341463,7.02439,16.390244],"faces":{"north":{"uv":[0.5,8.875,0.6875,9.1875],"tintindex":0,"texture":"#0"},"east":{"uv":[0.0,8.875,0.5,9.1875],"tintindex":0,"texture":"#0"},"south":{"uv":[1.1875,8.875,1.375,9.1875],"tintindex":0,"texture":"#0"},"west":{"uv":[0.6875,8.875,1.1875,9.1875],"tintindex":0,"texture":"#0"},"up":{"uv":[0.6875,8.875,0.5,8.375],"tintindex":0,"texture":"#0"},"down":{"uv":[0.875,8.375,0.6875,8.875],"tintindex":0,"texture":"#0"}}},{"from":[6.8292685,6.634146,1.5609756],"to":[7.414634,7.414634,6.8292685],"faces":{"north":{"uv":[9.6875,9.5,9.875,9.75],"tintindex":0,"texture":"#0"},"east":{"uv":[8.0,9.5,9.6875,9.75],"tintindex":0,"texture":"#0"},"south":{"uv":[11.5625,9.5,11.75,9.75],"tintindex":0,"texture":"#0"},"west":{"uv":[9.875,9.5,11.5625,9.75],"tintindex":0,"texture":"#0"},"up":{"uv":[9.875,9.5,9.6875,7.8125],"tintindex":0,"texture":"#0"},"down":{"uv":[10.0625,7.8125,9.875,9.5],"tintindex":0,"texture":"#0"}}},{"from":[6.497561,7.902439,12.843903],"to":[9.082927,9.853659,17.136585],"faces":{"north":{"uv":[9.1875,7.1875,10.0,7.8125],"tintindex":0,"texture":"#0"},"east":{"uv":[7.8125,7.1875,9.1875,7.8125],"tintindex":0,"texture":"#0"},"south":{"uv":[11.375,7.1875,12.1875,7.8125],"tintindex":0,"texture":"#0"},"west":{"uv":[10.0,7.1875,11.375,7.8125],"tintindex":0,"texture":"#0"},"up":{"uv":[10.0,7.1875,9.1875,5.8125],"tintindex":0,"texture":"#0"},"down":{"uv":[10.8125,5.8125,10.0,7.1875],"tintindex":0,"texture":"#0"}}},{"from":[9.658537,5.4634147,9.756098],"to":[10.439024,7.02439,14.829268],"faces":{"north":{"uv":[1.625,1.625,1.875,2.125],"tintindex":0,"texture":"#0"},"east":{"uv":[0.0,1.625,1.625,2.125],"tintindex":0,"texture":"#0"},"south":{"uv":[3.5,1.625,3.75,2.125],"tintindex":0,"texture":"#0"},"west":{"uv":[1.875,1.625,3.5,2.125],"tintindex":0,"texture":"#0"},"up":{"uv":[1.875,1.625,1.625,0.0],"tintindex":0,"texture":"#0"},"down":{"uv":[2.125,0.0,1.875,1.625],"tintindex":0,"texture":"#0"}}},{"from":[7.02439,9.95122,6.4390244],"to":[8.585366,10.341463,8.0],"faces":{"north":{"uv":[2.625,1.375,3.125,1.5],"tintindex":0,"texture":"#0"},"east":{"uv":[2.125,1.375,2.625,1.5],"tintindex":0,"texture":"#0"},"south":{"uv":[3.625,1.375,4.125,1.5],"tintindex":0,"texture":"#0"},"west":{"uv":[3.125,1.375,3.625,1.5],"tintindex":0,"texture":"#0"},"up":{"uv":[3.125,1.375,2.625,0.875],"tintindex":0,"texture":"#0"},"down":{"uv":[3.625,0.875,3.125,1.375],"tintindex":0,"texture":"#0"}}},{"from":[7.609756,10.341463,7.02439],"to":[8.0,13.073171,7.414634],"faces":{"north":{"uv":[3.75,0.125,3.875,1.0],"tintindex":0,"texture":"#0"},"east":{"uv":[3.625,0.125,3.75,1.0],"tintindex":0,"texture":"#0"},"south":{"uv":[4.0,0.125,4.125,1.0],"tintindex":0,"texture":"#0"},"west":{"uv":[3.875,0.125,4.0,1.0],"tintindex":0,"texture":"#0"},"up":{"uv":[3.875,0.125,3.75,0.0],"tintindex":0,"texture":"#0"},"down":{"uv":[4.0,0.0,3.875,0.125],"tintindex":0,"texture":"#0"}}},{"from":[6.243902,9.365853,4.878049],"to":[6.4390244,9.756098,5.2682924],"faces":{"north":{"uv":[1.375,1.4375,1.4375,1.5625],"tintindex":0,"texture":"#0"},"east":{"uv":[1.25,1.4375,1.375,1.5625],"tintindex":0,"texture":"#0"},"south":{"uv":[1.5625,1.4375,1.625,1.5625],"tintindex":0,"texture":"#0"},"west":{"uv":[1.4375,1.4375,1.5625,1.5625],"tintindex":0,"texture":"#0"},"up":{"uv":[1.4375,1.4375,1.375,1.3125],"tintindex":0,"texture":"#0"},"down":{"uv":[1.5,1.3125,1.4375,1.4375],"tintindex":0,"texture":"#0"}}},{"from":[9.170732,9.365853,4.878049],"to":[9.365853,9.756098,5.2682924],"faces":{"north":{"uv":[1.1875,0.375,1.25,0.5],"tintindex":0,"texture":"#0"},"east":{"uv":[1.0625,0.375,1.1875,0.5],"tintindex":0,"texture":"#0"},"south":{"uv":[1.375,0.375,1.4375,0.5],"tintindex":0,"texture":"#0"},"west":{"uv":[1.25,0.375,1.375,0.5],"tintindex":0,"texture":"#0"},"up":{"uv":[1.25,0.375,1.1875,0.25],"tintindex":0,"texture":"#0"},"down":{"uv":[1.3125,0.25,1.25,0.375],"tintindex":0,"texture":"#0"}}},{"from":[7.707317,13.073171,7.121951],"to":[7.902439,15.804878,7.3170733],"faces":{"north":{"uv":[3.8125,1.5625,3.875,2.4375],"tintindex":0,"texture":"#0"},"east":{"uv":[3.75,1.5625,3.8125,2.4375],"tintindex":0,"texture":"#0"},"south":{"uv":[3.9375,1.5625,4.0,2.4375],"tintindex":0,"texture":"#0"},"west":{"uv":[3.875,1.5625,3.9375,2.4375],"tintindex":0,"texture":"#0"},"up":{"uv":[3.875,1.5625,3.8125,1.5],"tintindex":0,"texture":"#0"},"down":{"uv":[3.9375,1.5,3.875,1.5625],"tintindex":0,"texture":"#0"}}},{"from":[9.170732,9.365853,6.243902],"to":[9.365853,9.756098,6.634146],"faces":{"north":{"uv":[1.1875,0.125,1.25,0.25],"tintindex":0,"texture":"#0"},"east":{"uv":[1.0625,0.125,1.1875,0.25],"tintindex":0,"texture":"#0"},"south":{"uv":[1.375,0.125,1.4375,0.25],"tintindex":0,"texture":"#0"},"west":{"uv":[1.25,0.125,1.375,0.25],"tintindex":0,"texture":"#0"},"up":{"uv":[1.25,0.125,1.1875,0.0],"tintindex":0,"texture":"#0"},"down":{"uv":[1.3125,0.0,1.25,0.125],"tintindex":0,"texture":"#0"}}},{"from":[6.243902,9.365853,6.243902],"to":[6.4390244,9.756098,6.634146],"faces":{"north":{"uv":[0.125,1.125,0.1875,1.25],"tintindex":0,"texture":"#0"},"east":{"uv":[0.0,1.125,0.125,1.25],"tintindex":0,"texture":"#0"},"south":{"uv":[0.3125,1.125,0.375,1.25],"tintindex":0,"texture":"#0"},"west":{"uv":[0.1875,1.125,0.3125,1.25],"tintindex":0,"texture":"#0"},"up":{"uv":[0.1875,1.125,0.125,1.0],"tintindex":0,"texture":"#0"},"down":{"uv":[0.25,1.0,0.1875,1.125],"tintindex":0,"texture":"#0"}}},{"from":[6.243902,9.365853,7.609756],"to":[6.4390244,9.756098,8.0],"faces":{"north":{"uv":[0.125,0.375,0.1875,0.5],"tintindex":0,"texture":"#0"},"east":{"uv":[0.0,0.375,0.125,0.5],"tintindex":0,"texture":"#0"},"south":{"uv":[0.3125,0.375,0.375,0.5],"tintindex":0,"texture":"#0"},"west":{"uv":[0.1875,0.375,0.3125,0.5],"tintindex":0,"texture":"#0"},"up":{"uv":[0.1875,0.375,0.125,0.25],"tintindex":0,"texture":"#0"},"down":{"uv":[0.25,0.25,0.1875,0.375],"tintindex":0,"texture":"#0"}}},{"from":[9.170732,9.365853,7.609756],"to":[9.365853,9.756098,8.0],"faces":{"north":{"uv":[0.125,0.125,0.1875,0.25],"tintindex":0,"texture":"#0"},"east":{"uv":[0.0,0.125,0.125,0.25],"tintindex":0,"texture":"#0"},"south":{"uv":[0.3125,0.125,0.375,0.25],"tintindex":0,"texture":"#0"},"west":{"uv":[0.1875,0.125,0.3125,0.25],"tintindex":0,"texture":"#0"},"up":{"uv":[0.1875,0.125,0.125,0.0],"tintindex":0,"texture":"#0"},"down":{"uv":[0.25,0.0,0.1875,0.125],"tintindex":0,"texture":"#0"}}},{"from":[6.8292685,10.536585,10.536585],"to":[7.02439,12.487804,13.658537],"faces":{"north":{"uv":[11.125,1.0,11.1875,1.625],"tintindex":0,"texture":"#0"},"east":{"uv":[10.125,1.0,11.125,1.625],"tintindex":0,"texture":"#0"},"south":{"uv":[12.1875,1.0,12.25,1.625],"tintindex":0,"texture":"#0"},"west":{"uv":[11.1875,1.0,12.1875,1.625],"tintindex":0,"texture":"#0"},"up":{"uv":[11.1875,1.0,11.125,0.0],"tintindex":0,"texture":"#0"},"down":{"uv":[11.25,0.0,11.1875,1.0],"tintindex":0,"texture":"#0"}}},{"from":[8.585366,10.536585,10.536585],"to":[8.780488,12.487804,13.658537],"faces":{"north":{"uv":[11.0625,8.8125,11.125,9.4375],"tintindex":0,"texture":"#0"},"east":{"uv":[10.0625,8.8125,11.0625,9.4375],"tintindex":0,"texture":"#0"},"south":{"uv":[12.125,8.8125,12.1875,9.4375],"tintindex":0,"texture":"#0"},"west":{"uv":[11.125,8.8125,12.125,9.4375],"tintindex":0,"texture":"#0"},"up":{"uv":[11.125,8.8125,11.0625,7.8125],"tintindex":0,"texture":"#0"},"down":{"uv":[11.1875,7.8125,11.125,8.8125],"tintindex":0,"texture":"#0"}}},{"from":[7.219512,9.95122,1.3658538],"to":[8.390244,10.341463,4.487805],"faces":{"north":{"uv":[7.0625,3.6875,7.4375,3.8125],"tintindex":0,"texture":"#0"},"east":{"uv":[6.0625,3.6875,7.0625,3.8125],"tintindex":0,"texture":"#0"},"south":{"uv":[8.4375,3.6875,8.8125,3.8125],"tintindex":0,"texture":"#0"},"west":{"uv":[7.4375,3.6875,8.4375,3.8125],"tintindex":0,"texture":"#0"},"up":{"uv":[7.4375,3.6875,7.0625,2.6875],"tintindex":0,"texture":"#0"},"down":{"uv":[7.8125,2.6875,7.4375,3.6875],"tintindex":0,"texture":"#0"}}},{"from":[6.0487804,7.804878,9.170732],"to":[6.4390244,8.780488,11.707317],"faces":{"north":{"uv":[9.375,12.375,9.5,12.6875],"tintindex":0,"texture":"#0"},"east":{"uv":[8.5625,12.375,9.375,12.6875],"tintindex":0,"texture":"#0"},"south":{"uv":[10.3125,12.375,10.4375,12.6875],"tintindex":0,"texture":"#0"},"west":{"uv":[9.5,12.375,10.3125,12.6875],"tintindex":0,"texture":"#0"},"up":{"uv":[9.5,12.375,9.375,11.5625],"tintindex":0,"texture":"#0"},"down":{"uv":[9.625,11.5625,9.5,12.375],"tintindex":0,"texture":"#0"}}},{"from":[9.170732,7.804878,9.170732],"to":[9.560976,8.780488,11.707317],"faces":{"north":{"uv":[6.875,0.8125,7.0,1.125],"tintindex":0,"texture":"#0"},"east":{"uv":[6.0625,0.8125,6.875,1.125],"tintindex":0,"texture":"#0"},"south":{"uv":[7.8125,0.8125,7.9375,1.125],"tintindex":0,"texture":"#0"},"west":{"uv":[7.0,0.8125,7.8125,1.125],"tintindex":0,"texture":"#0"},"up":{"uv":[7.0,0.8125,6.875,0.0],"tintindex":0,"texture":"#0"},"down":{"uv":[7.125,0.0,7.0,0.8125],"tintindex":0,"texture":"#0"}}}],"display":{"fixed":{"scale":[4,4,4]}}}