{"textures":{"0":"bettermodel:item/aurora_aurora_058","1":"bettermodel:item/aurora_aurora_058_e","particle":"bettermodel:item/aurora_aurora_058"},"elements":[{"from":[7.707317,4.780488,8.0],"to":[8.682927,11.609756,9.95122],"faces":{"north":{"uv":[3.75,10.6875,4.0625,12.875],"tintindex":0,"texture":"#0"},"east":{"uv":[3.125,10.6875,3.75,12.875],"tintindex":0,"texture":"#0"},"south":{"uv":[4.6875,10.6875,5.0,12.875],"tintindex":0,"texture":"#0"},"west":{"uv":[4.0625,10.6875,4.6875,12.875],"tintindex":0,"texture":"#0"},"up":{"uv":[4.0625,10.6875,3.75,10.0625],"tintindex":0,"texture":"#0"},"down":{"uv":[4.375,10.0625,4.0625,10.6875],"tintindex":0,"texture":"#0"}}},{"from":[8.0,3.4146342,8.04878],"to":[8.390244,13.170732,11.95122],"faces":{"north":{"uv":[6.5,8.4375,6.625,11.5625],"tintindex":0,"texture":"#0"},"east":{"uv":[5.25,8.4375,6.5,11.5625],"tintindex":0,"texture":"#0"},"south":{"uv":[7.875,8.4375,8.0,11.5625],"tintindex":0,"texture":"#0"},"west":{"uv":[6.625,8.4375,7.875,11.5625],"tintindex":0,"texture":"#0"},"up":{"uv":[6.625,8.4375,6.5,7.1875],"tintindex":0,"texture":"#0"},"down":{"uv":[6.75,7.1875,6.625,8.4375],"tintindex":0,"texture":"#0"}}},{"from":[7.219512,5.3658533,8.195122],"to":[9.170732,6.9268293,9.756098],"faces":{"north":{"uv":[5.5,12.0625,6.125,12.5625],"tintindex":0,"texture":"#0"},"east":{"uv":[5.0,12.0625,5.5,12.5625],"tintindex":0,"texture":"#0"},"south":{"uv":[6.625,12.0625,7.25,12.5625],"tintindex":0,"texture":"#0"},"west":{"uv":[6.125,12.0625,6.625,12.5625],"tintindex":0,"texture":"#0"},"up":{"uv":[6.125,12.0625,5.5,11.5625],"tintindex":0,"texture":"#0"},"down":{"uv":[6.75,11.5625,6.125,12.0625],"tintindex":0,"texture":"#0"}}},{"from":[7.219512,8.878049,8.195122],"to":[9.170732,10.439024,9.756098],"faces":{"north":{"uv":[11.75,0.5,12.375,1.0],"tintindex":0,"texture":"#0"},"east":{"uv":[11.25,0.5,11.75,1.0],"tintindex":0,"texture":"#0"},"south":{"uv":[12.875,0.5,13.5,1.0],"tintindex":0,"texture":"#0"},"west":{"uv":[12.375,0.5,12.875,1.0],"tintindex":0,"texture":"#0"},"up":{"uv":[12.375,0.5,11.75,0.0],"tintindex":0,"texture":"#0"},"down":{"uv":[13.0,0.0,12.375,0.5],"tintindex":0,"texture":"#0"}}},{"from":[7.804878,8.878049,9.95122],"to":[8.585366,10.243902,11.707317],"faces":{"north":{"uv":[0.5625,2.6875,0.8125,3.125],"tintindex":0,"texture":"#0"},"east":{"uv":[0.0,2.6875,0.5625,3.125],"tintindex":0,"texture":"#0"},"south":{"uv":[1.375,2.6875,1.625,3.125],"tintindex":0,"texture":"#0"},"west":{"uv":[0.8125,2.6875,1.375,3.125],"tintindex":0,"texture":"#0"},"up":{"uv":[0.8125,2.6875,0.5625,2.125],"tintindex":0,"texture":"#0"},"down":{"uv":[1.0625,2.125,0.8125,2.6875],"tintindex":0,"texture":"#0"}}},{"from":[7.804878,5.4634147,9.95122],"to":[8.585366,6.8292685,11.707317],"faces":{"north":{"uv":[0.5625,0.5625,0.8125,1.0],"tintindex":0,"texture":"#0"},"east":{"uv":[0.0,0.5625,0.5625,1.0],"tintindex":0,"texture":"#0"},"south":{"uv":[1.375,0.5625,1.625,1.0],"tintindex":0,"texture":"#0"},"west":{"uv":[0.8125,0.5625,1.375,1.0],"tintindex":0,"texture":"#0"},"up":{"uv":[0.8125,0.5625,0.5625,0.0],"tintindex":0,"texture":"#0"},"down":{"uv":[1.0625,0.0,0.8125,0.5625],"tintindex":0,"texture":"#0"}}}],"display":{"fixed":{"scale":[4,4,4]}}}