{"textures":{"0":"bettermodel:item/aurora_aurora_058","1":"bettermodel:item/aurora_aurora_058_e","particle":"bettermodel:item/aurora_aurora_058"},"elements":[{"from":[8.780488,7.219512,7.219512],"to":[8.97561,8.97561,8.97561],"faces":{"north":{"uv":[4.5625,5.6875,4.625,6.25],"tintindex":0,"texture":"#0"},"east":{"uv":[4.0,5.6875,4.5625,6.25],"tintindex":0,"texture":"#0"},"south":{"uv":[5.1875,5.6875,5.25,6.25],"tintindex":0,"texture":"#0"},"west":{"uv":[4.625,5.6875,5.1875,6.25],"tintindex":0,"texture":"#0"},"up":{"uv":[4.625,5.6875,4.5625,5.125],"tintindex":0,"texture":"#0"},"down":{"uv":[4.6875,5.125,4.625,5.6875],"tintindex":0,"texture":"#0"}}}],"display":{"fixed":{"scale":[4,4,4]}}}