{"textures":{"0":"bettermodel:item/aurora_aurora_058","1":"bettermodel:item/aurora_aurora_058_e","particle":"bettermodel:item/aurora_aurora_058"},"elements":[{"from":[7.756098,7.365854,7.365854],"to":[8.243902,8.634147,8.634147],"faces":{"north":{"uv":[0.5,5.5,0.375,5.875],"tintindex":0,"texture":"#0"},"east":{"uv":[0.875,5.5,0.5,5.875],"tintindex":0,"texture":"#0"},"south":{"uv":[1.0,5.5,0.875,5.875],"tintindex":0,"texture":"#0"},"west":{"uv":[0.375,5.5,0.0,5.875],"tintindex":0,"texture":"#0"},"up":{"uv":[0.375,5.5,0.5,5.125],"tintindex":0,"texture":"#0"},"down":{"uv":[0.5,5.125,0.625,5.5],"tintindex":0,"texture":"#0"}}},{"from":[7.804878,7.414634,7.414634],"to":[8.195122,8.585366,8.585366],"faces":{"north":{"uv":[7.625,0.375,7.5,0.75],"tintindex":0,"texture":"#0"},"east":{"uv":[8.0,0.375,7.625,0.75],"tintindex":0,"texture":"#0"},"south":{"uv":[8.125,0.375,8.0,0.75],"tintindex":0,"texture":"#0"},"west":{"uv":[7.5,0.375,7.125,0.75],"tintindex":0,"texture":"#0"},"up":{"uv":[7.5,0.375,7.625,0.0],"tintindex":0,"texture":"#0"},"down":{"uv":[7.625,0.0,7.75,0.375],"tintindex":0,"texture":"#0"}}}],"display":{"fixed":{"scale":[4,4,4]}}}