{"textures":{"0":"bettermodel:item/aurora_aurora_058","1":"bettermodel:item/aurora_aurora_058_e","particle":"bettermodel:item/aurora_aurora_058"},"elements":[{"from":[7.3170733,7.121951,8.0],"to":[8.682927,8.878049,11.512196],"faces":{"north":{"uv":[3.1875,9.5,3.625,10.0625],"tintindex":0,"texture":"#0"},"east":{"uv":[2.0625,9.5,3.1875,10.0625],"tintindex":0,"texture":"#0"},"south":{"uv":[4.75,9.5,5.1875,10.0625],"tintindex":0,"texture":"#0"},"west":{"uv":[3.625,9.5,4.75,10.0625],"tintindex":0,"texture":"#0"},"up":{"uv":[3.625,9.5,3.1875,8.375],"tintindex":0,"texture":"#0"},"down":{"uv":[4.0625,8.375,3.625,9.5],"tintindex":0,"texture":"#0"}}}],"display":{"fixed":{"scale":[4,4,4]}}}