{"textures":{"0":"bettermodel:item/aurora_aurora_058","1":"bettermodel:item/aurora_aurora_058_e","particle":"bettermodel:item/aurora_aurora_058"},"elements":[{"from":[8.0,5.8536587,6.1463413],"to":[8.0,8.0,9.853659],"faces":{"north":{"uv":[1.1875,6.5,1.1875,7.1875],"tintindex":0,"texture":"#0"},"east":{"uv":[0.0,6.5,1.1875,7.1875],"tintindex":0,"texture":"#0"},"south":{"uv":[2.375,6.5,2.375,7.1875],"tintindex":0,"texture":"#0"},"west":{"uv":[1.1875,6.5,2.375,7.1875],"tintindex":0,"texture":"#0"},"up":{"uv":[1.1875,6.5,1.1875,5.3125],"tintindex":0,"texture":"#0"},"down":{"uv":[1.1875,5.3125,1.1875,6.5],"tintindex":0,"texture":"#0"}}}],"display":{"fixed":{"scale":[4,4,4]}}}