{"textures":{"0":"bettermodel:item/aurora_aurora_058","1":"bettermodel:item/aurora_aurora_058_e","particle":"bettermodel:item/aurora_aurora_058"},"elements":[{"from":[6.3414636,7.707317,7.609756],"to":[9.658537,8.292683,8.390244],"faces":{"north":{"uv":[7.0,11.8125,8.0625,12.0],"tintindex":0,"texture":"#0"},"east":{"uv":[6.75,11.8125,7.0,12.0],"tintindex":0,"texture":"#0"},"south":{"uv":[8.3125,11.8125,9.375,12.0],"tintindex":0,"texture":"#0"},"west":{"uv":[8.0625,11.8125,8.3125,12.0],"tintindex":0,"texture":"#0"},"up":{"uv":[8.0625,11.8125,7.0,11.5625],"tintindex":0,"texture":"#0"},"down":{"uv":[9.125,11.5625,8.0625,11.8125],"tintindex":0,"texture":"#0"}}},{"from":[5.5609756,7.707317,7.609756],"to":[6.3414636,8.292683,8.780488],"faces":{"north":{"uv":[0.375,3.5,0.625,3.6875],"tintindex":0,"texture":"#0"},"east":{"uv":[0.0,3.5,0.375,3.6875],"tintindex":0,"texture":"#0"},"south":{"uv":[1.0,3.5,1.25,3.6875],"tintindex":0,"texture":"#0"},"west":{"uv":[0.625,3.5,1.0,3.6875],"tintindex":0,"texture":"#0"},"up":{"uv":[0.625,3.5,0.375,3.125],"tintindex":0,"texture":"#0"},"down":{"uv":[0.875,3.125,0.625,3.5],"tintindex":0,"texture":"#0"}}}],"display":{"fixed":{"scale":[4,4,4]}}}