{"textures":{"0":"bettermodel:item/aurora_aurora_058","1":"bettermodel:item/aurora_aurora_058_e","particle":"bettermodel:item/aurora_aurora_058"},"elements":[{"from":[6.4390244,7.414634,6.8292685],"to":[9.170732,10.146341,9.756098],"faces":{"north":{"uv":[8.9375,10.6875,9.8125,11.5625],"tintindex":0,"texture":"#0"},"east":{"uv":[8.0,10.6875,8.9375,11.5625],"tintindex":0,"texture":"#0"},"south":{"uv":[10.75,10.6875,11.625,11.5625],"tintindex":0,"texture":"#0"},"west":{"uv":[9.8125,10.6875,10.75,11.5625],"tintindex":0,"texture":"#0"},"up":{"uv":[9.8125,10.6875,8.9375,9.75],"tintindex":0,"texture":"#0"},"down":{"uv":[10.6875,9.75,9.8125,10.6875],"tintindex":0,"texture":"#0"}}},{"from":[5.658537,7.219512,6.2341466],"to":[6.8292685,8.390244,8.965854],"faces":{"north":{"uv":[10.375,5.125,10.75,5.5],"tintindex":0,"texture":"#0"},"east":{"uv":[9.5,5.125,10.375,5.5],"tintindex":0,"texture":"#0"},"south":{"uv":[11.625,5.125,12.0,5.5],"tintindex":0,"texture":"#0"},"west":{"uv":[10.75,5.125,11.625,5.5],"tintindex":0,"texture":"#0"},"up":{"uv":[10.75,5.125,10.375,4.25],"tintindex":0,"texture":"#0"},"down":{"uv":[11.125,4.25,10.75,5.125],"tintindex":0,"texture":"#0"}}},{"from":[8.780488,7.219512,6.2341466],"to":[9.95122,8.390244,8.965854],"faces":{"north":{"uv":[8.8125,3.8125,9.1875,4.1875],"tintindex":0,"texture":"#0"},"east":{"uv":[7.9375,3.8125,8.8125,4.1875],"tintindex":0,"texture":"#0"},"south":{"uv":[10.0625,3.8125,10.4375,4.1875],"tintindex":0,"texture":"#0"},"west":{"uv":[9.1875,3.8125,10.0625,4.1875],"tintindex":0,"texture":"#0"},"up":{"uv":[9.1875,3.8125,8.8125,2.9375],"tintindex":0,"texture":"#0"},"down":{"uv":[9.5625,2.9375,9.1875,3.8125],"tintindex":0,"texture":"#0"}}},{"from":[7.121951,7.9512196,6.4390244],"to":[8.487804,8.926829,6.8292685],"faces":{"north":{"uv":[6.1875,3.9375,6.625,4.25],"tintindex":0,"texture":"#0"},"east":{"uv":[6.0625,3.9375,6.1875,4.25],"tintindex":0,"texture":"#0"},"south":{"uv":[6.75,3.9375,7.1875,4.25],"tintindex":0,"texture":"#0"},"west":{"uv":[6.625,3.9375,6.75,4.25],"tintindex":0,"texture":"#0"},"up":{"uv":[6.625,3.9375,6.1875,3.8125],"tintindex":0,"texture":"#0"},"down":{"uv":[7.0625,3.8125,6.625,3.9375],"tintindex":0,"texture":"#0"}}},{"from":[5.8536587,7.414634,6.0390244],"to":[6.634146,8.195122,6.2341466],"faces":{"north":{"uv":[2.1875,3.0625,2.4375,3.3125],"tintindex":0,"texture":"#0"},"east":{"uv":[2.125,3.0625,2.1875,3.3125],"tintindex":0,"texture":"#0"},"south":{"uv":[2.5,3.0625,2.75,3.3125],"tintindex":0,"texture":"#0"},"west":{"uv":[2.4375,3.0625,2.5,3.3125],"tintindex":0,"texture":"#0"},"up":{"uv":[2.4375,3.0625,2.1875,3.0],"tintindex":0,"texture":"#0"},"down":{"uv":[2.6875,3.0,2.4375,3.0625],"tintindex":0,"texture":"#0"}}},{"from":[8.97561,7.414634,6.0390244],"to":[9.756098,8.195122,6.2341466],"faces":{"north":{"uv":[0.9375,1.0625,1.1875,1.3125],"tintindex":0,"texture":"#0"},"east":{"uv":[0.875,1.0625,0.9375,1.3125],"tintindex":0,"texture":"#0"},"south":{"uv":[1.25,1.0625,1.5,1.3125],"tintindex":0,"texture":"#0"},"west":{"uv":[1.1875,1.0625,1.25,1.3125],"tintindex":0,"texture":"#0"},"up":{"uv":[1.1875,1.0625,0.9375,1.0],"tintindex":0,"texture":"#0"},"down":{"uv":[1.4375,1.0,1.1875,1.0625],"tintindex":0,"texture":"#0"}}}],"display":{"fixed":{"scale":[4,4,4]}}}