{"textures":{"0":"bettermodel:item/aurora_aurora_058","1":"bettermodel:item/aurora_aurora_058_e","particle":"bettermodel:item/aurora_aurora_058"},"elements":[{"from":[7.9430847,8.464417,6.634146],"to":[8.528451,10.610759,9.365853],"faces":{"north":{"uv":[11.9375,6.375,11.75,7.0625],"tintindex":0,"texture":"#0"},"east":{"uv":[12.8125,6.375,11.9375,7.0625],"tintindex":0,"texture":"#0"},"south":{"uv":[13.0,6.375,12.8125,7.0625],"tintindex":0,"texture":"#0"},"west":{"uv":[11.75,6.375,10.875,7.0625],"tintindex":0,"texture":"#0"},"up":{"uv":[11.75,6.375,11.9375,5.5],"tintindex":0,"texture":"#0"},"down":{"uv":[11.9375,5.5,12.125,6.375],"tintindex":0,"texture":"#0"}}}],"display":{"fixed":{"scale":[4,4,4]}}}