{"textures":{"0":"bettermodel:item/chlly_guy_chlly_guy","particle":"bettermodel:item/chlly_guy_chlly_guy"},"elements":[{"from":[7.6431904,7.8048196,7.8810534],"to":[8.144995,9.151641,8.118946],"rotation":{"angle":22.5,"axis":"z","origin":[8.070654,8.209981,8.123902]},"faces":{"north":{"uv":[5.5,8.0,6.125,9.75],"tintindex":0,"texture":"#0"},"east":{"uv":[4.5,10.0,4.75,11.75],"tintindex":0,"texture":"#0"},"south":{"uv":[7.75,8.25,8.375,10.0],"tintindex":0,"texture":"#0"},"west":{"uv":[4.75,10.0,5.0,11.75],"tintindex":0,"texture":"#0"},"up":{"uv":[11.125,11.25,10.5,11.0],"tintindex":0,"texture":"#0"},"down":{"uv":[11.875,0.0,11.25,0.25],"tintindex":0,"texture":"#0"}}}],"display":{"fixed":{"scale":[4,4,4]}}}