{"textures":{"0":"bettermodel:item/chlly_guy_chlly_guy","particle":"bettermodel:item/chlly_guy_chlly_guy"},"elements":[{"from":[7.7069697,7.7903004,7.63201],"to":[8.320287,7.945674,8.3679905],"faces":{"north":{"uv":[5.0,11.0,5.75,11.25],"tintindex":0,"texture":"#0"},"east":{"uv":[0.75,11.0,1.75,11.25],"tintindex":0,"texture":"#0"},"south":{"uv":[5.75,11.0,6.5,11.25],"tintindex":0,"texture":"#0"},"west":{"uv":[1.75,11.0,2.75,11.25],"tintindex":0,"texture":"#0"},"up":{"uv":[10.25,10.0,9.5,9.0],"tintindex":0,"texture":"#0"},"down":{"uv":[10.5,1.0,9.75,2.0],"tintindex":0,"texture":"#0"}}},{"from":[7.7887454,7.504086,7.795561],"to":[8.156735,7.823011,8.204439],"faces":{"north":{"uv":[6.5,11.0,7.0,11.375],"tintindex":0,"texture":"#0"},"east":{"uv":[8.0,11.0,8.5,11.375],"tintindex":0,"texture":"#0"},"south":{"uv":[8.5,11.0,9.0,11.375],"tintindex":0,"texture":"#0"},"west":{"uv":[11.0,8.5,11.5,8.875],"tintindex":0,"texture":"#0"},"up":{"uv":[8.5,3.75,8.0,3.25],"tintindex":0,"texture":"#0"},"down":{"uv":[6.75,8.0,6.25,8.5],"tintindex":0,"texture":"#0"}}},{"from":[7.7478576,7.945674,7.6728973],"to":[8.279399,8.991262,8.327103],"faces":{"north":{"uv":[10.0,2.0,10.625,3.125],"tintindex":0,"texture":"#0"},"east":{"uv":[8.75,5.25,9.625,6.375],"tintindex":0,"texture":"#0"},"south":{"uv":[3.75,10.0,4.375,11.125],"tintindex":0,"texture":"#0"},"west":{"uv":[1.0,9.0,1.875,10.125],"tintindex":0,"texture":"#0"},"up":{"uv":[11.125,1.875,10.5,1.0],"tintindex":0,"texture":"#0"},"down":{"uv":[11.125,3.25,10.5,4.125],"tintindex":0,"texture":"#0"}}}],"display":{"fixed":{"scale":[4,4,4]}}}