{"textures":{"0":"bettermodel:item/chlly_guy_chlly_guy","particle":"bettermodel:item/chlly_guy_chlly_guy"},"elements":[{"from":[7.2640195,6.9369154,7.627922],"to":[8.73598,9.063084,8.37208],"faces":{"north":{"uv":[0.0,0.0,1.875,2.75],"tintindex":0,"texture":"#0"},"east":{"uv":[4.5,4.5,5.5,7.25],"tintindex":0,"texture":"#0"},"south":{"uv":[2.0,0.0,3.875,2.75],"tintindex":0,"texture":"#0"},"west":{"uv":[0.0,5.0,1.0,7.75],"tintindex":0,"texture":"#0"},"up":{"uv":[7.125,2.25,5.25,1.25],"tintindex":0,"texture":"#0"},"down":{"uv":[7.375,4.5,5.5,5.5],"tintindex":0,"texture":"#0"}}}],"display":{"fixed":{"scale":[4,4,4]}}}