{"textures":{"0":"bettermodel:item/chlly_guy_chlly_guy","particle":"bettermodel:item/chlly_guy_chlly_guy"},"elements":[{"from":[7.6728973,8.006468,6.842205],"to":[8.327103,8.578897,7.9870634],"faces":{"north":{"uv":[9.25,10.0,10.125,10.75],"tintindex":0,"texture":"#0"},"east":{"uv":[5.75,3.75,7.25,4.5],"tintindex":0,"texture":"#0"},"south":{"uv":[1.0,10.25,1.875,11.0],"tintindex":0,"texture":"#0"},"west":{"uv":[7.25,1.5,8.75,2.25],"tintindex":0,"texture":"#0"},"up":{"uv":[8.375,5.25,7.5,3.75],"tintindex":0,"texture":"#0"},"down":{"uv":[0.875,7.75,0.0,9.25],"tintindex":0,"texture":"#0"}}}],"display":{"fixed":{"scale":[4,4,4]}}}