{"textures":{"0":"bettermodel:item/chlly_guy_chlly_guy","particle":"bettermodel:item/chlly_guy_chlly_guy"},"elements":[{"from":[7.8966985,7.955758,8.0],"to":[8.3206005,8.052343,8.0],"faces":{"north":{"uv":[11.25,1.0,11.75,1.125],"tintindex":0,"texture":"#0"},"east":{"uv":[0.0,0.0,0.0,0.125],"tintindex":0,"texture":"#0"},"south":{"uv":[11.25,1.25,11.75,1.375],"tintindex":0,"texture":"#0"},"west":{"uv":[0.0,0.0,0.0,0.125],"tintindex":0,"texture":"#0"},"up":{"uv":[0.5,0.0,0.0,0.0],"tintindex":0,"texture":"#0"},"down":{"uv":[0.5,0.0,0.0,0.0],"tintindex":0,"texture":"#0"}}},{"from":[7.8541737,7.968595,8.0],"to":[7.9414907,8.040791,8.0],"rotation":{"angle":45.0,"axis":"z","origin":[7.9051495,7.992498,8.0]},"faces":{"north":{"uv":[3.75,9.25,3.875,9.375],"tintindex":0,"texture":"#0"},"east":{"uv":[0.0,0.0,0.0,0.125],"tintindex":0,"texture":"#0"},"south":{"uv":[9.25,8.0,9.375,8.125],"tintindex":0,"texture":"#0"},"west":{"uv":[0.0,0.0,0.0,0.125],"tintindex":0,"texture":"#0"},"up":{"uv":[0.125,0.0,0.0,0.0],"tintindex":0,"texture":"#0"},"down":{"uv":[0.125,0.0,0.0,0.0],"tintindex":0,"texture":"#0"}}}],"display":{"fixed":{"scale":[4,4,4]}}}