{"textures":{"0":"bettermodel:item/chlly_guy_chlly_guy","particle":"bettermodel:item/chlly_guy_chlly_guy"},"elements":[{"from":[7.7398047,7.9468117,7.8810534],"to":[8.260195,9.126363,8.118946],"faces":{"north":{"uv":[3.0,9.25,3.625,10.75],"tintindex":0,"texture":"#0"},"east":{"uv":[7.25,8.5,7.5,10.0],"tintindex":0,"texture":"#0"},"south":{"uv":[9.25,6.5,9.875,8.0],"tintindex":0,"texture":"#0"},"west":{"uv":[7.5,8.5,7.75,10.0],"tintindex":0,"texture":"#0"},"up":{"uv":[11.875,0.5,11.25,0.25],"tintindex":0,"texture":"#0"},"down":{"uv":[11.875,0.5,11.25,0.75],"tintindex":0,"texture":"#0"}}}],"display":{"fixed":{"scale":[4,4,4]}}}