{"textures":{"0":"bettermodel:item/chlly_guy_chlly_guy","particle":"bettermodel:item/chlly_guy_chlly_guy"},"elements":[{"from":[8.193902,7.8946342,8.0],"to":[8.422683,8.105366,8.0],"faces":{"north":{"uv":[7.25,3.75,7.5,4.0],"tintindex":0,"texture":"#0"},"east":{"uv":[0.0,0.0,0.0,0.25],"tintindex":0,"texture":"#0"},"south":{"uv":[7.25,4.0,7.5,4.25],"tintindex":0,"texture":"#0"},"west":{"uv":[0.0,0.0,0.0,0.25],"tintindex":0,"texture":"#0"},"up":{"uv":[0.25,0.0,0.0,0.0],"tintindex":0,"texture":"#0"},"down":{"uv":[0.25,0.0,0.0,0.0],"tintindex":0,"texture":"#0"}}}],"display":{"fixed":{"scale":[4,4,4]}}}