{"textures":{"0":"bettermodel:item/chlly_guy_chlly_guy","particle":"bettermodel:item/chlly_guy_chlly_guy"},"elements":[{"from":[7.6728973,7.795561,7.6728954],"to":[8.327103,8.940419,8.327101],"faces":{"north":{"uv":[3.5,6.25,4.375,7.75],"tintindex":0,"texture":"#0"},"east":{"uv":[6.75,5.5,7.625,7.0],"tintindex":0,"texture":"#0"},"south":{"uv":[7.0,2.25,7.875,3.75],"tintindex":0,"texture":"#0"},"west":{"uv":[6.75,7.0,7.625,8.5],"tintindex":0,"texture":"#0"},"up":{"uv":[9.875,3.125,9.0,2.25],"tintindex":0,"texture":"#0"},"down":{"uv":[10.375,0.0,9.5,0.875],"tintindex":0,"texture":"#0"}}},{"from":[7.63201,7.4684606,7.6320076],"to":[8.3679905,7.795561,8.367989],"faces":{"north":{"uv":[8.0,10.5,9.0,10.875],"tintindex":0,"texture":"#0"},"east":{"uv":[10.25,10.5,11.25,10.875],"tintindex":0,"texture":"#0"},"south":{"uv":[10.75,2.0,11.75,2.375],"tintindex":0,"texture":"#0"},"west":{"uv":[10.75,2.5,11.75,2.875],"tintindex":0,"texture":"#0"},"up":{"uv":[9.0,3.25,8.0,2.25],"tintindex":0,"texture":"#0"},"down":{"uv":[9.5,0.0,8.5,1.0],"tintindex":0,"texture":"#0"}}}],"display":{"fixed":{"scale":[4,4,4]}}}