{"textures":{"0":"bettermodel:item/chlly_guy_chlly_guy","particle":"bettermodel:item/chlly_guy_chlly_guy"},"elements":[{"from":[7.720601,7.945674,7.6728973],"to":[8.252142,8.991262,8.327103],"faces":{"north":{"uv":[5.75,9.75,6.375,10.875],"tintindex":0,"texture":"#0"},"east":{"uv":[8.75,1.0,9.625,2.125],"tintindex":0,"texture":"#0"},"south":{"uv":[6.5,9.75,7.125,10.875],"tintindex":0,"texture":"#0"},"west":{"uv":[4.0,8.75,4.875,9.875],"tintindex":0,"texture":"#0"},"up":{"uv":[0.625,11.375,0.0,10.5],"tintindex":0,"texture":"#0"},"down":{"uv":[11.125,0.0,10.5,0.875],"tintindex":0,"texture":"#0"}}},{"from":[7.843264,7.504086,7.795561],"to":[8.211254,7.823011,8.204439],"faces":{"north":{"uv":[4.0,8.25,4.5,8.625],"tintindex":0,"texture":"#0"},"east":{"uv":[5.0,8.75,5.5,9.125],"tintindex":0,"texture":"#0"},"south":{"uv":[5.0,9.25,5.5,9.625],"tintindex":0,"texture":"#0"},"west":{"uv":[8.0,10.0,8.5,10.375],"tintindex":0,"texture":"#0"},"up":{"uv":[4.5,2.75,4.0,2.25],"tintindex":0,"texture":"#0"},"down":{"uv":[4.5,7.75,4.0,8.25],"tintindex":0,"texture":"#0"}}},{"from":[7.6797132,7.7903004,7.63201],"to":[8.29303,7.945674,8.3679905],"faces":{"north":{"uv":[3.0,10.75,3.75,11.0],"tintindex":0,"texture":"#0"},"east":{"uv":[5.75,3.5,6.75,3.75],"tintindex":0,"texture":"#0"},"south":{"uv":[2.75,11.0,3.5,11.25],"tintindex":0,"texture":"#0"},"west":{"uv":[10.75,3.0,11.75,3.25],"tintindex":0,"texture":"#0"},"up":{"uv":[10.25,9.0,9.5,8.0],"tintindex":0,"texture":"#0"},"down":{"uv":[9.25,9.5,8.5,10.5],"tintindex":0,"texture":"#0"}}}],"display":{"fixed":{"scale":[4,4,4]}}}