{"textures":{"0":"bettermodel:item/chlly_guy_chlly_guy","particle":"bettermodel:item/chlly_guy_chlly_guy"},"elements":[{"from":[7.734228,7.477206,7.6728973],"to":[8.26577,8.522795,8.327103],"faces":{"north":{"uv":[5.0,9.75,5.625,10.875],"tintindex":0,"texture":"#0"},"east":{"uv":[6.25,8.5,7.125,9.625],"tintindex":0,"texture":"#0"},"south":{"uv":[9.75,5.25,10.375,6.375],"tintindex":0,"texture":"#0"},"west":{"uv":[8.5,8.25,9.375,9.375],"tintindex":0,"texture":"#0"},"up":{"uv":[10.875,9.375,10.25,8.5],"tintindex":0,"texture":"#0"},"down":{"uv":[10.875,9.5,10.25,10.375],"tintindex":0,"texture":"#0"}}}],"display":{"fixed":{"scale":[4,4,4]}}}