{"textures":{"0":"bettermodel:item/chlly_guy_chlly_guy","particle":"bettermodel:item/chlly_guy_chlly_guy"},"elements":[{"from":[8.2524395,7.953171,8.0],"to":[8.364146,8.046829,8.0],"faces":{"north":{"uv":[7.5,4.25,7.25,4.375],"tintindex":0,"texture":"#0"},"east":{"uv":[0.0,0.0,0.0,0.125],"tintindex":0,"texture":"#0"},"south":{"uv":[7.75,5.25,7.5,5.375],"tintindex":0,"texture":"#0"},"west":{"uv":[0.0,0.0,0.0,0.125],"tintindex":0,"texture":"#0"},"up":{"uv":[0.0,0.0,0.25,0.0],"tintindex":0,"texture":"#0"},"down":{"uv":[0.0,0.0,0.25,0.0],"tintindex":0,"texture":"#0"}}}],"display":{"fixed":{"scale":[4,4,4]}}}