{"textures":{"0":"bettermodel:item/chlly_guy_chlly_guy","particle":"bettermodel:item/chlly_guy_chlly_guy"},"elements":[{"from":[6.4390244,4.2926826,6.9268293],"to":[9.560976,11.902439,9.073171],"faces":{"north":{"uv":[0.0,0.0,4.0,9.75],"tintindex":0,"texture":"#0"},"east":{"uv":[0.0,0.0,2.75,9.75],"tintindex":0,"texture":"#0"},"south":{"uv":[0.0,0.0,4.0,9.75],"tintindex":0,"texture":"#0"},"west":{"uv":[0.0,0.0,2.75,9.75],"tintindex":0,"texture":"#0"},"up":{"uv":[0.0,0.0,4.0,2.75],"tintindex":0,"texture":"#0"},"down":{"uv":[0.0,0.0,4.0,2.75],"tintindex":0,"texture":"#0"}}}],"display":{"fixed":{"scale":[4,4,4]}}}