{"textures":{"0":"bettermodel:item/chlly_guy_chlly_guy","particle":"bettermodel:item/chlly_guy_chlly_guy"},"elements":[{"from":[7.3049073,7.202687,7.3253503],"to":[7.959112,7.775116,8.470209],"faces":{"north":{"uv":[2.0,10.25,2.875,11.0],"tintindex":0,"texture":"#0"},"east":{"uv":[7.75,6.75,9.25,7.5],"tintindex":0,"texture":"#0"},"south":{"uv":[10.25,7.75,11.125,8.5],"tintindex":0,"texture":"#0"},"west":{"uv":[7.75,7.5,9.25,8.25],"tintindex":0,"texture":"#0"},"up":{"uv":[3.875,9.25,3.0,7.75],"tintindex":0,"texture":"#0"},"down":{"uv":[8.625,5.25,7.75,6.75],"tintindex":0,"texture":"#0"}}}],"display":{"fixed":{"scale":[4,4,4]}}}