{"textures":{"0":"bettermodel:item/chlly_guy_chlly_guy","particle":"bettermodel:item/chlly_guy_chlly_guy"},"elements":[{"from":[7.3049073,8.036228,7.8141403],"to":[7.959112,9.181087,8.468346],"faces":{"north":{"uv":[4.5,7.25,5.375,8.75],"tintindex":0,"texture":"#0"},"east":{"uv":[7.5,0.0,8.375,1.5],"tintindex":0,"texture":"#0"},"south":{"uv":[1.0,7.5,1.875,9.0],"tintindex":0,"texture":"#0"},"west":{"uv":[2.0,7.5,2.875,9.0],"tintindex":0,"texture":"#0"},"up":{"uv":[10.375,4.125,9.5,3.25],"tintindex":0,"texture":"#0"},"down":{"uv":[10.375,4.25,9.5,5.125],"tintindex":0,"texture":"#0"}}},{"from":[7.2640195,7.709128,7.7732525],"to":[8.0,8.036228,8.509233],"faces":{"north":{"uv":[10.75,6.25,11.75,6.625],"tintindex":0,"texture":"#0"},"east":{"uv":[10.75,6.75,11.75,7.125],"tintindex":0,"texture":"#0"},"south":{"uv":[10.75,7.25,11.75,7.625],"tintindex":0,"texture":"#0"},"west":{"uv":[9.0,10.75,10.0,11.125],"tintindex":0,"texture":"#0"},"up":{"uv":[9.5,4.25,8.5,3.25],"tintindex":0,"texture":"#0"},"down":{"uv":[9.5,4.25,8.5,5.25],"tintindex":0,"texture":"#0"}}}],"display":{"fixed":{"scale":[4,4,4]}}}