{"textures":{"0":"bettermodel:item/chlly_guy_chlly_guy","particle":"bettermodel:item/chlly_guy_chlly_guy"},"elements":[{"from":[7.184488,6.9517875,7.5093465],"to":[8.82,8.67651,8.490654],"faces":{"north":{"uv":[0.0,2.75,2.125,5.0],"tintindex":0,"texture":"#0"},"east":{"uv":[4.0,0.0,5.25,2.25],"tintindex":0,"texture":"#0"},"south":{"uv":[2.25,2.75,4.375,5.0],"tintindex":0,"texture":"#0"},"west":{"uv":[4.5,2.25,5.75,4.5],"tintindex":0,"texture":"#0"},"up":{"uv":[3.125,6.25,1.0,5.0],"tintindex":0,"texture":"#0"},"down":{"uv":[7.375,0.0,5.25,1.25],"tintindex":0,"texture":"#0"}}},{"from":[8.82,7.6952,7.5093465],"to":[9.712097,8.676507,8.490654],"faces":{"north":{"uv":[5.75,2.25,6.875,3.5],"tintindex":0,"texture":"#0"},"east":{"uv":[3.25,5.0,4.5,6.25],"tintindex":0,"texture":"#0"},"south":{"uv":[1.0,6.25,2.125,7.5],"tintindex":0,"texture":"#0"},"west":{"uv":[5.5,5.5,6.75,6.75],"tintindex":0,"texture":"#0"},"up":{"uv":[3.375,7.5,2.25,6.25],"tintindex":0,"texture":"#0"},"down":{"uv":[6.625,6.75,5.5,8.0],"tintindex":0,"texture":"#0"}}}],"display":{"fixed":{"scale":[4,4,4]}}}