{"textures":{"0":"bettermodel:item/chlly_guy_chlly_guy","particle":"bettermodel:item/chlly_guy_chlly_guy"},"elements":[{"from":[7.734228,7.477206,7.6728973],"to":[8.26577,8.522795,8.327103],"faces":{"north":{"uv":[10.0,6.5,10.625,7.625],"tintindex":0,"texture":"#0"},"east":{"uv":[2.0,9.0,2.875,10.125],"tintindex":0,"texture":"#0"},"south":{"uv":[7.25,10.0,7.875,11.125],"tintindex":0,"texture":"#0"},"west":{"uv":[0.0,9.25,0.875,10.375],"tintindex":0,"texture":"#0"},"up":{"uv":[11.125,5.125,10.5,4.25],"tintindex":0,"texture":"#0"},"down":{"uv":[11.125,5.25,10.5,6.125],"tintindex":0,"texture":"#0"}}}],"display":{"fixed":{"scale":[4,4,4]}}}