{"textures":{"0":"bettermodel:item/chlly_guy_chlly_guy","particle":"bettermodel:item/chlly_guy_chlly_guy"},"elements":[{"from":[7.331756,7.7325816,8.0],"to":[7.511756,7.82624,8.0],"rotation":{"angle":-45.0,"axis":"z","origin":[7.6080976,7.8867283,8.0]},"faces":{"north":{"uv":[8.5,1.0,8.75,1.125],"tintindex":0,"texture":"#0"},"east":{"uv":[0.0,0.0,0.0,0.125],"tintindex":0,"texture":"#0"},"south":{"uv":[8.5,1.25,8.75,1.375],"tintindex":0,"texture":"#0"},"west":{"uv":[0.0,0.0,0.0,0.125],"tintindex":0,"texture":"#0"},"up":{"uv":[0.25,0.0,0.0,0.0],"tintindex":0,"texture":"#0"},"down":{"uv":[0.25,0.0,0.0,0.0],"tintindex":0,"texture":"#0"}}},{"from":[7.4309754,7.845854,8.0],"to":[7.9036584,7.9395123,8.0],"faces":{"north":{"uv":[0.75,11.25,1.375,11.375],"tintindex":0,"texture":"#0"},"east":{"uv":[0.0,0.0,0.0,0.125],"tintindex":0,"texture":"#0"},"south":{"uv":[11.25,0.75,11.875,0.875],"tintindex":0,"texture":"#0"},"west":{"uv":[0.0,0.0,0.0,0.125],"tintindex":0,"texture":"#0"},"up":{"uv":[0.625,0.0,0.0,0.0],"tintindex":0,"texture":"#0"},"down":{"uv":[0.625,0.0,0.0,0.0],"tintindex":0,"texture":"#0"}}}],"display":{"fixed":{"scale":[4,4,4]}}}