{"textures":{"0":"bettermodel:item/chlly_guy_chlly_guy","particle":"bettermodel:item/chlly_guy_chlly_guy"},"elements":[{"from":[7.4797564,7.845854,8.0],"to":[7.9036584,8.154146,8.0],"faces":{"north":{"uv":[11.0,9.0,11.5,9.375],"tintindex":0,"texture":"#0"},"east":{"uv":[0.0,0.0,0.0,0.375],"tintindex":0,"texture":"#0"},"south":{"uv":[11.0,9.5,11.5,9.875],"tintindex":0,"texture":"#0"},"west":{"uv":[0.0,0.0,0.0,0.375],"tintindex":0,"texture":"#0"},"up":{"uv":[0.5,0.0,0.0,0.0],"tintindex":0,"texture":"#0"},"down":{"uv":[0.5,0.0,0.0,0.0],"tintindex":0,"texture":"#0"}}}],"display":{"fixed":{"scale":[4,4,4]}}}