{"textures":{"0":"bettermodel:item/chlly_guy_chlly_guy","particle":"bettermodel:item/chlly_guy_chlly_guy"},"elements":[{"from":[7.577317,7.8946342,8.0],"to":[7.8060975,8.105366,8.0],"faces":{"north":{"uv":[6.75,3.5,7.0,3.75],"tintindex":0,"texture":"#0"},"east":{"uv":[0.0,0.0,0.0,0.25],"tintindex":0,"texture":"#0"},"south":{"uv":[7.25,1.25,7.5,1.5],"tintindex":0,"texture":"#0"},"west":{"uv":[0.0,0.0,0.0,0.25],"tintindex":0,"texture":"#0"},"up":{"uv":[0.25,0.0,0.0,0.0],"tintindex":0,"texture":"#0"},"down":{"uv":[0.25,0.0,0.0,0.0],"tintindex":0,"texture":"#0"}}}],"display":{"fixed":{"scale":[4,4,4]}}}