{"textures":{"0":"bettermodel:item/deathadder_stormfly","1":"bettermodel:item/deathadder_texture16","particle":"bettermodel:item/deathadder_stormfly"},"elements":[{"from":[8.76732,8.619418,6.4996943],"to":[8.962442,9.009662,6.6948166],"faces":{"north":{"uv":[11.3125,2.625,11.25,2.875],"tintindex":0,"texture":"#0"},"east":{"uv":[11.375,2.625,11.3125,2.875],"tintindex":0,"texture":"#0"},"south":{"uv":[11.4375,2.625,11.375,2.875],"tintindex":0,"texture":"#0"},"west":{"uv":[11.25,2.625,11.1875,2.875],"tintindex":0,"texture":"#0"},"up":{"uv":[11.25,2.625,11.3125,2.5],"tintindex":0,"texture":"#0"},"down":{"uv":[11.3125,2.5,11.375,2.625],"tintindex":0,"texture":"#0"}}}],"display":{"fixed":{"scale":[4,4,4],"rotation":[-30.489183,-3.8409662,-14.510818]}}}