{"textures":{"0":"bettermodel:item/deathadder_stormfly","1":"bettermodel:item/deathadder_texture16","particle":"bettermodel:item/deathadder_stormfly"},"elements":[{"from":[7.804878,7.863415,7.414634],"to":[8.0,8.253658,8.195122],"faces":{"north":{"uv":[1.5625,3.875,1.5,4.125],"tintindex":0,"texture":"#0"},"east":{"uv":[1.8125,3.875,1.5625,4.125],"tintindex":0,"texture":"#0"},"south":{"uv":[1.875,3.875,1.8125,4.125],"tintindex":0,"texture":"#0"},"west":{"uv":[1.5,3.875,1.25,4.125],"tintindex":0,"texture":"#0"},"up":{"uv":[1.5,3.875,1.5625,3.375],"tintindex":0,"texture":"#0"},"down":{"uv":[1.5625,3.375,1.625,3.875],"tintindex":0,"texture":"#0"}}}],"display":{"fixed":{"scale":[4,4,4]}}}