{"textures":{"0":"bettermodel:item/deathadder_stormfly","1":"bettermodel:item/deathadder_texture16","particle":"bettermodel:item/deathadder_stormfly"},"elements":[{"from":[7.3170733,7.219631,6.2473054],"to":[8.682927,8.5854845,7.808281],"faces":{"north":{"uv":[4.0,7.625,4.4375,8.5],"tintindex":0,"texture":"#0"},"east":{"uv":[3.5,7.625,4.0,8.5],"tintindex":0,"texture":"#0"},"south":{"uv":[4.9375,7.625,5.375,8.5],"tintindex":0,"texture":"#0"},"west":{"uv":[4.4375,7.625,4.9375,8.5],"tintindex":0,"texture":"#0"},"up":{"uv":[4.4375,7.625,4.0,6.625],"tintindex":0,"texture":"#0"},"down":{"uv":[4.875,6.625,4.4375,7.625],"tintindex":0,"texture":"#0"}}}],"display":{"fixed":{"scale":[4,4,4]}}}