{"textures":{"0":"bettermodel:item/deathadder_stormfly","1":"bettermodel:item/deathadder_texture16","particle":"bettermodel:item/deathadder_stormfly"},"elements":[{"from":[8.0,8.0,8.0],"to":[11.512196,11.512196,8.0],"faces":{"north":{"uv":[13.75,7.375,14.875,9.625],"tintindex":0,"texture":"#0"},"east":{"uv":[13.75,7.375,13.75,9.625],"tintindex":0,"texture":"#0"},"south":{"uv":[14.875,7.375,16.0,9.625],"tintindex":0,"texture":"#0"},"west":{"uv":[14.875,7.375,14.875,9.625],"tintindex":0,"texture":"#0"},"up":{"uv":[14.875,7.375,13.75,7.375],"tintindex":0,"texture":"#0"},"down":{"uv":[16.0,7.375,14.875,7.375],"tintindex":0,"texture":"#0"}}}],"display":{"fixed":{"scale":[4,4,4],"rotation":[-0.0,89.97202,-0.0]}}}