{"textures":{"0":"bettermodel:item/deathadder_stormfly","1":"bettermodel:item/deathadder_texture16","particle":"bettermodel:item/deathadder_stormfly"},"elements":[{"from":[-0.780488,7.902439,7.902439],"to":[8.0,8.097561,8.097561],"faces":{"north":{"uv":[7.25,15.375,4.4375,15.5],"tintindex":0,"texture":"#0"},"east":{"uv":[7.3125,15.375,7.25,15.5],"tintindex":0,"texture":"#0"},"south":{"uv":[10.125,15.375,7.3125,15.5],"tintindex":0,"texture":"#0"},"west":{"uv":[4.4375,15.375,4.375,15.5],"tintindex":0,"texture":"#0"},"up":{"uv":[4.4375,15.375,7.25,15.25],"tintindex":0,"texture":"#0"},"down":{"uv":[7.25,15.25,10.0625,15.375],"tintindex":0,"texture":"#0"}}}],"display":{"fixed":{"scale":[4,4,4],"rotation":[-0.0,81.99997,-0.0]}}}