{"textures":{"0":"bettermodel:item/deathadder_stormfly","1":"bettermodel:item/deathadder_texture16","particle":"bettermodel:item/deathadder_stormfly"},"elements":[{"from":[7.902439,7.8536587,7.902439],"to":[8.097561,10.585365,8.097561],"faces":{"north":{"uv":[14.5625,3.0,14.625,4.75],"tintindex":0,"texture":"#0"},"east":{"uv":[14.5,3.0,14.5625,4.75],"tintindex":0,"texture":"#0"},"south":{"uv":[14.6875,3.0,14.75,4.75],"tintindex":0,"texture":"#0"},"west":{"uv":[14.625,3.0,14.6875,4.75],"tintindex":0,"texture":"#0"},"up":{"uv":[14.625,3.0,14.5625,2.875],"tintindex":0,"texture":"#0"},"down":{"uv":[14.6875,2.875,14.625,3.0],"tintindex":0,"texture":"#0"}}}],"display":{"fixed":{"scale":[4,4,4]}}}