{"textures":{"0":"bettermodel:item/deathadder_stormfly","1":"bettermodel:item/deathadder_texture16","particle":"bettermodel:item/deathadder_stormfly"},"elements":[{"from":[8.0,7.6050735,6.634146],"to":[9.170732,8.580684,8.0],"faces":{"north":{"uv":[2.8125,7.0,3.1875,7.625],"tintindex":0,"texture":"#0"},"east":{"uv":[2.375,7.0,2.8125,7.625],"tintindex":0,"texture":"#0"},"south":{"uv":[3.625,7.0,4.0,7.625],"tintindex":0,"texture":"#0"},"west":{"uv":[3.1875,7.0,3.625,7.625],"tintindex":0,"texture":"#0"},"up":{"uv":[3.1875,7.0,2.8125,6.125],"tintindex":0,"texture":"#0"},"down":{"uv":[3.5625,6.125,3.1875,7.0],"tintindex":0,"texture":"#0"}}}],"display":{"fixed":{"scale":[4,4,4]}}}