{"textures":{"0":"bettermodel:item/deathadder_stormfly","1":"bettermodel:item/deathadder_texture16","particle":"bettermodel:item/deathadder_stormfly"},"elements":[{"from":[8.0,7.8731713,7.902439],"to":[13.853659,8.068294,8.097561],"faces":{"north":{"uv":[0.0625,14.875,1.9375,15.0],"tintindex":0,"texture":"#0"},"east":{"uv":[0.0,14.875,0.0625,15.0],"tintindex":0,"texture":"#0"},"south":{"uv":[2.0,14.875,3.875,15.0],"tintindex":0,"texture":"#0"},"west":{"uv":[1.9375,14.875,2.0,15.0],"tintindex":0,"texture":"#0"},"up":{"uv":[1.9375,14.875,0.0625,14.75],"tintindex":0,"texture":"#0"},"down":{"uv":[3.8125,14.75,1.9375,14.875],"tintindex":0,"texture":"#0"}}}],"display":{"fixed":{"scale":[4,4,4]}}}