{"textures":{"0":"bettermodel:item/deathadder_stormfly","1":"bettermodel:item/deathadder_texture16","particle":"bettermodel:item/deathadder_stormfly"},"elements":[{"from":[7.414634,7.82439,7.902439],"to":[8.585366,8.799999,9.463415],"faces":{"north":{"uv":[4.1875,5.375,4.5625,6.0],"tintindex":0,"texture":"#0"},"east":{"uv":[3.6875,5.375,4.1875,6.0],"tintindex":0,"texture":"#0"},"south":{"uv":[5.0625,5.375,5.4375,6.0],"tintindex":0,"texture":"#0"},"west":{"uv":[4.5625,5.375,5.0625,6.0],"tintindex":0,"texture":"#0"},"up":{"uv":[4.5625,5.375,4.1875,4.375],"tintindex":0,"texture":"#0"},"down":{"uv":[4.9375,4.375,4.5625,5.375],"tintindex":0,"texture":"#0"}}}],"display":{"fixed":{"scale":[4,4,4]}}}