{"textures":{"0":"bettermodel:item/deathadder_stormfly","1":"bettermodel:item/deathadder_texture16","particle":"bettermodel:item/deathadder_stormfly"},"elements":[{"from":[7.609756,6.0596504,7.8355765],"to":[8.390244,8.01087,8.616064],"faces":{"north":{"uv":[1.875,7.5,1.625,8.75],"tintindex":0,"texture":"#0"},"east":{"uv":[2.125,7.5,1.875,8.75],"tintindex":0,"texture":"#0"},"south":{"uv":[2.375,7.5,2.125,8.75],"tintindex":0,"texture":"#0"},"west":{"uv":[1.625,7.5,1.375,8.75],"tintindex":0,"texture":"#0"},"up":{"uv":[1.625,7.5,1.875,7.0],"tintindex":0,"texture":"#0"},"down":{"uv":[1.875,7.0,2.125,7.5],"tintindex":0,"texture":"#0"}}}],"display":{"fixed":{"scale":[4,4,4]}}}