{"textures":{"0":"bettermodel:item/deathadder_stormfly","1":"bettermodel:item/deathadder_texture16","particle":"bettermodel:item/deathadder_stormfly"},"elements":[{"from":[7.414634,6.177321,7.4790382],"to":[8.390244,8.713906,8.64977],"faces":{"north":{"uv":[0.375,7.75,0.6875,9.375],"tintindex":0,"texture":"#0"},"east":{"uv":[0.0,7.75,0.375,9.375],"tintindex":0,"texture":"#0"},"south":{"uv":[1.0625,7.75,1.375,9.375],"tintindex":0,"texture":"#0"},"west":{"uv":[0.6875,7.75,1.0625,9.375],"tintindex":0,"texture":"#0"},"up":{"uv":[0.6875,7.75,0.375,7.0],"tintindex":0,"texture":"#0"},"down":{"uv":[1.0,7.0,0.6875,7.75],"tintindex":0,"texture":"#0"}}}],"display":{"fixed":{"scale":[4,4,4]}}}