{"textures":{"0":"bettermodel:item/deathadder_stormfly","1":"bettermodel:item/deathadder_texture16","particle":"bettermodel:item/deathadder_stormfly"},"elements":[{"from":[7.512195,7.726829,7.5317073],"to":[8.487804,11.239024,8.507318],"faces":{"north":{"uv":[13.8125,0.625,14.125,2.875],"tintindex":0,"texture":"#0"},"east":{"uv":[13.5,0.625,13.8125,2.875],"tintindex":0,"texture":"#0"},"south":{"uv":[14.4375,0.625,14.75,2.875],"tintindex":0,"texture":"#0"},"west":{"uv":[14.125,0.625,14.4375,2.875],"tintindex":0,"texture":"#0"},"up":{"uv":[14.125,0.625,13.8125,0.0],"tintindex":0,"texture":"#0"},"down":{"uv":[14.4375,0.0,14.125,0.625],"tintindex":0,"texture":"#0"}}}],"display":{"fixed":{"scale":[4,4,4]}}}