{"textures":{"0":"bettermodel:item/deathadder_stormfly","1":"bettermodel:item/deathadder_texture16","particle":"bettermodel:item/deathadder_stormfly"},"elements":[{"from":[7.707317,7.756098,7.707317],"to":[8.292683,10.878049,8.292683],"faces":{"north":{"uv":[15.4375,3.125,15.625,5.125],"tintindex":0,"texture":"#0"},"east":{"uv":[15.25,3.125,15.4375,5.125],"tintindex":0,"texture":"#0"},"south":{"uv":[15.8125,3.125,16.0,5.125],"tintindex":0,"texture":"#0"},"west":{"uv":[15.625,3.125,15.8125,5.125],"tintindex":0,"texture":"#0"},"up":{"uv":[15.625,3.125,15.4375,2.75],"tintindex":0,"texture":"#0"},"down":{"uv":[15.8125,2.75,15.625,3.125],"tintindex":0,"texture":"#0"}}}],"display":{"fixed":{"scale":[4,4,4]}}}