{"textures":{"0":"bettermodel:item/deathadder_stormfly","1":"bettermodel:item/deathadder_texture16","particle":"bettermodel:item/deathadder_stormfly"},"elements":[{"from":[7.219512,7.281709,7.5957794],"to":[8.97561,9.037807,8.766511],"faces":{"north":{"uv":[8.375,0.75,8.9375,1.875],"tintindex":0,"texture":"#0"},"east":{"uv":[8.0,0.75,8.375,1.875],"tintindex":0,"texture":"#0"},"south":{"uv":[9.3125,0.75,9.875,1.875],"tintindex":0,"texture":"#0"},"west":{"uv":[8.9375,0.75,9.3125,1.875],"tintindex":0,"texture":"#0"},"up":{"uv":[8.9375,0.75,8.375,0.0],"tintindex":0,"texture":"#0"},"down":{"uv":[9.5,0.0,8.9375,0.75],"tintindex":0,"texture":"#0"}}}],"display":{"fixed":{"scale":[4,4,4]}}}