{"textures":{"0":"bettermodel:item/deathadder_stormfly","1":"bettermodel:item/deathadder_texture16","particle":"bettermodel:item/deathadder_stormfly"},"elements":[{"from":[1.7560978,8.0,5.8536587],"to":[7.414634,8.0,11.121951],"faces":{"north":{"uv":[8.625,11.125,6.8125,11.125],"tintindex":0,"texture":"#0"},"east":{"uv":[10.3125,11.125,8.625,11.125],"tintindex":0,"texture":"#0"},"south":{"uv":[12.125,11.125,10.3125,11.125],"tintindex":0,"texture":"#0"},"west":{"uv":[6.8125,11.125,5.125,11.125],"tintindex":0,"texture":"#0"},"up":{"uv":[6.8125,11.125,8.625,7.75],"tintindex":0,"texture":"#0"},"down":{"uv":[8.625,7.75,10.4375,11.125],"tintindex":0,"texture":"#0"}}}],"display":{"fixed":{"scale":[4,4,4],"rotation":[-0.0,29.999998,-0.0]}}}