{"textures":{"0":"bettermodel:item/deathadder_stormfly","1":"bettermodel:item/deathadder_texture16","particle":"bettermodel:item/deathadder_stormfly"},"elements":[{"from":[6.8292685,7.604683,6.634146],"to":[8.0,8.580293,8.0],"faces":{"north":{"uv":[3.1875,7.0,2.8125,7.625],"tintindex":0,"texture":"#0"},"east":{"uv":[3.625,7.0,3.1875,7.625],"tintindex":0,"texture":"#0"},"south":{"uv":[4.0,7.0,3.625,7.625],"tintindex":0,"texture":"#0"},"west":{"uv":[2.8125,7.0,2.375,7.625],"tintindex":0,"texture":"#0"},"up":{"uv":[2.8125,7.0,3.1875,6.125],"tintindex":0,"texture":"#0"},"down":{"uv":[3.1875,6.125,3.5625,7.0],"tintindex":0,"texture":"#0"}}}],"display":{"fixed":{"scale":[4,4,4]}}}