{"textures":{"0":"bettermodel:item/deathadder_stormfly","1":"bettermodel:item/deathadder_texture16","particle":"bettermodel:item/deathadder_stormfly"},"elements":[{"from":[-1.7560978,7.907317,7.902439],"to":[8.0,8.102439,8.097561],"faces":{"north":{"uv":[7.3125,15.125,4.1875,15.25],"tintindex":0,"texture":"#0"},"east":{"uv":[7.375,15.125,7.3125,15.25],"tintindex":0,"texture":"#0"},"south":{"uv":[10.5,15.125,7.375,15.25],"tintindex":0,"texture":"#0"},"west":{"uv":[4.1875,15.125,4.125,15.25],"tintindex":0,"texture":"#0"},"up":{"uv":[4.1875,15.125,7.3125,15.0],"tintindex":0,"texture":"#0"},"down":{"uv":[7.3125,15.0,10.4375,15.125],"tintindex":0,"texture":"#0"}}}],"display":{"fixed":{"scale":[4,4,4],"rotation":[-180.0,82.000015,-180.0]}}}