{"textures":{"0":"bettermodel:item/deathadder_stormfly","1":"bettermodel:item/deathadder_texture16","particle":"bettermodel:item/deathadder_stormfly"},"elements":[{"from":[8.0,7.921952,7.609756],"to":[8.780488,8.117074,8.0],"faces":{"north":{"uv":[2.1875,13.5,1.9375,13.625],"tintindex":0,"texture":"#0"},"east":{"uv":[2.3125,13.5,2.1875,13.625],"tintindex":0,"texture":"#0"},"south":{"uv":[2.5625,13.5,2.3125,13.625],"tintindex":0,"texture":"#0"},"west":{"uv":[1.9375,13.5,1.8125,13.625],"tintindex":0,"texture":"#0"},"up":{"uv":[1.9375,13.5,2.1875,13.25],"tintindex":0,"texture":"#0"},"down":{"uv":[2.1875,13.25,2.4375,13.5],"tintindex":0,"texture":"#0"}}}],"display":{"fixed":{"scale":[4,4,4]}}}