{"textures":{"0":"bettermodel:item/deathadder_stormfly","1":"bettermodel:item/deathadder_texture16","particle":"bettermodel:item/deathadder_stormfly"},"elements":[{"from":[7.414634,7.414634,6.9268293],"to":[8.585366,8.585366,8.292683],"faces":{"north":{"uv":[7.375,2.75,7.75,3.5],"tintindex":0,"texture":"#0"},"east":{"uv":[6.9375,2.75,7.375,3.5],"tintindex":0,"texture":"#0"},"south":{"uv":[8.1875,2.75,8.5625,3.5],"tintindex":0,"texture":"#0"},"west":{"uv":[7.75,2.75,8.1875,3.5],"tintindex":0,"texture":"#0"},"up":{"uv":[7.75,2.75,7.375,1.875],"tintindex":0,"texture":"#0"},"down":{"uv":[8.125,1.875,7.75,2.75],"tintindex":0,"texture":"#0"}}}],"display":{"fixed":{"scale":[4,4,4]}}}