{"textures":{"0":"bettermodel:item/deathadder_stormfly","1":"bettermodel:item/deathadder_texture16","particle":"bettermodel:item/deathadder_stormfly"},"elements":[{"from":[8.390244,7.9853663,8.195122],"to":[17.17073,7.9853663,14.04878],"faces":{"north":{"uv":[9.625,7.625,6.8125,7.625],"tintindex":0,"texture":"#0"},"east":{"uv":[11.5,7.625,9.625,7.625],"tintindex":0,"texture":"#0"},"south":{"uv":[14.3125,7.625,11.5,7.625],"tintindex":0,"texture":"#0"},"west":{"uv":[6.8125,7.625,4.9375,7.625],"tintindex":0,"texture":"#0"},"up":{"uv":[6.8125,7.625,9.625,3.875],"tintindex":0,"texture":"#0"},"down":{"uv":[9.625,3.875,12.4375,7.625],"tintindex":0,"texture":"#0"}}}],"display":{"fixed":{"scale":[4,4,4],"rotation":[0.0,-59.999992,0.0]}}}