{"textures":{"0":"bettermodel:item/deathadder_stormfly","1":"bettermodel:item/deathadder_texture16","particle":"bettermodel:item/deathadder_stormfly"},"elements":[{"from":[8.139782,7.738049,7.8656588],"to":[8.334904,9.494146,8.060781],"faces":{"north":{"uv":[4.9375,2.625,5.0,3.75],"tintindex":0,"texture":"#0"},"east":{"uv":[4.875,2.625,4.9375,3.75],"tintindex":0,"texture":"#0"},"south":{"uv":[5.0625,2.625,5.125,3.75],"tintindex":0,"texture":"#0"},"west":{"uv":[5.0,2.625,5.0625,3.75],"tintindex":0,"texture":"#0"},"up":{"uv":[5.0,2.625,4.9375,2.5],"tintindex":0,"texture":"#0"},"down":{"uv":[5.0625,2.5,5.0,2.625],"tintindex":0,"texture":"#0"}}}],"display":{"fixed":{"scale":[4,4,4]}}}