{"textures":{"0":"bettermodel:item/deathadder_stormfly","1":"bettermodel:item/deathadder_texture16","particle":"bettermodel:item/deathadder_stormfly"},"elements":[{"from":[8.0,8.0,8.0],"to":[10.731708,10.731708,8.0],"rotation":{"angle":45.0,"axis":"z","origin":[8.0,8.0,8.0]},"faces":{"north":{"uv":[14.25,14.0,15.125,15.75],"tintindex":0,"texture":"#0"},"east":{"uv":[14.25,14.0,14.25,15.75],"tintindex":0,"texture":"#0"},"south":{"uv":[15.125,14.0,16.0,15.75],"tintindex":0,"texture":"#0"},"west":{"uv":[15.125,14.0,15.125,15.75],"tintindex":0,"texture":"#0"},"up":{"uv":[15.125,14.0,14.25,14.0],"tintindex":0,"texture":"#0"},"down":{"uv":[16.0,14.0,15.125,14.0],"tintindex":0,"texture":"#0"}}}],"display":{"fixed":{"scale":[4,4,4]}}}