{"textures":{"0":"bettermodel:item/deathadder_stormfly","1":"bettermodel:item/deathadder_texture16","particle":"bettermodel:item/deathadder_stormfly"},"elements":[{"from":[8.0,8.0,8.0],"to":[11.317073,11.317073,8.0],"rotation":{"angle":45.0,"axis":"z","origin":[8.0,8.0,8.0]},"faces":{"north":{"uv":[13.875,9.75,14.9375,11.875],"tintindex":0,"texture":"#0"},"east":{"uv":[13.875,9.75,13.875,11.875],"tintindex":0,"texture":"#0"},"south":{"uv":[14.9375,9.75,16.0,11.875],"tintindex":0,"texture":"#0"},"west":{"uv":[14.9375,9.75,14.9375,11.875],"tintindex":0,"texture":"#0"},"up":{"uv":[14.9375,9.75,13.875,9.75],"tintindex":0,"texture":"#0"},"down":{"uv":[16.0,9.75,14.9375,9.75],"tintindex":0,"texture":"#0"}}}],"display":{"fixed":{"scale":[4,4,4]}}}