{"textures":{"0":"bettermodel:item/deathadder_stormfly","1":"bettermodel:item/deathadder_texture16","particle":"bettermodel:item/deathadder_stormfly"},"elements":[{"from":[6.8097563,7.395122,6.8097563],"to":[9.190244,8.019512,7.4341464],"faces":{"north":{"uv":[9.4375,3.375,10.1875,3.75],"tintindex":0,"texture":"#0"},"east":{"uv":[9.25,3.375,9.4375,3.75],"tintindex":0,"texture":"#0"},"south":{"uv":[10.375,3.375,11.125,3.75],"tintindex":0,"texture":"#0"},"west":{"uv":[10.1875,3.375,10.375,3.75],"tintindex":0,"texture":"#0"},"up":{"uv":[10.1875,3.375,9.4375,3.0],"tintindex":0,"texture":"#0"},"down":{"uv":[10.9375,3.0,10.1875,3.375],"tintindex":0,"texture":"#0"}}}],"display":{"fixed":{"scale":[4,4,4],"rotation":[7.4999995,0.0,-0.0]}}}