{"textures":{"0":"bettermodel:item/deathadder_stormfly","1":"bettermodel:item/deathadder_texture16","particle":"bettermodel:item/deathadder_stormfly"},"elements":[{"from":[8.0,7.8975606,7.902439],"to":[14.243902,8.092683,8.097561],"faces":{"north":{"uv":[0.0625,15.125,2.0625,15.25],"tintindex":0,"texture":"#0"},"east":{"uv":[0.0,15.125,0.0625,15.25],"tintindex":0,"texture":"#0"},"south":{"uv":[2.125,15.125,4.125,15.25],"tintindex":0,"texture":"#0"},"west":{"uv":[2.0625,15.125,2.125,15.25],"tintindex":0,"texture":"#0"},"up":{"uv":[2.0625,15.125,0.0625,15.0],"tintindex":0,"texture":"#0"},"down":{"uv":[4.0625,15.0,2.0625,15.125],"tintindex":0,"texture":"#0"}}}],"display":{"fixed":{"scale":[4,4,4],"rotation":[0.0,-16.750002,0.0]}}}