{"textures":{"0":"bettermodel:item/deathadder_stormfly","1":"bettermodel:item/deathadder_texture16","particle":"bettermodel:item/deathadder_stormfly"},"elements":[{"from":[6.291464,8.0,8.058133],"to":[11.3646345,8.0,10.399596],"faces":{"north":{"uv":[4.9375,14.625,3.3125,14.625],"tintindex":0,"texture":"#0"},"east":{"uv":[5.6875,14.625,4.9375,14.625],"tintindex":0,"texture":"#0"},"south":{"uv":[7.3125,14.625,5.6875,14.625],"tintindex":0,"texture":"#0"},"west":{"uv":[3.3125,14.625,2.5625,14.625],"tintindex":0,"texture":"#0"},"up":{"uv":[3.3125,14.625,4.9375,13.125],"tintindex":0,"texture":"#0"},"down":{"uv":[4.9375,13.125,6.5625,14.625],"tintindex":0,"texture":"#0"}}},{"from":[6.243902,7.902439,7.902439],"to":[8.585366,8.097561,8.097561],"faces":{"north":{"uv":[0.8125,14.125,0.0625,14.25],"tintindex":0,"texture":"#0"},"east":{"uv":[0.875,14.125,0.8125,14.25],"tintindex":0,"texture":"#0"},"south":{"uv":[1.625,14.125,0.875,14.25],"tintindex":0,"texture":"#0"},"west":{"uv":[0.0625,14.125,0.0,14.25],"tintindex":0,"texture":"#0"},"up":{"uv":[0.0625,14.125,0.8125,14.0],"tintindex":0,"texture":"#0"},"down":{"uv":[0.8125,14.0,1.5625,14.125],"tintindex":0,"texture":"#0"}}}],"display":{"fixed":{"scale":[4,4,4],"rotation":[-0.0,35.0,-0.0]}}}