{"textures":{"0":"bettermodel:item/deathadder_stormfly","1":"bettermodel:item/deathadder_texture16","particle":"bettermodel:item/deathadder_stormfly"},"elements":[{"from":[7.7953286,7.707317,7.6470203],"to":[10.331914,8.292683,8.232387],"faces":{"north":{"uv":[1.0,13.625,0.1875,14.0],"tintindex":0,"texture":"#0"},"east":{"uv":[1.1875,13.625,1.0,14.0],"tintindex":0,"texture":"#0"},"south":{"uv":[2.0,13.625,1.1875,14.0],"tintindex":0,"texture":"#0"},"west":{"uv":[0.1875,13.625,0.0,14.0],"tintindex":0,"texture":"#0"},"up":{"uv":[0.1875,13.625,1.0,13.25],"tintindex":0,"texture":"#0"},"down":{"uv":[1.0,13.25,1.8125,13.625],"tintindex":0,"texture":"#0"}}}],"display":{"fixed":{"scale":[4,4,4]}}}