{"textures":{"0":"bettermodel:item/deathadder_stormfly","1":"bettermodel:item/deathadder_texture16","particle":"bettermodel:item/deathadder_stormfly"},"elements":[{"from":[8.585366,8.0,5.8536587],"to":[14.243902,8.0,11.121951],"faces":{"north":{"uv":[6.8125,11.125,8.625,11.125],"tintindex":0,"texture":"#0"},"east":{"uv":[5.125,11.125,6.8125,11.125],"tintindex":0,"texture":"#0"},"south":{"uv":[10.3125,11.125,12.125,11.125],"tintindex":0,"texture":"#0"},"west":{"uv":[8.625,11.125,10.3125,11.125],"tintindex":0,"texture":"#0"},"up":{"uv":[8.625,11.125,6.8125,7.75],"tintindex":0,"texture":"#0"},"down":{"uv":[10.4375,7.75,8.625,11.125],"tintindex":0,"texture":"#0"}}}],"display":{"fixed":{"scale":[4,4,4],"rotation":[0.0,-29.999998,0.0]}}}