{"textures":{"0":"bettermodel:item/deathadder_stormfly","1":"bettermodel:item/deathadder_texture16","particle":"bettermodel:item/deathadder_stormfly"},"elements":[{"from":[7.3170733,5.361089,7.016535],"to":[8.682927,5.9464545,7.7970223],"faces":{"north":{"uv":[9.5625,2.5,10.0,2.875],"tintindex":0,"texture":"#0"},"east":{"uv":[9.3125,2.5,9.5625,2.875],"tintindex":0,"texture":"#0"},"south":{"uv":[10.25,2.5,10.6875,2.875],"tintindex":0,"texture":"#0"},"west":{"uv":[10.0,2.5,10.25,2.875],"tintindex":0,"texture":"#0"},"up":{"uv":[10.0,2.5,9.5625,2.0],"tintindex":0,"texture":"#0"},"down":{"uv":[10.4375,2.0,10.0,2.5],"tintindex":0,"texture":"#0"}}}],"display":{"fixed":{"scale":[4,4,4],"rotation":[67.5,0.0,-0.0]}}}