{"textures":{"0":"bettermodel:item/deathadder_stormfly","1":"bettermodel:item/deathadder_texture16","particle":"bettermodel:item/deathadder_stormfly"},"elements":[{"from":[7.414634,7.5264897,6.6475825],"to":[8.585366,8.697222,8.013436],"faces":{"north":{"uv":[2.75,8.75,2.375,9.5],"tintindex":0,"texture":"#0"},"east":{"uv":[3.1875,8.75,2.75,9.5],"tintindex":0,"texture":"#0"},"south":{"uv":[3.5625,8.75,3.1875,9.5],"tintindex":0,"texture":"#0"},"west":{"uv":[2.375,8.75,1.9375,9.5],"tintindex":0,"texture":"#0"},"up":{"uv":[2.375,8.75,2.75,7.875],"tintindex":0,"texture":"#0"},"down":{"uv":[2.75,7.875,3.125,8.75],"tintindex":0,"texture":"#0"}}}],"display":{"fixed":{"scale":[4,4,4]}}}