{"textures":{"0":"bettermodel:item/deathadder_stormfly","1":"bettermodel:item/deathadder_texture16","particle":"bettermodel:item/deathadder_stormfly"},"elements":[{"from":[-4.682927,7.902439,7.902439],"to":[8.0,8.097561,8.097561],"faces":{"north":{"uv":[4.125,15.875,0.0625,16.0],"tintindex":0,"texture":"#0"},"east":{"uv":[4.1875,15.875,4.125,16.0],"tintindex":0,"texture":"#0"},"south":{"uv":[8.25,15.875,4.1875,16.0],"tintindex":0,"texture":"#0"},"west":{"uv":[0.0625,15.875,0.0,16.0],"tintindex":0,"texture":"#0"},"up":{"uv":[0.0625,15.875,4.125,15.75],"tintindex":0,"texture":"#0"},"down":{"uv":[4.125,15.75,8.1875,15.875],"tintindex":0,"texture":"#0"}}}],"display":{"fixed":{"scale":[4,4,4],"rotation":[-180.0,61.74999,-180.0]}}}