{"textures":{"0":"bettermodel:item/deathadder_stormfly","1":"bettermodel:item/deathadder_texture16","particle":"bettermodel:item/deathadder_stormfly"},"elements":[{"from":[6.9268293,6.0487804,6.0487804],"to":[9.073171,8.0,8.0],"faces":{"north":{"uv":[3.75,1.25,4.4375,2.5],"tintindex":0,"texture":"#0"},"east":{"uv":[3.125,1.25,3.75,2.5],"tintindex":0,"texture":"#0"},"south":{"uv":[5.0625,1.25,5.75,2.5],"tintindex":0,"texture":"#0"},"west":{"uv":[4.4375,1.25,5.0625,2.5],"tintindex":0,"texture":"#0"},"up":{"uv":[4.4375,1.25,3.75,0.0],"tintindex":0,"texture":"#0"},"down":{"uv":[5.125,0.0,4.4375,1.25],"tintindex":0,"texture":"#0"}}}],"display":{"fixed":{"scale":[4,4,4]}}}