{"textures":{"0":"bettermodel:item/deathadder_stormfly","1":"bettermodel:item/deathadder_texture16","particle":"bettermodel:item/deathadder_stormfly"},"elements":[{"from":[8.0,8.0,8.0],"to":[10.926829,10.926829,8.0],"rotation":{"angle":45.0,"axis":"z","origin":[8.0,8.0,8.0]},"faces":{"north":{"uv":[14.125,12.0,15.0625,13.875],"tintindex":0,"texture":"#0"},"east":{"uv":[14.125,12.0,14.125,13.875],"tintindex":0,"texture":"#0"},"south":{"uv":[15.0625,12.0,16.0,13.875],"tintindex":0,"texture":"#0"},"west":{"uv":[15.0625,12.0,15.0625,13.875],"tintindex":0,"texture":"#0"},"up":{"uv":[15.0625,12.0,14.125,12.0],"tintindex":0,"texture":"#0"},"down":{"uv":[16.0,12.0,15.0625,12.0],"tintindex":0,"texture":"#0"}}}],"display":{"fixed":{"scale":[4,4,4]}}}