{"textures":{"0":"bettermodel:item/deathadder_stormfly","1":"bettermodel:item/deathadder_texture16","particle":"bettermodel:item/deathadder_stormfly"},"elements":[{"from":[7.609756,7.9390926,7.616724],"to":[8.0,9.109824,8.20209],"faces":{"north":{"uv":[0.3125,9.75,0.1875,10.5],"tintindex":0,"texture":"#0"},"east":{"uv":[0.5,9.75,0.3125,10.5],"tintindex":0,"texture":"#0"},"south":{"uv":[0.625,9.75,0.5,10.5],"tintindex":0,"texture":"#0"},"west":{"uv":[0.1875,9.75,0.0,10.5],"tintindex":0,"texture":"#0"},"up":{"uv":[0.1875,9.75,0.3125,9.375],"tintindex":0,"texture":"#0"},"down":{"uv":[0.3125,9.375,0.4375,9.75],"tintindex":0,"texture":"#0"}}}],"display":{"fixed":{"scale":[4,4,4]}}}