{"textures":{"0":"bettermodel:item/deathadder_stormfly","1":"bettermodel:item/deathadder_texture16","particle":"bettermodel:item/deathadder_stormfly"},"elements":[{"from":[7.902439,7.803216,7.9873757],"to":[8.097561,7.9983377,8.962986],"faces":{"north":{"uv":[2.8125,1.125,2.875,1.25],"tintindex":0,"texture":"#0"},"east":{"uv":[2.5,1.125,2.8125,1.25],"tintindex":0,"texture":"#0"},"south":{"uv":[3.1875,1.125,3.25,1.25],"tintindex":0,"texture":"#0"},"west":{"uv":[2.875,1.125,3.1875,1.25],"tintindex":0,"texture":"#0"},"up":{"uv":[2.875,1.125,2.8125,0.5],"tintindex":0,"texture":"#0"},"down":{"uv":[2.9375,0.5,2.875,1.125],"tintindex":0,"texture":"#0"}}}],"display":{"fixed":{"scale":[4,4,4]}}}