{"textures":{"0":"bettermodel:item/deathadder_stormfly","1":"bettermodel:item/deathadder_texture16","particle":"bettermodel:item/deathadder_stormfly"},"elements":[{"from":[6.7317076,6.7458243,6.5853367],"to":[9.268292,8.111678,8.341434],"faces":{"north":{"uv":[0.625,10.875,1.4375,11.75],"tintindex":0,"texture":"#0"},"east":{"uv":[0.0625,10.875,0.625,11.75],"tintindex":0,"texture":"#0"},"south":{"uv":[2.0,10.875,2.8125,11.75],"tintindex":0,"texture":"#0"},"west":{"uv":[1.4375,10.875,2.0,11.75],"tintindex":0,"texture":"#0"},"up":{"uv":[1.4375,10.875,0.625,9.75],"tintindex":0,"texture":"#0"},"down":{"uv":[2.25,9.75,1.4375,10.875],"tintindex":0,"texture":"#0"}}}],"display":{"fixed":{"scale":[4,4,4],"rotation":[-17.5,0.0,0.0]}}}