{"textures":{"0":"bettermodel:item/deathadder_stormfly","1":"bettermodel:item/deathadder_texture16","particle":"bettermodel:item/deathadder_stormfly"},"elements":[{"from":[7.765871,7.6919823,7.707317],"to":[8.351237,8.2773485,8.292683],"faces":{"north":{"uv":[11.8125,0.375,11.625,0.75],"tintindex":0,"texture":"#0"},"east":{"uv":[12.0,0.375,11.8125,0.75],"tintindex":0,"texture":"#0"},"south":{"uv":[12.1875,0.375,12.0,0.75],"tintindex":0,"texture":"#0"},"west":{"uv":[11.625,0.375,11.4375,0.75],"tintindex":0,"texture":"#0"},"up":{"uv":[11.625,0.375,11.8125,0.0],"tintindex":0,"texture":"#0"},"down":{"uv":[11.8125,0.0,12.0,0.375],"tintindex":0,"texture":"#0"}}}],"display":{"fixed":{"scale":[4,4,4]}}}