{"textures":{"0":"bettermodel:item/deathadder_stormfly","1":"bettermodel:item/deathadder_texture16","particle":"bettermodel:item/deathadder_stormfly"},"elements":[{"from":[1.3658538,7.902439,7.902439],"to":[8.0,8.097561,8.097561],"faces":{"north":{"uv":[2.1875,15.375,0.0625,15.5],"tintindex":0,"texture":"#0"},"east":{"uv":[2.25,15.375,2.1875,15.5],"tintindex":0,"texture":"#0"},"south":{"uv":[4.375,15.375,2.25,15.5],"tintindex":0,"texture":"#0"},"west":{"uv":[0.0625,15.375,0.0,15.5],"tintindex":0,"texture":"#0"},"up":{"uv":[0.0625,15.375,2.1875,15.25],"tintindex":0,"texture":"#0"},"down":{"uv":[2.1875,15.25,4.3125,15.375],"tintindex":0,"texture":"#0"}}}],"display":{"fixed":{"scale":[4,4,4],"rotation":[-0.0,32.75,-0.0]}}}