{"textures":{"0":"bettermodel:item/deathadder_stormfly","1":"bettermodel:item/deathadder_texture16","particle":"bettermodel:item/deathadder_stormfly"},"elements":[{"from":[7.804878,7.609756,8.0],"to":[8.195122,8.0,8.97561],"faces":{"north":{"uv":[5.75,2.5,5.875,2.75],"tintindex":0,"texture":"#0"},"east":{"uv":[5.4375,2.5,5.75,2.75],"tintindex":0,"texture":"#0"},"south":{"uv":[6.1875,2.5,6.3125,2.75],"tintindex":0,"texture":"#0"},"west":{"uv":[5.875,2.5,6.1875,2.75],"tintindex":0,"texture":"#0"},"up":{"uv":[5.875,2.5,5.75,1.875],"tintindex":0,"texture":"#0"},"down":{"uv":[6.0,1.875,5.875,2.5],"tintindex":0,"texture":"#0"}}}],"display":{"fixed":{"scale":[4,4,4]}}}