{"textures":{"0":"bettermodel:item/deathadder_stormfly","1":"bettermodel:item/deathadder_texture16","particle":"bettermodel:item/deathadder_stormfly"},"elements":[{"from":[8.139782,7.738049,7.6705365],"to":[8.334904,10.079513,7.8656588],"faces":{"north":{"uv":[4.6875,2.625,4.75,4.125],"tintindex":0,"texture":"#0"},"east":{"uv":[4.625,2.625,4.6875,4.125],"tintindex":0,"texture":"#0"},"south":{"uv":[4.8125,2.625,4.875,4.125],"tintindex":0,"texture":"#0"},"west":{"uv":[4.75,2.625,4.8125,4.125],"tintindex":0,"texture":"#0"},"up":{"uv":[4.75,2.625,4.6875,2.5],"tintindex":0,"texture":"#0"},"down":{"uv":[4.8125,2.5,4.75,2.625],"tintindex":0,"texture":"#0"}}}],"display":{"fixed":{"scale":[4,4,4]}}}