{"textures":{"0":"bettermodel:item/deathadder_stormfly","1":"bettermodel:item/deathadder_texture16","particle":"bettermodel:item/deathadder_stormfly"},"elements":[{"from":[7.02439,5.497982,6.8733363],"to":[8.97561,6.473592,7.8489456],"faces":{"north":{"uv":[2.5625,12.375,3.1875,13.0],"tintindex":0,"texture":"#0"},"east":{"uv":[2.25,12.375,2.5625,13.0],"tintindex":0,"texture":"#0"},"south":{"uv":[3.5,12.375,4.125,13.0],"tintindex":0,"texture":"#0"},"west":{"uv":[3.1875,12.375,3.5,13.0],"tintindex":0,"texture":"#0"},"up":{"uv":[3.1875,12.375,2.5625,11.75],"tintindex":0,"texture":"#0"},"down":{"uv":[3.8125,11.75,3.1875,12.375],"tintindex":0,"texture":"#0"}}}],"display":{"fixed":{"scale":[4,4,4],"rotation":[47.5,0.0,-0.0]}}}