{"textures":{"0":"bettermodel:item/deathadder_stormfly","1":"bettermodel:item/deathadder_texture16","particle":"bettermodel:item/deathadder_stormfly"},"elements":[{"from":[7.804878,7.219512,7.609756],"to":[8.195122,9.365853,8.0],"faces":{"north":{"uv":[3.3125,4.625,3.4375,6.0],"tintindex":0,"texture":"#0"},"east":{"uv":[3.1875,4.625,3.3125,6.0],"tintindex":0,"texture":"#0"},"south":{"uv":[3.5625,4.625,3.6875,6.0],"tintindex":0,"texture":"#0"},"west":{"uv":[3.4375,4.625,3.5625,6.0],"tintindex":0,"texture":"#0"},"up":{"uv":[3.4375,4.625,3.3125,4.375],"tintindex":0,"texture":"#0"},"down":{"uv":[3.5625,4.375,3.4375,4.625],"tintindex":0,"texture":"#0"}}},{"from":[7.902439,9.365853,7.707317],"to":[8.097561,10.926829,7.902439],"faces":{"north":{"uv":[2.625,5.25,2.6875,6.25],"tintindex":0,"texture":"#0"},"east":{"uv":[2.5625,5.25,2.625,6.25],"tintindex":0,"texture":"#0"},"south":{"uv":[2.75,5.25,2.8125,6.25],"tintindex":0,"texture":"#0"},"west":{"uv":[2.6875,5.25,2.75,6.25],"tintindex":0,"texture":"#0"},"up":{"uv":[2.6875,5.25,2.625,5.125],"tintindex":0,"texture":"#0"},"down":{"uv":[2.75,5.125,2.6875,5.25],"tintindex":0,"texture":"#0"}}}],"display":{"fixed":{"scale":[4,4,4]}}}