{"textures":{"0":"bettermodel:item/deathadder_stormfly","1":"bettermodel:item/deathadder_texture16","particle":"bettermodel:item/deathadder_stormfly"},"elements":[{"from":[3.3170733,8.0,3.3170733],"to":[12.682926,16.975609,12.682926],"faces":{"north":{"uv":[0.0,0.0,16.0,16.0],"tintindex":0,"texture":"#1"},"east":{"uv":[0.0,0.0,16.0,16.0],"tintindex":0,"texture":"#1"},"south":{"uv":[0.0,0.0,16.0,16.0],"tintindex":0,"texture":"#1"},"west":{"uv":[0.0,0.0,16.0,16.0],"tintindex":0,"texture":"#1"},"up":{"uv":[0.0,0.0,16.0,16.0],"tintindex":0,"texture":"#1"},"down":{"uv":[0.0,0.0,16.0,16.0],"tintindex":0,"texture":"#1"}}}],"display":{"fixed":{"scale":[4,4,4]}}}