{"textures":{"0":"bettermodel:item/deathadder_stormfly","1":"bettermodel:item/deathadder_texture16","particle":"bettermodel:item/deathadder_stormfly"},"elements":[{"from":[7.121951,8.0,7.414634],"to":[8.878049,8.195122,9.170732],"faces":{"north":{"uv":[13.875,7.125,14.4375,7.25],"tintindex":0,"texture":"#0"},"east":{"uv":[13.3125,7.125,13.875,7.25],"tintindex":0,"texture":"#0"},"south":{"uv":[15.0,7.125,15.5625,7.25],"tintindex":0,"texture":"#0"},"west":{"uv":[14.4375,7.125,15.0,7.25],"tintindex":0,"texture":"#0"},"up":{"uv":[14.4375,7.125,13.875,6.0],"tintindex":0,"texture":"#0"},"down":{"uv":[15.0,6.0,14.4375,7.125],"tintindex":0,"texture":"#0"}}},{"from":[7.609756,8.195122,7.414634],"to":[8.390244,8.390244,7.609756],"faces":{"north":{"uv":[14.5625,5.625,14.8125,5.75],"tintindex":0,"texture":"#0"},"east":{"uv":[14.5,5.625,14.5625,5.75],"tintindex":0,"texture":"#0"},"south":{"uv":[14.875,5.625,15.125,5.75],"tintindex":0,"texture":"#0"},"west":{"uv":[14.8125,5.625,14.875,5.75],"tintindex":0,"texture":"#0"},"up":{"uv":[14.8125,5.625,14.5625,5.5],"tintindex":0,"texture":"#0"},"down":{"uv":[15.0625,5.5,14.8125,5.625],"tintindex":0,"texture":"#0"}}}],"display":{"fixed":{"scale":[4,4,4]}}}