{"textures":{"0":"bettermodel:item/deathadder_stormfly","1":"bettermodel:item/deathadder_texture16","particle":"bettermodel:item/deathadder_stormfly"},"elements":[{"from":[8.0,7.907317,7.902439],"to":[15.02439,8.102439,8.097561],"faces":{"north":{"uv":[0.0625,15.625,2.3125,15.75],"tintindex":0,"texture":"#0"},"east":{"uv":[0.0,15.625,0.0625,15.75],"tintindex":0,"texture":"#0"},"south":{"uv":[2.375,15.625,4.625,15.75],"tintindex":0,"texture":"#0"},"west":{"uv":[2.3125,15.625,2.375,15.75],"tintindex":0,"texture":"#0"},"up":{"uv":[2.3125,15.625,0.0625,15.5],"tintindex":0,"texture":"#0"},"down":{"uv":[4.5625,15.5,2.3125,15.625],"tintindex":0,"texture":"#0"}}}],"display":{"fixed":{"scale":[4,4,4],"rotation":[0.0,-49.249996,0.0]}}}