{"textures":{"0":"bettermodel:item/deathadder_stormfly","1":"bettermodel:item/deathadder_texture16","particle":"bettermodel:item/deathadder_stormfly"},"elements":[{"from":[8.780488,7.512195,6.0487804],"to":[12.097561,7.512195,8.0],"faces":{"north":{"uv":[8.1875,12.5,7.125,12.5],"tintindex":0,"texture":"#0"},"east":{"uv":[8.8125,12.5,8.1875,12.5],"tintindex":0,"texture":"#0"},"south":{"uv":[9.875,12.5,8.8125,12.5],"tintindex":0,"texture":"#0"},"west":{"uv":[7.125,12.5,6.5,12.5],"tintindex":0,"texture":"#0"},"up":{"uv":[7.125,12.5,8.1875,11.25],"tintindex":0,"texture":"#0"},"down":{"uv":[8.1875,11.25,9.25,12.5],"tintindex":0,"texture":"#0"}}}],"display":{"fixed":{"scale":[4,4,4]}}}