{"textures":{"0":"bettermodel:item/deathadder_stormfly","1":"bettermodel:item/deathadder_texture16","particle":"bettermodel:item/deathadder_stormfly"},"elements":[{"from":[7.219512,7.9952197,6.4360137],"to":[8.780488,8.775707,7.9969893],"faces":{"north":{"uv":[10.375,1.0,10.875,1.5],"tintindex":0,"texture":"#0"},"east":{"uv":[9.875,1.0,10.375,1.5],"tintindex":0,"texture":"#0"},"south":{"uv":[11.375,1.0,11.875,1.5],"tintindex":0,"texture":"#0"},"west":{"uv":[10.875,1.0,11.375,1.5],"tintindex":0,"texture":"#0"},"up":{"uv":[10.875,1.0,10.375,0.0],"tintindex":0,"texture":"#0"},"down":{"uv":[11.375,0.0,10.875,1.0],"tintindex":0,"texture":"#0"}}}],"display":{"fixed":{"scale":[4,4,4]}}}