{"textures":{"0":"bettermodel:item/deathadder_stormfly","1":"bettermodel:item/deathadder_texture16","particle":"bettermodel:item/deathadder_stormfly"},"elements":[{"from":[7.02439,7.9919205,7.99848],"to":[8.97561,8.96753,9.559456],"faces":{"north":{"uv":[6.25,1.0,6.875,1.625],"tintindex":0,"texture":"#0"},"east":{"uv":[5.75,1.0,6.25,1.625],"tintindex":0,"texture":"#0"},"south":{"uv":[7.375,1.0,8.0,1.625],"tintindex":0,"texture":"#0"},"west":{"uv":[6.875,1.0,7.375,1.625],"tintindex":0,"texture":"#0"},"up":{"uv":[6.875,1.0,6.25,0.0],"tintindex":0,"texture":"#0"},"down":{"uv":[7.5,0.0,6.875,1.0],"tintindex":0,"texture":"#0"}}}],"display":{"fixed":{"scale":[4,4,4]}}}