{"textures":{"0":"bettermodel:item/deathadder_stormfly","1":"bettermodel:item/deathadder_texture16","particle":"bettermodel:item/deathadder_stormfly"},"elements":[{"from":[7.414634,7.6097555,7.3365855],"to":[8.585366,11.121951,8.702439],"faces":{"north":{"uv":[12.3125,0.875,12.6875,3.125],"tintindex":0,"texture":"#0"},"east":{"uv":[11.875,0.875,12.3125,3.125],"tintindex":0,"texture":"#0"},"south":{"uv":[13.125,0.875,13.5,3.125],"tintindex":0,"texture":"#0"},"west":{"uv":[12.6875,0.875,13.125,3.125],"tintindex":0,"texture":"#0"},"up":{"uv":[12.6875,0.875,12.3125,0.0],"tintindex":0,"texture":"#0"},"down":{"uv":[13.0625,0.0,12.6875,0.875],"tintindex":0,"texture":"#0"}}}],"display":{"fixed":{"scale":[4,4,4]}}}