{"textures":{"0":"bettermodel:item/deathadder_stormfly","1":"bettermodel:item/deathadder_texture16","particle":"bettermodel:item/deathadder_stormfly"},"elements":[{"from":[7.804878,7.8536587,7.609756],"to":[8.195122,9.414634,8.195122],"faces":{"north":{"uv":[0.3125,0.375,0.1875,1.375],"tintindex":0,"texture":"#0"},"east":{"uv":[0.5,0.375,0.3125,1.375],"tintindex":0,"texture":"#0"},"south":{"uv":[0.625,0.375,0.5,1.375],"tintindex":0,"texture":"#0"},"west":{"uv":[0.1875,0.375,0.0,1.375],"tintindex":0,"texture":"#0"},"up":{"uv":[0.1875,0.375,0.3125,0.0],"tintindex":0,"texture":"#0"},"down":{"uv":[0.3125,0.0,0.4375,0.375],"tintindex":0,"texture":"#0"}}}],"display":{"fixed":{"scale":[4,4,4]}}}