{"textures":{"0":"bettermodel:item/deathadder_stormfly","1":"bettermodel:item/deathadder_texture16","particle":"bettermodel:item/deathadder_stormfly"},"elements":[{"from":[8.0,8.0,8.0],"to":[11.512196,11.512196,8.0],"rotation":{"angle":45.0,"axis":"z","origin":[8.0,8.0,8.0]},"faces":{"north":{"uv":[11.4375,7.75,12.5625,10.0],"tintindex":0,"texture":"#0"},"east":{"uv":[11.4375,7.75,11.4375,10.0],"tintindex":0,"texture":"#0"},"south":{"uv":[12.5625,7.75,13.6875,10.0],"tintindex":0,"texture":"#0"},"west":{"uv":[12.5625,7.75,12.5625,10.0],"tintindex":0,"texture":"#0"},"up":{"uv":[12.5625,7.75,11.4375,7.75],"tintindex":0,"texture":"#0"},"down":{"uv":[13.6875,7.75,12.5625,7.75],"tintindex":0,"texture":"#0"}}}],"display":{"fixed":{"scale":[4,4,4]}}}