{"textures":{"0":"bettermodel:item/deathadder_stormfly","1":"bettermodel:item/deathadder_texture16","particle":"bettermodel:item/deathadder_stormfly"},"elements":[{"from":[8.195122,7.414634,8.0],"to":[8.585366,8.585366,8.390244],"faces":{"north":{"uv":[0.125,5.625,0.25,6.375],"tintindex":0,"texture":"#0"},"east":{"uv":[0.0,5.625,0.125,6.375],"tintindex":0,"texture":"#0"},"south":{"uv":[0.375,5.625,0.5,6.375],"tintindex":0,"texture":"#0"},"west":{"uv":[0.25,5.625,0.375,6.375],"tintindex":0,"texture":"#0"},"up":{"uv":[0.25,5.625,0.125,5.375],"tintindex":0,"texture":"#0"},"down":{"uv":[0.375,5.375,0.25,5.625],"tintindex":0,"texture":"#0"}}},{"from":[8.292683,8.585366,8.097561],"to":[8.487804,10.341463,8.292683],"faces":{"north":{"uv":[2.625,5.25,2.6875,6.375],"tintindex":0,"texture":"#0"},"east":{"uv":[2.5625,5.25,2.625,6.375],"tintindex":0,"texture":"#0"},"south":{"uv":[2.75,5.25,2.8125,6.375],"tintindex":0,"texture":"#0"},"west":{"uv":[2.6875,5.25,2.75,6.375],"tintindex":0,"texture":"#0"},"up":{"uv":[2.6875,5.25,2.625,5.125],"tintindex":0,"texture":"#0"},"down":{"uv":[2.75,5.125,2.6875,5.25],"tintindex":0,"texture":"#0"}}}],"display":{"fixed":{"scale":[4,4,4]}}}