{"textures":{"0":"bettermodel:item/deathadder_stormfly","1":"bettermodel:item/deathadder_texture16","particle":"bettermodel:item/deathadder_stormfly"},"elements":[{"from":[8.0,7.8975616,7.902439],"to":[15.804878,8.092684,8.097561],"faces":{"north":{"uv":[4.6875,15.625,7.1875,15.75],"tintindex":0,"texture":"#0"},"east":{"uv":[4.625,15.625,4.6875,15.75],"tintindex":0,"texture":"#0"},"south":{"uv":[7.25,15.625,9.75,15.75],"tintindex":0,"texture":"#0"},"west":{"uv":[7.1875,15.625,7.25,15.75],"tintindex":0,"texture":"#0"},"up":{"uv":[7.1875,15.625,4.6875,15.5],"tintindex":0,"texture":"#0"},"down":{"uv":[9.6875,15.5,7.1875,15.625],"tintindex":0,"texture":"#0"}}}],"display":{"fixed":{"scale":[4,4,4],"rotation":[0.0,-66.0,0.0]}}}