{"textures":{"0":"bettermodel:item/deathadder_stormfly","1":"bettermodel:item/deathadder_texture16","particle":"bettermodel:item/deathadder_stormfly"},"elements":[{"from":[7.3170733,7.219512,7.219512],"to":[8.682927,8.780488,8.390244],"faces":{"north":{"uv":[0.375,4.125,0.8125,5.125],"tintindex":0,"texture":"#0"},"east":{"uv":[0.0,4.125,0.375,5.125],"tintindex":0,"texture":"#0"},"south":{"uv":[1.1875,4.125,1.625,5.125],"tintindex":0,"texture":"#0"},"west":{"uv":[0.8125,4.125,1.1875,5.125],"tintindex":0,"texture":"#0"},"up":{"uv":[0.8125,4.125,0.375,3.375],"tintindex":0,"texture":"#0"},"down":{"uv":[1.25,3.375,0.8125,4.125],"tintindex":0,"texture":"#0"}}}],"display":{"fixed":{"scale":[4,4,4]}}}