{"textures":{"0":"bettermodel:item/deathadder_stormfly","1":"bettermodel:item/deathadder_texture16","particle":"bettermodel:item/deathadder_stormfly"},"elements":[{"from":[7.631294,7.4634147,6.4392624],"to":[7.631294,8.04878,8.000238],"faces":{"north":{"uv":[8.75,2.125,8.75,2.5],"tintindex":0,"texture":"#0"},"east":{"uv":[8.25,2.125,8.75,2.5],"tintindex":0,"texture":"#0"},"south":{"uv":[9.25,2.125,9.25,2.5],"tintindex":0,"texture":"#0"},"west":{"uv":[8.75,2.125,9.25,2.5],"tintindex":0,"texture":"#0"},"up":{"uv":[8.75,2.125,8.75,1.125],"tintindex":0,"texture":"#0"},"down":{"uv":[8.75,1.125,8.75,2.125],"tintindex":0,"texture":"#0"}}}],"display":{"fixed":{"scale":[4,4,4]}}}