{"textures":{"0":"bettermodel:item/deathadder_stormfly","1":"bettermodel:item/deathadder_texture16","particle":"bettermodel:item/deathadder_stormfly"},"elements":[{"from":[7.414634,7.219512,7.804878],"to":[8.0,8.195122,8.780488],"faces":{"north":{"uv":[15.3125,6.375,15.5,7.0],"tintindex":0,"texture":"#0"},"east":{"uv":[15.0,6.375,15.3125,7.0],"tintindex":0,"texture":"#0"},"south":{"uv":[15.8125,6.375,16.0,7.0],"tintindex":0,"texture":"#0"},"west":{"uv":[15.5,6.375,15.8125,7.0],"tintindex":0,"texture":"#0"},"up":{"uv":[15.5,6.375,15.3125,5.75],"tintindex":0,"texture":"#0"},"down":{"uv":[15.6875,5.75,15.5,6.375],"tintindex":0,"texture":"#0"}}}],"display":{"fixed":{"scale":[4,4,4]}}}