{"textures":{"0":"bettermodel:item/deathadder_stormfly","1":"bettermodel:item/deathadder_texture16","particle":"bettermodel:item/deathadder_stormfly"},"elements":[{"from":[6.7297564,6.3356657,6.1220427],"to":[9.270244,7.705422,7.101555],"faces":{"north":{"uv":[0.3125,12.375,1.125,13.25],"tintindex":0,"texture":"#0"},"east":{"uv":[0.0,12.375,0.3125,13.25],"tintindex":0,"texture":"#0"},"south":{"uv":[1.4375,12.375,2.25,13.25],"tintindex":0,"texture":"#0"},"west":{"uv":[1.125,12.375,1.4375,13.25],"tintindex":0,"texture":"#0"},"up":{"uv":[1.125,12.375,0.3125,11.75],"tintindex":0,"texture":"#0"},"down":{"uv":[1.9375,11.75,1.125,12.375],"tintindex":0,"texture":"#0"}}}],"display":{"fixed":{"scale":[4,4,4],"rotation":[2.4999998,0.0,-0.0]}}}