{"textures":{"0":"bettermodel:item/deathadder_stormfly","1":"bettermodel:item/deathadder_texture16","particle":"bettermodel:item/deathadder_stormfly"},"elements":[{"from":[7.4161024,9.186196,6.3940167],"to":[7.611224,9.966684,6.7842607],"faces":{"north":{"uv":[10.875,2.375,10.9375,2.875],"tintindex":0,"texture":"#0"},"east":{"uv":[10.75,2.375,10.875,2.875],"tintindex":0,"texture":"#0"},"south":{"uv":[11.0625,2.375,11.125,2.875],"tintindex":0,"texture":"#0"},"west":{"uv":[10.9375,2.375,11.0625,2.875],"tintindex":0,"texture":"#0"},"up":{"uv":[10.9375,2.375,10.875,2.125],"tintindex":0,"texture":"#0"},"down":{"uv":[11.0,2.125,10.9375,2.375],"tintindex":0,"texture":"#0"}}}],"display":{"fixed":{"scale":[4,4,4],"rotation":[-47.199856,-1.7081797,19.929895]}}}