{"textures":{"0":"bettermodel:item/deathadder_stormfly","1":"bettermodel:item/deathadder_texture16","particle":"bettermodel:item/deathadder_stormfly"},"elements":[{"from":[8.0,7.907317,7.902439],"to":[17.756098,8.102439,8.097561],"faces":{"north":{"uv":[4.1875,15.125,7.3125,15.25],"tintindex":0,"texture":"#0"},"east":{"uv":[4.125,15.125,4.1875,15.25],"tintindex":0,"texture":"#0"},"south":{"uv":[7.375,15.125,10.5,15.25],"tintindex":0,"texture":"#0"},"west":{"uv":[7.3125,15.125,7.375,15.25],"tintindex":0,"texture":"#0"},"up":{"uv":[7.3125,15.125,4.1875,15.0],"tintindex":0,"texture":"#0"},"down":{"uv":[10.4375,15.0,7.3125,15.125],"tintindex":0,"texture":"#0"}}}],"display":{"fixed":{"scale":[4,4,4],"rotation":[180.0,-82.000015,180.0]}}}