{"textures":{"0":"bettermodel:item/deathadder_stormfly","1":"bettermodel:item/deathadder_texture16","particle":"bettermodel:item/deathadder_stormfly"},"elements":[{"from":[7.6650968,7.738049,8.060781],"to":[7.8602185,9.103903,8.255902],"faces":{"north":{"uv":[5.25,2.625,5.1875,3.5],"tintindex":0,"texture":"#0"},"east":{"uv":[5.3125,2.625,5.25,3.5],"tintindex":0,"texture":"#0"},"south":{"uv":[5.375,2.625,5.3125,3.5],"tintindex":0,"texture":"#0"},"west":{"uv":[5.1875,2.625,5.125,3.5],"tintindex":0,"texture":"#0"},"up":{"uv":[5.1875,2.625,5.25,2.5],"tintindex":0,"texture":"#0"},"down":{"uv":[5.25,2.5,5.3125,2.625],"tintindex":0,"texture":"#0"}}}],"display":{"fixed":{"scale":[4,4,4]}}}