{"textures":{"0":"bettermodel:item/deathadder_stormfly","1":"bettermodel:item/deathadder_texture16","particle":"bettermodel:item/deathadder_stormfly"},"elements":[{"from":[2.9268293,7.97561,5.0731707],"to":[7.414634,7.97561,7.804878],"faces":{"north":{"uv":[5.625,12.875,4.1875,12.875],"tintindex":0,"texture":"#0"},"east":{"uv":[6.5,12.875,5.625,12.875],"tintindex":0,"texture":"#0"},"south":{"uv":[7.9375,12.875,6.5,12.875],"tintindex":0,"texture":"#0"},"west":{"uv":[4.1875,12.875,3.3125,12.875],"tintindex":0,"texture":"#0"},"up":{"uv":[4.1875,12.875,5.625,11.125],"tintindex":0,"texture":"#0"},"down":{"uv":[5.625,11.125,7.0625,12.875],"tintindex":0,"texture":"#0"}}}],"display":{"fixed":{"scale":[4,4,4],"rotation":[-0.0,29.999998,-0.0]}}}