{"textures":{"0":"bettermodel:item/deathadder_stormfly","1":"bettermodel:item/deathadder_texture16","particle":"bettermodel:item/deathadder_stormfly"},"elements":[{"from":[7.707317,7.414634,7.804878],"to":[8.097561,8.97561,8.195122],"faces":{"north":{"uv":[2.875,9.875,3.0,10.875],"tintindex":0,"texture":"#0"},"east":{"uv":[2.75,9.875,2.875,10.875],"tintindex":0,"texture":"#0"},"south":{"uv":[3.125,9.875,3.25,10.875],"tintindex":0,"texture":"#0"},"west":{"uv":[3.0,9.875,3.125,10.875],"tintindex":0,"texture":"#0"},"up":{"uv":[3.0,9.875,2.875,9.625],"tintindex":0,"texture":"#0"},"down":{"uv":[3.125,9.625,3.0,9.875],"tintindex":0,"texture":"#0"}}},{"from":[7.804878,8.97561,7.902439],"to":[8.0,10.536585,8.097561],"faces":{"north":{"uv":[2.625,5.25,2.6875,6.25],"tintindex":0,"texture":"#0"},"east":{"uv":[2.5625,5.25,2.625,6.25],"tintindex":0,"texture":"#0"},"south":{"uv":[2.75,5.25,2.8125,6.25],"tintindex":0,"texture":"#0"},"west":{"uv":[2.6875,5.25,2.75,6.25],"tintindex":0,"texture":"#0"},"up":{"uv":[2.6875,5.25,2.625,5.125],"tintindex":0,"texture":"#0"},"down":{"uv":[2.75,5.125,2.6875,5.25],"tintindex":0,"texture":"#0"}}}],"display":{"fixed":{"scale":[4,4,4]}}}