{"textures":{"0":"bettermodel:item/deathadder_stormfly","1":"bettermodel:item/deathadder_texture16","particle":"bettermodel:item/deathadder_stormfly"},"elements":[{"from":[7.804878,7.7658544,7.804878],"to":[8.195122,10.887806,8.195122],"faces":{"north":{"uv":[14.875,3.0,15.0,5.0],"tintindex":0,"texture":"#0"},"east":{"uv":[14.75,3.0,14.875,5.0],"tintindex":0,"texture":"#0"},"south":{"uv":[15.125,3.0,15.25,5.0],"tintindex":0,"texture":"#0"},"west":{"uv":[15.0,3.0,15.125,5.0],"tintindex":0,"texture":"#0"},"up":{"uv":[15.0,3.0,14.875,2.75],"tintindex":0,"texture":"#0"},"down":{"uv":[15.125,2.75,15.0,3.0],"tintindex":0,"texture":"#0"}}}],"display":{"fixed":{"scale":[4,4,4]}}}