{"textures":{"0":"bettermodel:item/deathadder_stormfly","1":"bettermodel:item/deathadder_texture16","particle":"bettermodel:item/deathadder_stormfly"},"elements":[{"from":[6.0487804,7.97561,8.390244],"to":[8.0,7.97561,20.292683],"faces":{"north":{"uv":[6.125,10.5,5.5,10.5],"tintindex":0,"texture":"#0"},"east":{"uv":[9.9375,10.5,6.125,10.5],"tintindex":0,"texture":"#0"},"south":{"uv":[10.5625,10.5,9.9375,10.5],"tintindex":0,"texture":"#0"},"west":{"uv":[5.5,10.5,1.6875,10.5],"tintindex":0,"texture":"#0"},"up":{"uv":[5.5,10.5,6.125,2.875],"tintindex":0,"texture":"#0"},"down":{"uv":[6.125,2.875,6.75,10.5],"tintindex":0,"texture":"#0"}}}],"display":{"fixed":{"scale":[4,4,4],"rotation":[-0.0,29.999998,-0.0]}}}