{"textures":{"0":"bettermodel:item/deathadder_stormfly","1":"bettermodel:item/deathadder_texture16","particle":"bettermodel:item/deathadder_stormfly"},"elements":[{"from":[3.3170733,7.804878,7.609756],"to":[8.0,8.195122,8.0],"faces":{"north":{"uv":[0.125,14.5,1.625,14.75],"tintindex":0,"texture":"#0"},"east":{"uv":[0.0,14.5,0.125,14.75],"tintindex":0,"texture":"#0"},"south":{"uv":[1.75,14.5,3.25,14.75],"tintindex":0,"texture":"#0"},"west":{"uv":[1.625,14.5,1.75,14.75],"tintindex":0,"texture":"#0"},"up":{"uv":[1.625,14.5,0.125,14.25],"tintindex":0,"texture":"#0"},"down":{"uv":[3.125,14.25,1.625,14.5],"tintindex":0,"texture":"#0"}}}],"display":{"fixed":{"scale":[4,4,4]}}}