{"textures":{"0":"bettermodel:item/deathadder_stormfly","1":"bettermodel:item/deathadder_texture16","particle":"bettermodel:item/deathadder_stormfly"},"elements":[{"from":[7.219512,7.219512,6.634146],"to":[8.780488,8.780488,8.0],"faces":{"north":{"uv":[3.1875,3.375,3.6875,4.375],"tintindex":0,"texture":"#0"},"east":{"uv":[2.75,3.375,3.1875,4.375],"tintindex":0,"texture":"#0"},"south":{"uv":[4.125,3.375,4.625,4.375],"tintindex":0,"texture":"#0"},"west":{"uv":[3.6875,3.375,4.125,4.375],"tintindex":0,"texture":"#0"},"up":{"uv":[3.6875,3.375,3.1875,2.5],"tintindex":0,"texture":"#0"},"down":{"uv":[4.1875,2.5,3.6875,3.375],"tintindex":0,"texture":"#0"}}}],"display":{"fixed":{"scale":[4,4,4]}}}