{"textures":{"0":"bettermodel:item/deathadder_stormfly","1":"bettermodel:item/deathadder_texture16","particle":"bettermodel:item/deathadder_stormfly"},"elements":[{"from":[6.634146,4.878049,8.0],"to":[9.365853,8.0,10.146341],"faces":{"north":{"uv":[0.6875,1.375,1.5625,3.375],"tintindex":0,"texture":"#0"},"east":{"uv":[0.0,1.375,0.6875,3.375],"tintindex":0,"texture":"#0"},"south":{"uv":[2.25,1.375,3.125,3.375],"tintindex":0,"texture":"#0"},"west":{"uv":[1.5625,1.375,2.25,3.375],"tintindex":0,"texture":"#0"},"up":{"uv":[1.5625,1.375,0.6875,0.0],"tintindex":0,"texture":"#0"},"down":{"uv":[2.4375,0.0,1.5625,1.375],"tintindex":0,"texture":"#0"}}}],"display":{"fixed":{"scale":[4,4,4]}}}