{"textures":{"0":"bettermodel:item/deathadder_stormfly","1":"bettermodel:item/deathadder_texture16","particle":"bettermodel:item/deathadder_stormfly"},"elements":[{"from":[7.219512,7.153733,7.41304],"to":[8.780488,8.714708,7.998406],"faces":{"north":{"uv":[4.25,8.875,3.75,9.875],"tintindex":0,"texture":"#0"},"east":{"uv":[4.4375,8.875,4.25,9.875],"tintindex":0,"texture":"#0"},"south":{"uv":[4.9375,8.875,4.4375,9.875],"tintindex":0,"texture":"#0"},"west":{"uv":[3.75,8.875,3.5625,9.875],"tintindex":0,"texture":"#0"},"up":{"uv":[3.75,8.875,4.25,8.5],"tintindex":0,"texture":"#0"},"down":{"uv":[4.25,8.5,4.75,8.875],"tintindex":0,"texture":"#0"}}}],"display":{"fixed":{"scale":[4,4,4]}}}