{"textures":{"0":"bettermodel:item/deathadder_stormfly","1":"bettermodel:item/deathadder_texture16","particle":"bettermodel:item/deathadder_stormfly"},"elements":[{"from":[6.8292685,7.609756,6.243902],"to":[9.170732,8.585366,8.195122],"faces":{"north":{"uv":[0.625,6.375,1.375,7.0],"tintindex":0,"texture":"#0"},"east":{"uv":[0.0,6.375,0.625,7.0],"tintindex":0,"texture":"#0"},"south":{"uv":[2.0,6.375,2.75,7.0],"tintindex":0,"texture":"#0"},"west":{"uv":[1.375,6.375,2.0,7.0],"tintindex":0,"texture":"#0"},"up":{"uv":[1.375,6.375,0.625,5.125],"tintindex":0,"texture":"#0"},"down":{"uv":[2.125,5.125,1.375,6.375],"tintindex":0,"texture":"#0"}}}],"display":{"fixed":{"scale":[4,4,4]}}}