{"textures":{"0":"bettermodel:item/deathadder_stormfly","1":"bettermodel:item/deathadder_texture16","particle":"bettermodel:item/deathadder_stormfly"},"elements":[{"from":[7.590244,7.2780485,7.609756],"to":[8.370731,8.058537,8.390244],"faces":{"north":{"uv":[5.4375,0.5,5.6875,1.0],"tintindex":0,"texture":"#0"},"east":{"uv":[5.1875,0.5,5.4375,1.0],"tintindex":0,"texture":"#0"},"south":{"uv":[5.9375,0.5,6.1875,1.0],"tintindex":0,"texture":"#0"},"west":{"uv":[5.6875,0.5,5.9375,1.0],"tintindex":0,"texture":"#0"},"up":{"uv":[5.6875,0.5,5.4375,0.0],"tintindex":0,"texture":"#0"},"down":{"uv":[5.9375,0.0,5.6875,0.5],"tintindex":0,"texture":"#0"}}}],"display":{"fixed":{"scale":[4,4,4]}}}