{"textures":{"0":"bettermodel:item/deathadder_stormfly","1":"bettermodel:item/deathadder_texture16","particle":"bettermodel:item/deathadder_stormfly"},"elements":[{"from":[7.609756,7.687805,7.609756],"to":[8.390244,11.200001,8.390244],"faces":{"north":{"uv":[15.0,0.5,15.25,2.75],"tintindex":0,"texture":"#0"},"east":{"uv":[14.75,0.5,15.0,2.75],"tintindex":0,"texture":"#0"},"south":{"uv":[15.5,0.5,15.75,2.75],"tintindex":0,"texture":"#0"},"west":{"uv":[15.25,0.5,15.5,2.75],"tintindex":0,"texture":"#0"},"up":{"uv":[15.25,0.5,15.0,0.0],"tintindex":0,"texture":"#0"},"down":{"uv":[15.5,0.0,15.25,0.5],"tintindex":0,"texture":"#0"}}}],"display":{"fixed":{"scale":[4,4,4]}}}