{"textures":{"0":"bettermodel:item/piplup_piplup","particle":"bettermodel:item/piplup_piplup"},"elements":[{"from":[8.003134,7.063003,7.601951],"to":[8.003134,7.9995885,8.382439],"faces":{"north":{"uv":[0.0,0.0,0.0,1.5],"tintindex":0,"texture":"#0"},"east":{"uv":[10.75,8.75,9.5,10.25],"tintindex":0,"texture":"#0"},"south":{"uv":[0.0,0.0,0.0,1.5],"tintindex":0,"texture":"#0"},"west":{"uv":[10.5,7.25,9.25,8.75],"tintindex":0,"texture":"#0"},"up":{"uv":[0.0,1.25,0.0,0.0],"tintindex":0,"texture":"#0"},"down":{"uv":[0.0,0.0,0.0,1.25],"tintindex":0,"texture":"#0"}}}],"display":{"fixed":{"scale":[4,4,4]}}}