{"textures":{"0":"bettermodel:item/piplup_piplup","particle":"bettermodel:item/piplup_piplup"},"elements":[{"from":[7.867317,7.890732,7.8360977],"to":[8.132683,8.187317,8.163902],"faces":{"north":{"uv":[11.0,5.25,11.5,5.75],"tintindex":0,"texture":"#0"},"east":{"uv":[11.0,5.75,11.5,6.25],"tintindex":0,"texture":"#0"},"south":{"uv":[11.0,6.25,11.5,6.75],"tintindex":0,"texture":"#0"},"west":{"uv":[11.0,6.75,11.5,7.25],"tintindex":0,"texture":"#0"},"up":{"uv":[11.5,7.75,11.0,7.25],"tintindex":0,"texture":"#0"},"down":{"uv":[11.5,7.75,11.0,8.25],"tintindex":0,"texture":"#0"}}}],"display":{"fixed":{"scale":[4,4,4]}}}