{"textures":{"0":"bettermodel:item/piplup_piplup","particle":"bettermodel:item/piplup_piplup"},"elements":[{"from":[7.6878047,8.0,7.219512],"to":[8.156097,8.312195,7.5317073],"faces":{"north":{"uv":[10.75,8.5,11.5,9.0],"tintindex":0,"texture":"#0"},"east":{"uv":[5.75,7.0,6.25,7.5],"tintindex":0,"texture":"#0"},"south":{"uv":[10.75,9.0,11.5,9.5],"tintindex":0,"texture":"#0"},"west":{"uv":[5.0,11.0,5.5,11.5],"tintindex":0,"texture":"#0"},"up":{"uv":[11.5,10.0,10.75,9.5],"tintindex":0,"texture":"#0"},"down":{"uv":[5.0,11.0,4.25,11.5],"tintindex":0,"texture":"#0"}}}],"display":{"fixed":{"scale":[4,4,4]}}}