{"textures":{"0":"bettermodel:item/piplup_piplup","particle":"bettermodel:item/piplup_piplup"},"elements":[{"from":[7.297561,7.8315396,7.5341835],"to":[8.546342,8.963246,8.782964],"faces":{"north":{"uv":[0.0,4.5,2.0,6.0],"tintindex":0,"texture":"#0"},"east":{"uv":[4.25,5.5,6.25,7.0],"tintindex":0,"texture":"#0"},"south":{"uv":[0.0,6.0,2.0,7.5],"tintindex":0,"texture":"#0"},"west":{"uv":[2.0,6.0,4.0,7.5],"tintindex":0,"texture":"#0"},"up":{"uv":[4.25,2.0,2.25,0.0],"tintindex":0,"texture":"#0"},"down":{"uv":[4.25,2.0,2.25,4.0],"tintindex":0,"texture":"#0"}}},{"from":[7.3443904,8.143735,7.510769],"to":[7.656585,8.612027,7.510769],"faces":{"north":{"uv":[15.5,0.0,16.0,0.75],"tintindex":0,"texture":"#0"},"east":{"uv":[4.25,5.5,6.25,7.0],"tintindex":0,"texture":"#0"},"south":{"uv":[15.5,0.75,16.0,1.5],"tintindex":0,"texture":"#0"},"west":{"uv":[2.0,6.0,4.0,7.5],"tintindex":0,"texture":"#0"},"up":{"uv":[4.25,2.0,2.25,0.0],"tintindex":0,"texture":"#0"},"down":{"uv":[4.25,2.0,2.25,4.0],"tintindex":0,"texture":"#0"}}},{"from":[8.187317,8.143735,7.510769],"to":[8.499512,8.612027,7.510769],"faces":{"north":{"uv":[16.0,0.0,15.5,0.75],"tintindex":0,"texture":"#0"},"east":{"uv":[4.0,6.0,2.0,7.5],"tintindex":0,"texture":"#0"},"south":{"uv":[16.0,0.75,15.5,1.5],"tintindex":0,"texture":"#0"},"west":{"uv":[6.25,5.5,4.25,7.0],"tintindex":0,"texture":"#0"},"up":{"uv":[2.25,2.0,4.25,0.0],"tintindex":0,"texture":"#0"},"down":{"uv":[2.25,2.0,4.25,4.0],"tintindex":0,"texture":"#0"}}},{"from":[7.2819514,7.81593,7.5185738],"to":[8.561952,8.978857,8.7985735],"faces":{"north":{"uv":[6.25,0.0,8.25,1.5],"tintindex":0,"texture":"#0"},"east":{"uv":[6.25,1.5,8.25,3.0],"tintindex":0,"texture":"#0"},"south":{"uv":[6.25,3.0,8.25,4.5],"tintindex":0,"texture":"#0"},"west":{"uv":[6.25,4.5,8.25,6.0],"tintindex":0,"texture":"#0"},"up":{"uv":[4.25,6.0,2.25,4.0],"tintindex":0,"texture":"#0"},"down":{"uv":[6.25,0.0,4.25,2.0],"tintindex":0,"texture":"#0"}}}],"display":{"fixed":{"scale":[4,4,4]}}}