{"textures":{"0":"bettermodel:item/piplup_piplup","particle":"bettermodel:item/piplup_piplup"},"elements":[{"from":[7.4520974,7.5301466,7.92039],"to":[8.547902,8.313756,8.235707],"faces":{"north":{"uv":[8.25,1.25,10.0,2.5],"tintindex":0,"texture":"#0"},"east":{"uv":[2.25,10.25,2.75,11.5],"tintindex":0,"texture":"#0"},"south":{"uv":[8.25,2.5,10.0,3.75],"tintindex":0,"texture":"#0"},"west":{"uv":[9.5,10.25,10.0,11.5],"tintindex":0,"texture":"#0"},"up":{"uv":[9.5,10.5,7.75,10.0],"tintindex":0,"texture":"#0"},"down":{"uv":[12.0,4.5,10.25,5.0],"tintindex":0,"texture":"#0"}}},{"from":[7.998439,7.5301466,8.232585],"to":[8.001561,8.001561,8.547902],"faces":{"north":{"uv":[0.0,0.0,0.0,0.75],"tintindex":0,"texture":"#0"},"east":{"uv":[3.5,7.5,4.0,8.25],"tintindex":0,"texture":"#0"},"south":{"uv":[0.0,0.0,0.0,0.75],"tintindex":0,"texture":"#0"},"west":{"uv":[3.0,9.0,3.5,9.75],"tintindex":0,"texture":"#0"},"up":{"uv":[0.0,0.5,0.0,0.0],"tintindex":0,"texture":"#0"},"down":{"uv":[0.0,0.0,0.0,0.5],"tintindex":0,"texture":"#0"}}}],"display":{"fixed":{"scale":[4,4,4]}}}