{"textures":{"0":"bettermodel:item/piplup_piplup","particle":"bettermodel:item/piplup_piplup"},"elements":[{"from":[7.996866,7.063003,7.601951],"to":[7.996866,7.9995885,8.382439],"faces":{"north":{"uv":[0.0,0.0,0.0,1.5],"tintindex":0,"texture":"#0"},"east":{"uv":[9.25,7.25,10.5,8.75],"tintindex":0,"texture":"#0"},"south":{"uv":[0.0,0.0,0.0,1.5],"tintindex":0,"texture":"#0"},"west":{"uv":[9.5,8.75,10.75,10.25],"tintindex":0,"texture":"#0"},"up":{"uv":[0.0,1.25,0.0,0.0],"tintindex":0,"texture":"#0"},"down":{"uv":[0.0,0.0,0.0,1.25],"tintindex":0,"texture":"#0"}}}],"display":{"fixed":{"scale":[4,4,4]}}}