{"textures":{"0":"bettermodel:item/piplup_piplup","particle":"bettermodel:item/piplup_piplup"},"elements":[{"from":[8.078049,7.4536586,7.9094634],"to":[8.359024,7.609756,8.689951],"faces":{"north":{"uv":[4.0,8.25,3.5,8.5],"tintindex":0,"texture":"#0"},"east":{"uv":[9.5,5.75,8.25,6.0],"tintindex":0,"texture":"#0"},"south":{"uv":[5.5,8.5,5.0,8.75],"tintindex":0,"texture":"#0"},"west":{"uv":[9.25,7.25,8.0,7.5],"tintindex":0,"texture":"#0"},"up":{"uv":[10.0,11.5,10.5,10.25],"tintindex":0,"texture":"#0"},"down":{"uv":[10.5,7.25,11.0,8.5],"tintindex":0,"texture":"#0"}}}],"display":{"fixed":{"scale":[4,4,4]}}}