{"textures":{"0":"bettermodel:item/piplup_piplup","particle":"bettermodel:item/piplup_piplup"},"elements":[{"from":[7.6409755,7.4536586,7.9094634],"to":[7.9219513,7.609756,8.689951],"faces":{"north":{"uv":[3.5,8.25,4.0,8.5],"tintindex":0,"texture":"#0"},"east":{"uv":[8.0,7.25,9.25,7.5],"tintindex":0,"texture":"#0"},"south":{"uv":[5.0,8.5,5.5,8.75],"tintindex":0,"texture":"#0"},"west":{"uv":[8.25,5.75,9.5,6.0],"tintindex":0,"texture":"#0"},"up":{"uv":[10.5,11.5,10.0,10.25],"tintindex":0,"texture":"#0"},"down":{"uv":[11.0,7.25,10.5,8.5],"tintindex":0,"texture":"#0"}}}],"display":{"fixed":{"scale":[4,4,4]}}}