{"textures":{"0":"bettermodel:item/piplup_piplup","particle":"bettermodel:item/piplup_piplup"},"elements":[{"from":[7.37561,7.9063416,7.5239024],"to":[8.468292,8.68683,8.460487],"faces":{"north":{"uv":[5.75,7.5,7.5,8.75],"tintindex":0,"texture":"#0"},"east":{"uv":[3.5,8.5,5.0,9.75],"tintindex":0,"texture":"#0"},"south":{"uv":[7.5,7.5,9.25,8.75],"tintindex":0,"texture":"#0"},"west":{"uv":[5.0,8.75,6.5,10.0],"tintindex":0,"texture":"#0"},"up":{"uv":[8.0,7.5,6.25,6.0],"tintindex":0,"texture":"#0"},"down":{"uv":[5.75,7.0,4.0,8.5],"tintindex":0,"texture":"#0"}}},{"from":[7.36,7.890732,7.5082927],"to":[8.483902,8.702439,8.476097],"faces":{"north":{"uv":[8.0,6.0,9.75,7.25],"tintindex":0,"texture":"#0"},"east":{"uv":[6.5,8.75,8.0,10.0],"tintindex":0,"texture":"#0"},"south":{"uv":[8.25,0.0,10.0,1.25],"tintindex":0,"texture":"#0"},"west":{"uv":[8.0,8.75,9.5,10.0],"tintindex":0,"texture":"#0"},"up":{"uv":[1.75,9.0,0.0,7.5],"tintindex":0,"texture":"#0"},"down":{"uv":[3.5,7.5,1.75,9.0],"tintindex":0,"texture":"#0"}}}],"display":{"fixed":{"scale":[4,4,4]}}}