{"textures":{"0":"bettermodel:item/qmob_blobfish_qmob_blobfish","particle":"bettermodel:item/qmob_blobfish_qmob_blobfish"},"elements":[{"from":[6.8292685,7.4359026,6.8292685],"to":[9.170732,7.437854,7.609756],"faces":{"north":{"uv":[5.5,2.75,8.5,3.0],"tintindex":0,"texture":"#0"},"east":{"uv":[4.0,3.0,5.0,3.25],"tintindex":0,"texture":"#0"},"south":{"uv":[5.0,5.5,8.0,5.75],"tintindex":0,"texture":"#0"},"west":{"uv":[4.0,3.25,5.0,3.5],"tintindex":0,"texture":"#0"},"up":{"uv":[3.0,1.0,0.0,0.0],"tintindex":0,"texture":"#0"},"down":{"uv":[3.0,1.0,0.0,2.0],"tintindex":0,"texture":"#0"}}},{"from":[7.219512,7.4339514,6.634146],"to":[8.780488,8.604683,7.804878],"faces":{"north":{"uv":[0.0,2.0,2.0,3.5],"tintindex":0,"texture":"#0"},"east":{"uv":[4.0,1.5,5.5,3.0],"tintindex":0,"texture":"#0"},"south":{"uv":[2.0,2.0,4.0,3.5],"tintindex":0,"texture":"#0"},"west":{"uv":[0.0,5.0,1.5,6.5],"tintindex":0,"texture":"#0"},"up":{"uv":[5.0,1.5,3.0,0.0],"tintindex":0,"texture":"#0"},"down":{"uv":[2.0,3.5,0.0,5.0],"tintindex":0,"texture":"#0"}}}],"display":{"fixed":{"scale":[4,4,4]}}}