{"textures":{"0":"bettermodel:item/qmob_blobfish_qmob_blobfish","particle":"bettermodel:item/qmob_blobfish_qmob_blobfish"},"elements":[{"from":[7.609756,7.5609756,7.804878],"to":[8.390244,8.146341,8.0],"faces":{"north":{"uv":[5.5,1.25,6.5,2.0],"tintindex":0,"texture":"#0"},"east":{"uv":[5.0,6.25,5.25,7.0],"tintindex":0,"texture":"#0"},"south":{"uv":[5.5,2.0,6.5,2.75],"tintindex":0,"texture":"#0"},"west":{"uv":[5.25,6.25,5.5,7.0],"tintindex":0,"texture":"#0"},"up":{"uv":[4.0,1.75,3.0,1.5],"tintindex":0,"texture":"#0"},"down":{"uv":[4.0,1.75,3.0,2.0],"tintindex":0,"texture":"#0"}}}],"display":{"fixed":{"scale":[4,4,4]}}}