{"textures":{"0":"bettermodel:item/qmob_blobfish_qmob_blobfish","particle":"bettermodel:item/qmob_blobfish_qmob_blobfish"},"elements":[{"from":[7.99935,8.260814,8.016259],"to":[8.001302,8.4559355,8.991869],"faces":{"north":{"uv":[0.0,0.0,0.0,0.25],"tintindex":0,"texture":"#0"},"east":{"uv":[5.0,5.75,6.25,6.0],"tintindex":0,"texture":"#0"},"south":{"uv":[0.0,0.0,0.0,0.25],"tintindex":0,"texture":"#0"},"west":{"uv":[5.0,6.0,6.25,6.25],"tintindex":0,"texture":"#0"},"up":{"uv":[0.0,1.25,0.0,0.0],"tintindex":0,"texture":"#0"},"down":{"uv":[0.0,0.0,0.0,1.25],"tintindex":0,"texture":"#0"}}},{"from":[7.4139843,7.2832527,7.6260157],"to":[8.584716,8.2588625,8.991869],"faces":{"north":{"uv":[5.0,4.25,6.5,5.5],"tintindex":0,"texture":"#0"},"east":{"uv":[5.0,0.0,6.75,1.25],"tintindex":0,"texture":"#0"},"south":{"uv":[1.5,5.25,3.0,6.5],"tintindex":0,"texture":"#0"},"west":{"uv":[5.0,3.0,6.75,4.25],"tintindex":0,"texture":"#0"},"up":{"uv":[3.5,5.25,2.0,3.5],"tintindex":0,"texture":"#0"},"down":{"uv":[5.0,3.5,3.5,5.25],"tintindex":0,"texture":"#0"}}},{"from":[7.99935,7.090082,8.991869],"to":[8.001302,8.260814,9.772357],"faces":{"north":{"uv":[0.0,0.0,0.0,1.5],"tintindex":0,"texture":"#0"},"east":{"uv":[3.0,5.25,4.0,6.75],"tintindex":0,"texture":"#0"},"south":{"uv":[0.0,0.0,0.0,1.5],"tintindex":0,"texture":"#0"},"west":{"uv":[4.0,5.25,5.0,6.75],"tintindex":0,"texture":"#0"},"up":{"uv":[0.0,1.0,0.0,0.0],"tintindex":0,"texture":"#0"},"down":{"uv":[0.0,0.0,0.0,1.0],"tintindex":0,"texture":"#0"}}}],"display":{"fixed":{"scale":[4,4,4]}}}