{"textures":{"0":"item/cit/pkw_frog","particle":"item/cit/pkw_frog"},"elements":[{"from":[0.5,10.85,-2.8],"to":[15.5,16.85,10.2],"rotation":{"angle":0.0,"axis":"y","origin":[8.0,18.075,4.7]},"faces":{"north":{"uv":[7.5,6.0,11.25,7.5],"texture":"#0"},"east":{"uv":[7.5,9.0,10.75,10.5],"texture":"#0"},"south":{"uv":[7.5,7.5,11.25,9.0],"texture":"#0"},"west":{"uv":[10.75,9.0,7.5,10.5],"texture":"#0"},"up":{"uv":[7.5,3.25,3.75,0.0],"texture":"#0"},"down":{"uv":[7.5,3.25,3.75,6.5],"texture":"#0"}}},{"from":[0.52,9.62,-0.78],"to":[15.48,11.08,11.18],"rotation":{"angle":-22.5,"axis":"x","origin":[8.0,11.35,3.7]},"faces":{"north":{"uv":[0.0,13.125,3.75,13.5],"texture":"#0"},"east":{"uv":[0.0,13.125,3.0,13.5],"texture":"#0"},"south":{"uv":[0.0,13.125,3.75,13.5],"texture":"#0"},"west":{"uv":[0.25,13.125,3.25,13.5],"texture":"#0"}}},{"from":[4.5,4.50015,-0.5315],"to":[11.5,9.00015,-0.5315],"rotation":{"angle":0.0,"axis":"y","origin":[8.0,11.00015,5.4685]},"faces":{"north":{"uv":[0.0,13.625,1.75,14.75],"texture":"#0"},"east":{"uv":[0.0,13.125,3.0,13.5],"texture":"#0"},"south":{"uv":[0.0,13.625,1.75,14.75],"texture":"#0"},"west":{"uv":[0.25,13.125,3.25,13.5],"texture":"#0"}}},{"from":[-1.0,13.75,1.7],"to":[3.0,17.75,5.7],"rotation":{"angle":0.0,"axis":"y","origin":[8.0,18.075,4.7]},"faces":{"north":{"uv":[11.25,4.25,12.25,5.25],"texture":"#0"},"east":{"uv":[11.25,4.25,12.25,5.25],"texture":"#0"},"south":{"uv":[11.25,4.25,12.25,5.25],"texture":"#0"},"west":{"uv":[11.25,4.25,12.25,5.25],"texture":"#0"},"up":{"uv":[12.25,4.25,13.25,5.25],"texture":"#0"},"down":{"uv":[13.25,4.25,14.25,5.25],"texture":"#0"}}},{"from":[13.0,13.75,1.8],"to":[17.0,17.75,5.8],"rotation":{"angle":0.0,"axis":"y","origin":[8.0,18.075,4.7]},"faces":{"north":{"uv":[12.25,4.25,11.25,5.25],"texture":"#0"},"east":{"uv":[12.25,4.25,11.25,5.25],"texture":"#0"},"south":{"uv":[12.25,4.25,11.25,5.25],"texture":"#0"},"west":{"uv":[12.25,4.25,11.25,5.25],"texture":"#0"},"up":{"uv":[13.25,4.25,12.25,5.25],"texture":"#0"},"down":{"uv":[14.25,4.25,13.25,5.25],"texture":"#0"}}},{"from":[-2.8,0.05,7.2],"to":[1.2,10.05,14.2],"rotation":{"angle":0.0,"axis":"y","origin":[8.0,9.51811,6.82252]},"faces":{"north":{"uv":[7.0,10.5,8.0,13.0],"texture":"#0"},"east":{"uv":[0.0,10.5,1.75,13.0],"texture":"#0"},"south":{"uv":[8.0,10.5,9.0,13.0],"texture":"#0"},"west":{"uv":[1.75,10.5,3.5,13.0],"texture":"#0"},"up":{"uv":[7.0,12.75,6.0,11.0],"texture":"#0"},"down":{"uv":[12.25,0.0,11.25,1.75],"texture":"#0"}}},{"from":[-2.8,0.05,4.2],"to":[1.2,2.05,7.2],"rotation":{"angle":0.0,"axis":"y","origin":[8.0,9.51811,6.82252]},"faces":{"north":{"uv":[12.5,2.25,13.5,2.75],"texture":"#0"},"east":{"uv":[11.25,8.0,12.0,8.5],"texture":"#0"},"south":{"uv":[12.5,2.75,13.5,3.25],"texture":"#0"},"west":{"uv":[11.25,8.5,12.0,9.0],"texture":"#0"},"up":{"uv":[13.0,10.25,12.0,9.5],"texture":"#0"},"down":{"uv":[13.5,1.5,12.5,2.25],"texture":"#0"}}},{"from":[-1.0,-2.32527,5.2909],"to":[2.6,3.07473,8.8909],"rotation":{"angle":45.0,"axis":"x","origin":[8.0,9.51811,6.82252]},"faces":{"north":{"uv":[11.5,10.25,12.375,11.625],"texture":"#0"},"east":{"uv":[13.125,0.0,12.25,1.375],"texture":"#0"},"south":{"uv":[12.0,8.0,12.875,9.375],"texture":"#0"},"west":{"uv":[12.25,0.0,13.125,1.375],"texture":"#0"},"up":{"uv":[9.875,13.125,9.0,12.25],"texture":"#0"},"down":{"uv":[10.875,12.25,10.0,13.125],"texture":"#0"}}},{"from":[13.4,-2.32527,5.2909],"to":[17.0,3.07473,8.8909],"rotation":{"angle":45.0,"axis":"x","origin":[8.0,9.51811,6.82252]},"faces":{"north":{"uv":[12.375,10.25,11.5,11.625],"texture":"#0"},"east":{"uv":[13.125,0.0,12.25,1.375],"texture":"#0"},"south":{"uv":[12.875,8.0,12.0,9.375],"texture":"#0"},"west":{"uv":[12.25,0.0,13.125,1.375],"texture":"#0"},"up":{"uv":[9.0,13.125,9.875,12.25],"texture":"#0"},"down":{"uv":[10.0,12.25,10.875,13.125],"texture":"#0"}}},{"from":[14.8,0.05,7.2],"to":[18.8,10.05,14.2],"rotation":{"angle":0.0,"axis":"y","origin":[8.0,9.51811,6.82252]},"faces":{"north":{"uv":[8.0,10.5,7.0,13.0],"texture":"#0"},"east":{"uv":[3.5,10.5,1.75,13.0],"texture":"#0"},"south":{"uv":[9.0,10.5,8.0,13.0],"texture":"#0"},"west":{"uv":[1.75,10.5,0.0,13.0],"texture":"#0"},"up":{"uv":[6.0,12.75,7.0,11.0],"texture":"#0"},"down":{"uv":[11.25,0.0,12.25,1.75],"texture":"#0"}}},{"from":[14.8,0.05,4.2],"to":[18.8,2.05,7.2],"rotation":{"angle":0.0,"axis":"y","origin":[8.0,9.51811,6.82252]},"faces":{"north":{"uv":[13.5,2.25,12.5,2.75],"texture":"#0"},"east":{"uv":[12.0,8.5,11.25,9.0],"texture":"#0"},"south":{"uv":[13.5,2.75,12.5,3.25],"texture":"#0"},"west":{"uv":[12.0,8.0,11.25,8.5],"texture":"#0"},"up":{"uv":[12.0,10.25,13.0,9.5],"texture":"#0"},"down":{"uv":[12.5,1.5,13.5,2.25],"texture":"#0"}}},{"from":[0.6,-0.05,1.3],"to":[15.4,11.75,16.1],"rotation":{"angle":0.0,"axis":"y","origin":[7.7,9.31811,3.22252]},"faces":{"north":{"uv":[3.75,6.5,7.5,9.5],"texture":"#0"},"east":{"uv":[0.0,7.5,3.75,10.5],"texture":"#0"},"south":{"uv":[7.5,0.0,11.25,3.0],"texture":"#0"},"west":{"uv":[7.5,3.0,11.25,6.0],"texture":"#0"},"up":{"uv":[3.75,3.75,0.0,0.0],"texture":"#0"},"down":{"uv":[3.75,3.75,0.0,7.5],"texture":"#0"}}},{"from":[5.5,16.8,1.6],"to":[10.5,23.8,6.6],"rotation":{"angle":0.0,"axis":"y","origin":[8.0,18.075,4.7]},"faces":{"north":{"uv":[9.0,10.5,10.25,12.25],"texture":"#0"},"east":{"uv":[9.0,10.5,10.25,12.25],"texture":"#0"},"south":{"uv":[9.0,10.5,10.25,12.25],"texture":"#0"},"west":{"uv":[9.0,10.5,10.25,12.25],"texture":"#0"}}},{"from":[10.5,23.8,6.6],"to":[5.5,16.8,1.6],"rotation":{"angle":0.0,"axis":"y","origin":[8.0,18.075,4.7]},"faces":{"north":{"uv":[9.0,12.25,10.25,10.5],"texture":"#0"},"east":{"uv":[9.0,12.25,10.25,10.5],"texture":"#0"},"south":{"uv":[9.0,12.25,10.25,10.5],"texture":"#0"},"west":{"uv":[9.0,12.25,10.25,10.5],"texture":"#0"}}}],"display":{"thirdperson_righthand":{"translation":[0.0,1.0,-1.0],"rotation":[63.0,34.0,0.0],"scale":[0.37891,0.37891,0.37891]},"thirdperson_lefthand":{"translation":[0.0,1.0,-1.0],"rotation":[63.0,34.0,0.0],"scale":[0.37891,0.37891,0.37891]},"firstperson_righthand":{"translation":[9.5,0.0,-5.75],"rotation":[3.0,112.0,-13.0],"scale":[0.35547,0.35547,0.35547]},"firstperson_lefthand":{"translation":[9.5,0.0,-5.75],"rotation":[3.0,112.0,-13.0],"scale":[0.35547,0.35547,0.35547]},"ground":{"translation":[0.0,4.25,0.0],"scale":[0.28906,0.28906,0.28906]},"gui":{"translation":[-0.25,-2.5,0.0],"rotation":[30.0,-158.0,0.0],"scale":[0.23594,0.23594,0.23594]},"head":{"translation":[0.0,-17.6,0.0],"scale":[3.2,3.2,3.2]},"fixed":{"translation":[0.0,-3.25,-7.5]}},"credit":"Made with Blockbench"}