{"textures":{"0":"item/cit/props_pkw","particle":"item/cit/props_pkw"},"elements":[{"from":[0.0,0.0,0.0],"to":[16.0,4.0,16.0],"rotation":{"angle":0.0,"axis":"y","origin":[0.0,-12.0,0.0]},"faces":{"north":{"uv":[0.0,11.625,2.25,12.125],"texture":"#0"},"east":{"uv":[0.0,11.625,2.25,12.125],"texture":"#0"},"south":{"uv":[0.0,11.625,2.25,12.125],"texture":"#0"},"west":{"uv":[0.0,11.625,2.25,12.125],"texture":"#0"},"up":{"uv":[4.5,11.25,6.75,13.5],"texture":"#0"},"down":{"uv":[5.5,12.5,5.625,12.625],"texture":"#0"}}},{"from":[3.0,4.0,4.0],"to":[13.0,11.0,14.0],"rotation":{"angle":0.0,"axis":"y","origin":[-2.0,-5.23863,-1.69757]},"faces":{"north":{"uv":[2.0,12.375,3.25,13.25],"texture":"#0"},"east":{"uv":[3.75,13.25,2.5,14.125],"texture":"#0"},"south":{"uv":[3.25,12.375,4.5,13.25],"texture":"#0"},"west":{"uv":[2.5,13.25,3.75,14.125],"texture":"#0"},"up":{"uv":[2.0,14.125,3.25,15.375],"texture":"#0"}}},{"from":[2.4,10.9,3.15],"to":[13.6,12.1,10.35],"rotation":{"angle":-22.5,"axis":"x","origin":[7.5,10.5,7.5]},"faces":{"north":{"uv":[0.0,14.125,1.375,14.25],"texture":"#0"},"east":{"uv":[0.0,14.125,1.375,14.25],"texture":"#0"},"south":{"uv":[0.0,14.125,1.375,14.25],"texture":"#0"},"west":{"uv":[0.0,14.125,1.375,14.25],"texture":"#0"},"up":{"uv":[2.0,14.125,3.25,15.375],"texture":"#0"}}},{"from":[5.0,6.13687,2.92441],"to":[11.0,10.13687,2.92441],"rotation":{"angle":0.0,"axis":"x","origin":[8.5,11.13687,6.42441]},"faces":{"north":{"uv":[0.0,14.375,0.75,14.875],"texture":"#0"},"east":{"uv":[3.75,13.25,2.5,14.125],"texture":"#0"},"south":{"uv":[0.0,14.375,0.75,14.875],"texture":"#0"},"west":{"uv":[2.5,13.25,3.75,14.125],"texture":"#0"},"up":{"uv":[2.0,14.125,3.25,15.375],"texture":"#0"}}},{"from":[0.0,4.0,7.0],"to":[3.0,10.0,12.0],"rotation":{"angle":0.0,"axis":"y","origin":[18.0,-5.23863,-1.69757]},"faces":{"north":{"uv":[1.0,10.375,1.375,11.125],"texture":"#0"},"south":{"uv":[1.375,10.375,1.75,11.125],"texture":"#0"},"west":{"uv":[0.375,10.375,1.0,11.125],"texture":"#0"},"up":{"uv":[1.75,10.5,2.125,11.125],"texture":"#0"}}},{"from":[13.0,4.0,7.0],"to":[16.0,10.0,12.0],"rotation":{"angle":0.0,"axis":"y","origin":[-2.0,-5.23863,-1.69757]},"faces":{"north":{"uv":[1.375,10.375,1.0,11.125],"texture":"#0"},"east":{"uv":[1.0,10.375,0.375,11.125],"texture":"#0"},"south":{"uv":[1.75,10.375,1.375,11.125],"texture":"#0"},"up":{"uv":[2.125,10.5,1.75,11.125],"texture":"#0"}}},{"from":[1.25,-1.0,5.0],"to":[4.25,4.0,8.0],"rotation":{"angle":45.0,"axis":"x","origin":[1.75,6.63637,9.55243]},"faces":{"north":{"uv":[0.0,10.25,0.375,10.875],"texture":"#0"},"east":{"uv":[0.0,10.25,0.375,10.875],"texture":"#0"},"south":{"uv":[0.0,10.25,0.375,10.875],"texture":"#0"},"west":{"uv":[0.0,10.25,0.375,10.875],"texture":"#0"},"up":{"uv":[0.375,10.0,0.75,10.375],"texture":"#0"},"down":{"uv":[0.125,10.75,0.25,10.875],"texture":"#0"}}},{"from":[11.75,-1.0,5.0],"to":[14.75,4.0,8.0],"rotation":{"angle":45.0,"axis":"x","origin":[14.25,6.63637,9.55243]},"faces":{"north":{"uv":[0.375,10.25,0.0,10.875],"texture":"#0"},"east":{"uv":[0.375,10.25,0.0,10.875],"texture":"#0"},"south":{"uv":[0.375,10.25,0.0,10.875],"texture":"#0"},"west":{"uv":[0.375,10.25,0.0,10.875],"texture":"#0"},"up":{"uv":[0.75,10.0,0.375,10.375],"texture":"#0"},"down":{"uv":[0.25,10.75,0.125,10.875],"texture":"#0"}}},{"from":[2.5,11.0,1.0],"to":[13.5,15.0,10.0],"rotation":{"angle":0.0,"axis":"y","origin":[-2.5,-5.23863,-1.69757]},"faces":{"north":{"uv":[2.25,11.875,3.625,12.375],"texture":"#0"},"east":{"uv":[3.375,11.375,2.25,11.875],"texture":"#0"},"south":{"uv":[2.0,15.5,3.375,16.0],"texture":"#0"},"west":{"uv":[2.25,11.375,3.375,11.875],"texture":"#0"},"up":{"uv":[3.375,14.875,4.75,16.0],"texture":"#0"},"down":{"uv":[3.75,13.625,5.125,14.75],"texture":"#0"}}},{"from":[1.0,12.0,4.0],"to":[5.0,16.0,8.0],"rotation":{"angle":0.0,"axis":"y","origin":[18.0,-5.23863,-1.69757]},"faces":{"north":{"uv":[1.75,11.125,2.25,11.625],"texture":"#0"},"east":{"uv":[1.75,11.125,2.25,11.625],"texture":"#0"},"south":{"uv":[1.75,11.125,2.25,11.625],"texture":"#0"},"west":{"uv":[2.25,10.875,2.75,11.375],"texture":"#0"},"up":{"uv":[1.25,11.125,1.75,11.625],"texture":"#0"},"down":{"uv":[0.75,11.125,1.25,11.625],"texture":"#0"}}},{"from":[11.0,12.0,4.0],"to":[15.0,16.0,8.0],"rotation":{"angle":0.0,"axis":"y","origin":[-2.0,-5.23863,-1.69757]},"faces":{"north":{"uv":[2.25,11.125,1.75,11.625],"texture":"#0"},"east":{"uv":[2.25,10.875,2.75,11.375],"texture":"#0"},"south":{"uv":[2.25,11.125,1.75,11.625],"texture":"#0"},"west":{"uv":[2.25,11.125,1.75,11.625],"texture":"#0"},"up":{"uv":[1.75,11.125,1.25,11.625],"texture":"#0"},"down":{"uv":[1.25,11.125,0.75,11.625],"texture":"#0"}}},{"from":[6.5,14.76137,5.5],"to":[9.5,19.76137,8.5],"rotation":{"angle":0.0,"axis":"y","origin":[22.75,-5.23863,0.25]},"faces":{"north":{"uv":[0.0,11.0,0.375,11.625],"texture":"#0"},"east":{"uv":[0.0,11.0,0.375,11.625],"texture":"#0"},"south":{"uv":[0.0,11.0,0.375,11.625],"texture":"#0"},"west":{"uv":[0.0,11.0,0.375,11.625],"texture":"#0"}}},{"from":[9.5,19.76137,8.5],"to":[6.5,14.76137,5.5],"rotation":{"angle":0.0,"axis":"y","origin":[22.75,-5.23863,0.25]},"faces":{"north":{"uv":[0.0,11.625,0.375,11.0],"texture":"#0"},"east":{"uv":[0.0,11.625,0.375,11.0],"texture":"#0"},"south":{"uv":[0.0,11.625,0.375,11.0],"texture":"#0"},"west":{"uv":[0.0,11.625,0.375,11.0],"texture":"#0"}}}],"display":{"thirdperson_righthand":{"translation":[0.0,1.0,-1.0],"rotation":[63.0,34.0,0.0],"scale":[0.37891,0.37891,0.37891]},"thirdperson_lefthand":{"translation":[0.0,1.0,-1.0],"rotation":[63.0,34.0,0.0],"scale":[0.37891,0.37891,0.37891]},"firstperson_righthand":{"translation":[9.5,0.0,-5.75],"rotation":[3.0,112.0,-13.0],"scale":[0.35547,0.35547,0.35547]},"firstperson_lefthand":{"translation":[9.5,0.0,-5.75],"rotation":[3.0,112.0,-13.0],"scale":[0.35547,0.35547,0.35547]},"ground":{"translation":[0.0,4.25,0.0],"scale":[0.28906,0.28906,0.28906]},"gui":{"translation":[-0.25,-1.5,0.0],"rotation":[30.0,-158.0,0.0],"scale":[0.40976,0.40976,0.40976]},"head":{"translation":[0.0,-30.34,0.0],"scale":[1.6,1.6,1.6]},"fixed":{"translation":[0.0,-3.25,-7.5]}},"credit":"Made with Blockbench"}