{"textures":{"0":"item/cit/scroll","1":"item/cit/scroll_anim","particle":"item/cit/scroll"},"elements":[{"from":[0.0,17.0,6.0],"to":[16.0,20.0,9.0],"rotation":{"angle":0.0,"axis":"y","origin":[-2.0,0.0,0.0]},"faces":{"north":{"uv":[7.0,0.0,14.0,1.5],"texture":"#0"},"east":{"uv":[9.5,6.0,11.0,7.5],"texture":"#0"},"south":{"uv":[7.0,0.0,14.0,1.5],"texture":"#0"},"west":{"uv":[9.5,7.5,11.0,9.0],"texture":"#0"},"up":{"uv":[14.0,4.5,7.0,3.0],"texture":"#0"},"down":{"uv":[14.0,4.5,7.0,6.0],"texture":"#0"}}},{"from":[16.0,16.0,5.0],"to":[17.0,21.0,10.0],"rotation":{"angle":0.0,"axis":"y","origin":[-1.0,0.0,0.0]},"faces":{"north":{"uv":[11.0,7.0,11.5,9.5],"texture":"#0"},"east":{"uv":[7.0,6.0,9.5,8.5],"texture":"#0"},"south":{"uv":[8.5,11.0,9.0,13.5],"texture":"#0"},"west":{"uv":[7.0,8.5,9.5,11.0],"texture":"#0"},"up":{"uv":[9.5,13.5,9.0,11.0],"texture":"#0"},"down":{"uv":[10.0,11.0,9.5,13.5],"texture":"#0"}}},{"from":[17.0,17.5,6.5],"to":[20.0,19.5,8.5],"rotation":{"angle":0.0,"axis":"y","origin":[-1.0,0.0,0.0]},"faces":{"north":{"uv":[9.5,9.0,11.0,10.0],"texture":"#0"},"east":{"uv":[11.0,9.5,12.0,10.5],"texture":"#0"},"south":{"uv":[9.5,10.0,11.0,11.0],"texture":"#0"},"west":{"uv":[10.0,11.0,11.0,12.0],"texture":"#0"},"up":{"uv":[12.5,7.0,11.0,6.0],"texture":"#0"},"down":{"uv":[8.5,11.0,7.0,12.0],"texture":"#0"}}},{"from":[-1.0,16.0,5.0],"to":[0.0,21.0,10.0],"rotation":{"angle":0.0,"axis":"y","origin":[17.0,0.0,0.0]},"faces":{"north":{"uv":[11.5,7.0,11.0,9.5],"texture":"#0"},"east":{"uv":[9.5,8.5,7.0,11.0],"texture":"#0"},"south":{"uv":[9.0,11.0,8.5,13.5],"texture":"#0"},"west":{"uv":[9.5,6.0,7.0,8.5],"texture":"#0"},"up":{"uv":[9.0,13.5,9.5,11.0],"texture":"#0"},"down":{"uv":[9.5,11.0,10.0,13.5],"texture":"#0"}}},{"from":[-4.0,17.5,6.5],"to":[-1.0,19.5,8.5],"rotation":{"angle":0.0,"axis":"y","origin":[17.0,0.0,0.0]},"faces":{"north":{"uv":[11.0,9.0,9.5,10.0],"texture":"#0"},"east":{"uv":[11.0,11.0,10.0,12.0],"texture":"#0"},"south":{"uv":[11.0,10.0,9.5,11.0],"texture":"#0"},"west":{"uv":[12.0,9.5,11.0,10.5],"texture":"#0"},"up":{"uv":[11.0,7.0,12.5,6.0],"texture":"#0"},"down":{"uv":[7.0,11.0,8.5,12.0],"texture":"#0"}}},{"from":[0.0,0.0,6.0],"to":[16.0,3.0,9.0],"rotation":{"angle":0.0,"axis":"y","origin":[-2.0,0.0,0.0]},"faces":{"north":{"uv":[7.0,0.0,14.0,1.5],"texture":"#0"},"east":{"uv":[9.5,6.0,11.0,7.5],"texture":"#0"},"south":{"uv":[7.0,0.0,14.0,1.5],"texture":"#0"},"west":{"uv":[9.5,7.5,11.0,9.0],"texture":"#0"},"up":{"uv":[14.0,4.5,7.0,3.0],"texture":"#0"},"down":{"uv":[14.0,4.5,7.0,6.0],"texture":"#0"}}},{"from":[16.0,-1.0,5.0],"to":[17.0,4.0,10.0],"rotation":{"angle":0.0,"axis":"y","origin":[-1.0,0.0,0.0]},"faces":{"north":{"uv":[11.0,7.0,11.5,9.5],"texture":"#0"},"east":{"uv":[7.0,6.0,9.5,8.5],"texture":"#0"},"south":{"uv":[8.5,11.0,9.0,13.5],"texture":"#0"},"west":{"uv":[7.0,8.5,9.5,11.0],"texture":"#0"},"up":{"uv":[9.5,13.5,9.0,11.0],"texture":"#0"},"down":{"uv":[10.0,11.0,9.5,13.5],"texture":"#0"}}},{"from":[17.0,0.5,6.5],"to":[20.0,2.5,8.5],"rotation":{"angle":0.0,"axis":"y","origin":[-1.0,0.0,0.0]},"faces":{"north":{"uv":[9.5,9.0,11.0,10.0],"texture":"#0"},"east":{"uv":[11.0,9.5,12.0,10.5],"texture":"#0"},"south":{"uv":[9.5,10.0,11.0,11.0],"texture":"#0"},"west":{"uv":[10.0,11.0,11.0,12.0],"texture":"#0"},"up":{"uv":[12.5,7.0,11.0,6.0],"texture":"#0"},"down":{"uv":[8.5,11.0,7.0,12.0],"texture":"#0"}}},{"from":[-4.0,0.5,6.5],"to":[-1.0,2.5,8.5],"rotation":{"angle":0.0,"axis":"y","origin":[17.0,0.0,0.0]},"faces":{"north":{"uv":[11.0,9.0,9.5,10.0],"texture":"#0"},"east":{"uv":[11.0,11.0,10.0,12.0],"texture":"#0"},"south":{"uv":[11.0,10.0,9.5,11.0],"texture":"#0"},"west":{"uv":[12.0,9.5,11.0,10.5],"texture":"#0"},"up":{"uv":[11.0,7.0,12.5,6.0],"texture":"#0"},"down":{"uv":[7.0,11.0,8.5,12.0],"texture":"#0"}}},{"from":[-1.0,-1.0,5.0],"to":[0.0,4.0,10.0],"rotation":{"angle":0.0,"axis":"y","origin":[17.0,0.0,0.0]},"faces":{"north":{"uv":[11.5,7.0,11.0,9.5],"texture":"#0"},"east":{"uv":[9.5,8.5,7.0,11.0],"texture":"#0"},"south":{"uv":[9.0,11.0,8.5,13.5],"texture":"#0"},"west":{"uv":[9.5,6.0,7.0,8.5],"texture":"#0"},"up":{"uv":[9.0,13.5,9.5,11.0],"texture":"#0"},"down":{"uv":[9.5,11.0,10.0,13.5],"texture":"#0"}}},{"from":[0.0,3.0,8.0],"to":[16.0,17.0,9.0],"rotation":{"angle":0.0,"axis":"y","origin":[-2.0,0.0,0.0]},"faces":{"north":{"uv":[0.0,0.0,7.0,7.0],"texture":"#0"},"east":{"uv":[0.0,0.0,0.0,7.0],"texture":"#0"},"south":{"uv":[7.0,0.0,0.0,7.0],"texture":"#0"},"west":{"uv":[0.0,0.0,0.0,7.0],"texture":"#0"},"up":{"uv":[7.0,0.0,0.0,0.0],"texture":"#0"},"down":{"uv":[7.0,0.0,0.0,0.0],"texture":"#0"}}},{"from":[16.5,17.0,9.5],"to":[-0.5,2.0,7.5],"rotation":{"angle":0.0,"axis":"y","origin":[14.5,0.0,0.0]},"faces":{"north":{"uv":[0.0,0.0,16.0,16.0],"texture":"#1"},"east":{"uv":[0.0,0.0,16.0,16.0],"texture":"#1"},"south":{"uv":[0.0,0.0,16.0,16.0],"texture":"#1"},"west":{"uv":[0.0,0.0,16.0,16.0],"texture":"#1"}}},{"from":[17.5,21.5,10.5],"to":[15.5,15.5,4.5],"rotation":{"angle":0.0,"axis":"y","origin":[-1.0,0.0,0.0]},"faces":{"north":{"uv":[0.0,0.0,16.0,16.0],"texture":"#1"},"east":{"uv":[0.0,0.0,16.0,16.0],"texture":"#1"},"south":{"uv":[0.0,0.0,16.0,16.0],"texture":"#1"},"west":{"uv":[0.0,0.0,16.0,16.0],"texture":"#1"},"up":{"uv":[0.0,0.0,16.0,16.0],"texture":"#1"},"down":{"uv":[0.0,0.0,16.0,16.0],"texture":"#1"}}},{"from":[20.5,20.0,9.0],"to":[17.5,17.0,6.0],"rotation":{"angle":0.0,"axis":"y","origin":[-1.0,0.0,0.0]},"faces":{"north":{"uv":[0.0,0.0,16.0,16.0],"texture":"#1"},"south":{"uv":[0.0,0.0,16.0,16.0],"texture":"#1"},"west":{"uv":[0.0,0.0,16.0,16.0],"texture":"#1"},"up":{"uv":[0.0,0.0,16.0,16.0],"texture":"#1"},"down":{"uv":[0.0,0.0,16.0,16.0],"texture":"#1"}}},{"from":[16.5,20.5,9.5],"to":[-0.5,16.5,5.5],"rotation":{"angle":0.0,"axis":"y","origin":[-1.5,0.0,0.0]},"faces":{"north":{"uv":[0.0,0.0,16.0,16.0],"texture":"#1"},"east":{"uv":[0.0,0.0,16.0,16.0],"texture":"#1"},"south":{"uv":[0.0,0.0,16.0,16.0],"texture":"#1"},"west":{"uv":[0.0,0.0,16.0,16.0],"texture":"#1"},"down":{"uv":[0.0,0.0,16.0,16.0],"texture":"#1"}}},{"from":[0.5,21.5,10.5],"to":[-1.5,15.5,4.5],"rotation":{"angle":0.0,"axis":"y","origin":[17.0,0.0,0.0]},"faces":{"north":{"uv":[0.0,0.0,16.0,16.0],"texture":"#1"},"east":{"uv":[0.0,0.0,16.0,16.0],"texture":"#1"},"south":{"uv":[0.0,0.0,16.0,16.0],"texture":"#1"},"west":{"uv":[0.0,0.0,16.0,16.0],"texture":"#1"},"up":{"uv":[0.0,0.0,16.0,16.0],"texture":"#1"},"down":{"uv":[0.0,0.0,16.0,16.0],"texture":"#1"}}},{"from":[-1.5,20.0,9.0],"to":[-4.5,17.0,6.0],"rotation":{"angle":0.0,"axis":"y","origin":[17.0,0.0,0.0]},"faces":{"north":{"uv":[0.0,0.0,16.0,16.0],"texture":"#1"},"east":{"uv":[0.0,0.0,16.0,16.0],"texture":"#1"},"south":{"uv":[0.0,0.0,16.0,16.0],"texture":"#1"},"up":{"uv":[0.0,0.0,16.0,16.0],"texture":"#1"},"down":{"uv":[0.0,0.0,16.0,16.0],"texture":"#1"}}},{"from":[17.5,4.5,10.5],"to":[15.5,-1.5,4.5],"rotation":{"angle":0.0,"axis":"y","origin":[-1.0,0.0,0.0]},"faces":{"north":{"uv":[0.0,0.0,16.0,16.0],"texture":"#1"},"east":{"uv":[0.0,0.0,16.0,16.0],"texture":"#1"},"south":{"uv":[0.0,0.0,16.0,16.0],"texture":"#1"},"west":{"uv":[0.0,0.0,16.0,16.0],"texture":"#1"},"up":{"uv":[0.0,0.0,16.0,16.0],"texture":"#1"},"down":{"uv":[0.0,0.0,16.0,16.0],"texture":"#1"}}},{"from":[20.5,3.0,9.0],"to":[17.5,0.0,6.0],"rotation":{"angle":0.0,"axis":"y","origin":[-1.0,0.0,0.0]},"faces":{"north":{"uv":[0.0,0.0,16.0,16.0],"texture":"#1"},"south":{"uv":[0.0,0.0,16.0,16.0],"texture":"#1"},"west":{"uv":[0.0,0.0,16.0,16.0],"texture":"#1"},"up":{"uv":[0.0,0.0,16.0,16.0],"texture":"#1"},"down":{"uv":[0.0,0.0,16.0,16.0],"texture":"#1"}}},{"from":[16.5,3.5,9.5],"to":[-0.5,-0.5,5.5],"rotation":{"angle":0.0,"axis":"y","origin":[-1.5,0.0,0.0]},"faces":{"north":{"uv":[0.0,0.0,16.0,16.0],"texture":"#1"},"east":{"uv":[0.0,0.0,16.0,16.0],"texture":"#1"},"south":{"uv":[0.0,0.0,16.0,16.0],"texture":"#1"},"west":{"uv":[0.0,0.0,16.0,16.0],"texture":"#1"},"up":{"uv":[0.0,0.0,16.0,16.0],"texture":"#1"}}},{"from":[0.5,4.5,10.5],"to":[-1.5,-1.5,4.5],"rotation":{"angle":0.0,"axis":"y","origin":[17.0,0.0,0.0]},"faces":{"north":{"uv":[0.0,0.0,16.0,16.0],"texture":"#1"},"east":{"uv":[0.0,0.0,16.0,16.0],"texture":"#1"},"south":{"uv":[0.0,0.0,16.0,16.0],"texture":"#1"},"west":{"uv":[0.0,0.0,16.0,16.0],"texture":"#1"},"up":{"uv":[0.0,0.0,16.0,16.0],"texture":"#1"},"down":{"uv":[0.0,0.0,16.0,16.0],"texture":"#1"}}},{"from":[-1.5,3.0,9.0],"to":[-4.5,0.0,6.0],"rotation":{"angle":0.0,"axis":"y","origin":[17.0,0.0,0.0]},"faces":{"north":{"uv":[0.0,0.0,16.0,16.0],"texture":"#1"},"east":{"uv":[0.0,0.0,16.0,16.0],"texture":"#1"},"south":{"uv":[0.0,0.0,16.0,16.0],"texture":"#1"},"up":{"uv":[0.0,0.0,16.0,16.0],"texture":"#1"},"down":{"uv":[0.0,0.0,16.0,16.0],"texture":"#1"}}}],"display":{"thirdperson_righthand":{"translation":[1.75,0.75,1.25],"rotation":[97.43,46.45,-41.89],"scale":[0.53242,0.53242,0.53242]},"thirdperson_lefthand":{"translation":[1.75,0.75,1.25],"rotation":[97.43,46.45,-41.89],"scale":[0.53242,0.53242,0.53242]},"firstperson_righthand":{"translation":[-0.12,3.95,1.63],"rotation":[126.04,55.12,-126.79],"scale":[0.23664,0.23664,0.23664]},"firstperson_lefthand":{"translation":[-0.12,3.95,1.63],"rotation":[126.04,55.12,-126.79],"scale":[0.23664,0.23664,0.23664]},"ground":{"translation":[-0.25,13.75,0.0],"scale":[0.36913,0.36913,0.36913]},"gui":{"translation":[-0.25,-0.75,0.0],"rotation":[-179.75,-22.23,158.92],"scale":[0.58984,0.58984,0.58984]},"head":{"translation":[0.0,-24.0,0.0],"scale":[1.6,1.6,1.6]},"fixed":{"translation":[-0.25,-0.25,0.0],"rotation":[0.0,35.0,-13.75],"scale":[0.75976,0.75976,0.75976]}},"credit":"Made with Blockbench","gui_light":"front"}