{"textures":{"0":"item/cit/medals","particle":"item/cit/medals"},"elements":[{"from":[4.0,0.0,6.5],"to":[12.0,8.0,9.5],"rotation":{"angle":0.0,"axis":"y","origin":[0.0,0.0,-3.0]},"faces":{"north":{"uv":[11.625,2.0,12.625,3.0],"texture":"#0"},"east":{"uv":[11.25,2.5,11.625,3.5],"texture":"#0"},"south":{"uv":[11.625,2.0,12.625,3.0],"texture":"#0"},"west":{"uv":[11.25,2.5,11.625,3.5],"texture":"#0"},"up":{"uv":[11.625,3.0,12.625,3.375],"texture":"#0"},"down":{"uv":[11.625,3.375,12.625,3.75],"texture":"#0"}}},{"from":[2.75,7.58883,7.0],"to":[5.75,10.58883,9.0],"rotation":{"angle":45.0,"axis":"z","origin":[8.0,12.83883,8.0]},"faces":{"north":{"uv":[12.25,2.0,12.625,2.375],"texture":"#0","rotation":270},"east":{"uv":[12.25,2.0,12.625,2.125],"texture":"#0","rotation":270},"south":{"uv":[12.25,2.0,12.625,2.375],"texture":"#0"},"west":{"uv":[12.25,2.0,12.375,2.375],"texture":"#0"},"up":{"uv":[12.5,2.0,12.625,2.375],"texture":"#0","rotation":270},"down":{"uv":[12.25,2.0,12.375,2.375],"texture":"#0","rotation":90}}},{"from":[8.25,-0.31066,7.0],"to":[11.25,2.68934,9.0],"rotation":{"angle":-45.0,"axis":"z","origin":[8.0,2.93934,8.0]},"faces":{"north":{"uv":[12.625,2.375,12.25,2.0],"texture":"#0"},"east":{"uv":[12.625,2.125,12.25,2.0],"texture":"#0","rotation":270},"south":{"uv":[12.625,2.375,12.25,2.0],"texture":"#0","rotation":270},"west":{"uv":[12.375,2.375,12.25,2.0],"texture":"#0"},"up":{"uv":[12.25,2.0,12.375,2.375],"texture":"#0","rotation":90},"down":{"uv":[12.5,2.0,12.625,2.375],"texture":"#0","rotation":270}}},{"from":[4.0,5.0,7.0],"to":[7.0,8.0,9.0],"rotation":{"angle":45.0,"axis":"z","origin":[8.0,4.0,8.0]},"faces":{"north":{"uv":[12.25,2.0,12.625,2.375],"texture":"#0"},"east":{"uv":[12.25,2.0,12.375,2.375],"texture":"#0"},"south":{"uv":[12.25,2.0,12.625,2.375],"texture":"#0","rotation":270},"west":{"uv":[12.5,2.0,12.625,2.375],"texture":"#0","rotation":180},"up":{"uv":[12.25,2.0,12.625,2.125],"texture":"#0","rotation":180},"down":{"uv":[12.25,2.0,12.375,2.375],"texture":"#0","rotation":270}}},{"from":[9.0,0.0,7.0],"to":[12.0,3.0,9.0],"rotation":{"angle":45.0,"axis":"z","origin":[8.0,4.0,8.0]},"faces":{"north":{"uv":[12.625,2.375,12.25,2.0],"texture":"#0"},"east":{"uv":[12.625,2.125,12.25,2.0],"texture":"#0","rotation":270},"south":{"uv":[12.625,2.375,12.25,2.0],"texture":"#0","rotation":270},"west":{"uv":[12.375,2.375,12.25,2.0],"texture":"#0"},"up":{"uv":[12.25,2.0,12.375,2.375],"texture":"#0","rotation":90},"down":{"uv":[12.5,2.0,12.625,2.375],"texture":"#0","rotation":270}}},{"from":[3.0,-7.0,8.0],"to":[6.0,1.0,8.0],"rotation":{"angle":-22.5,"axis":"z","origin":[5.5,-4.0,8.0]},"faces":{"north":{"uv":[14.25,2.5,14.625,3.5],"texture":"#0"},"south":{"uv":[14.25,2.5,14.625,3.5],"texture":"#0"}}},{"from":[6.5,-7.0,8.5],"to":[9.5,1.0,8.5],"rotation":{"angle":0.0,"axis":"z","origin":[9.0,-4.0,8.0]},"faces":{"north":{"uv":[14.25,2.5,14.625,3.5],"texture":"#0"},"south":{"uv":[14.25,2.5,14.625,3.5],"texture":"#0"}}},{"from":[10.0,-7.0,8.0],"to":[13.0,1.0,8.0],"rotation":{"angle":22.5,"axis":"z","origin":[10.5,-4.0,8.0]},"faces":{"north":{"uv":[14.25,2.5,14.625,3.5],"texture":"#0"},"south":{"uv":[14.25,2.5,14.625,3.5],"texture":"#0"}}},{"from":[6.0,2.0,6.0],"to":[10.0,6.0,10.0],"rotation":{"angle":-45.0,"axis":"z","origin":[8.0,4.0,8.0]},"faces":{"north":{"uv":[14.5,2.0,15.0,2.5],"texture":"#0"},"east":{"uv":[14.5,2.0,14.625,2.5],"texture":"#0"},"south":{"uv":[14.5,2.0,15.0,2.5],"texture":"#0","rotation":270},"west":{"uv":[14.875,2.0,15.0,2.5],"texture":"#0"},"up":{"uv":[14.875,2.5,15.0,2.0],"texture":"#0","rotation":90},"down":{"uv":[14.5,2.0,14.625,2.5],"texture":"#0","rotation":270}}}],"display":{"thirdperson_righthand":{"translation":[0.75,0.75,1.5],"rotation":[70.54,-10.23,-2.39],"scale":[0.65547,0.65547,0.65547]},"thirdperson_lefthand":{"translation":[0.75,0.75,1.5],"rotation":[70.54,-10.23,-2.39],"scale":[0.65547,0.65547,0.65547]},"firstperson_righthand":{"translation":[1.88,5.7,1.13],"rotation":[-62.92,-57.37,-55.92],"scale":[0.45148,0.45148,0.45148]},"firstperson_lefthand":{"translation":[1.88,5.7,1.13],"rotation":[-62.92,-57.37,-55.92],"scale":[0.45148,0.45148,0.45148]},"ground":{"translation":[-0.25,17.0,0.0],"scale":[1.08984,1.08984,1.08984]},"gui":{"translation":[-3.25,6.0,0.0],"rotation":[-19.13,19.2,25.01],"scale":[0.93555,0.93555,0.93555]},"head":{"translation":[0.0,13.0,7.0],"rotation":[0.0,180.0,0.0]},"fixed":{"translation":[0.0,12.5,-3.25],"rotation":[0.0,180.0,0.0],"scale":[1.66602,1.66602,1.66602]}},"credit":"Made with Blockbench","gui_light":"front"}