{"textures":{"0":"item/cit/props_pkw_2","particle":"item/cit/props_pkw_2"},"elements":[{"from":[4.0,2.5,4.0],"to":[12.0,10.5,12.0],"rotation":{"angle":0.0,"axis":"y","origin":[3.5,0.0,4.0]},"faces":{"north":{"uv":[10.0,14.0,12.0,16.0],"texture":"#0","tintindex":0},"east":{"uv":[10.0,14.0,12.0,16.0],"texture":"#0","tintindex":0},"south":{"uv":[10.0,14.0,12.0,16.0],"texture":"#0","tintindex":0},"west":{"uv":[10.0,14.0,12.0,16.0],"texture":"#0","tintindex":0},"up":{"uv":[10.0,12.0,12.0,14.0],"texture":"#0","tintindex":0},"down":{"uv":[8.0,14.0,10.0,16.0],"texture":"#0","tintindex":0}}},{"from":[5.5,-3.5,5.5],"to":[10.5,1.5,10.5],"rotation":{"angle":0.0,"axis":"y","origin":[3.5,0.0,4.0]},"faces":{"north":{"uv":[6.75,14.75,8.0,16.0],"texture":"#0","tintindex":0},"east":{"uv":[6.75,14.75,8.0,16.0],"texture":"#0","tintindex":0},"south":{"uv":[6.75,14.75,8.0,16.0],"texture":"#0","tintindex":0},"west":{"uv":[6.75,14.75,8.0,16.0],"texture":"#0","tintindex":0},"up":{"uv":[6.75,12.25,8.0,13.5],"texture":"#0","tintindex":0},"down":{"uv":[6.75,13.5,8.0,14.75],"texture":"#0","tintindex":0}}},{"from":[6.0,10.5,6.0],"to":[10.0,11.5,10.0],"rotation":{"angle":0.0,"axis":"y","origin":[3.5,0.0,4.0]},"faces":{"north":{"uv":[15.0,11.75,16.0,12.0],"texture":"#0"},"east":{"uv":[15.0,11.75,16.0,12.0],"texture":"#0"},"south":{"uv":[15.0,11.75,16.0,12.0],"texture":"#0"},"west":{"uv":[15.0,11.75,16.0,12.0],"texture":"#0"},"up":{"uv":[15.0,10.75,16.0,11.75],"texture":"#0"},"down":{"uv":[15.0,10.75,16.0,11.75],"texture":"#0"}}},{"from":[6.0,1.5,6.0],"to":[10.0,2.5,10.0],"rotation":{"angle":0.0,"axis":"y","origin":[3.5,8.0,4.0]},"faces":{"north":{"uv":[15.0,12.0,16.0,11.75],"texture":"#0"},"east":{"uv":[15.0,12.0,16.0,11.75],"texture":"#0"},"south":{"uv":[15.0,12.0,16.0,11.75],"texture":"#0"},"west":{"uv":[15.0,12.0,16.0,11.75],"texture":"#0"},"up":{"uv":[15.0,11.75,16.0,10.75],"texture":"#0"},"down":{"uv":[15.0,11.75,16.0,10.75],"texture":"#0"}}},{"from":[6.5,-4.5,6.5],"to":[9.5,-3.5,9.5],"rotation":{"angle":0.0,"axis":"y","origin":[3.5,8.0,4.0]},"faces":{"north":{"uv":[15.25,12.25,16.0,12.0],"texture":"#0"},"east":{"uv":[15.25,12.25,16.0,12.0],"texture":"#0"},"south":{"uv":[15.25,12.25,16.0,12.0],"texture":"#0"},"west":{"uv":[15.25,12.25,16.0,12.0],"texture":"#0"},"up":{"uv":[15.25,13.0,16.0,12.25],"texture":"#0"},"down":{"uv":[15.25,13.0,16.0,12.25],"texture":"#0"}}},{"from":[5.5,11.5,8.0],"to":[10.5,16.0,8.0],"rotation":{"angle":0.0,"axis":"y","origin":[8.0,9.5,8.0]},"faces":{"north":{"uv":[14.75,9.625,16.0,10.75],"texture":"#0"},"south":{"uv":[14.75,9.625,16.0,10.75],"texture":"#0"}}},{"from":[10.0,2.5,10.0],"to":[6.0,1.5,6.0],"rotation":{"angle":0.0,"axis":"y","origin":[3.5,8.0,4.0]},"faces":{"north":{"uv":[15.0,11.75,16.0,12.0],"texture":"#0"},"east":{"uv":[15.0,11.75,16.0,12.0],"texture":"#0"},"south":{"uv":[15.0,11.75,16.0,12.0],"texture":"#0"},"west":{"uv":[15.0,11.75,16.0,12.0],"texture":"#0"},"up":{"uv":[16.0,11.75,15.0,10.75],"texture":"#0"},"down":{"uv":[16.0,11.75,15.0,10.75],"texture":"#0"}}},{"from":[10.0,11.5,10.0],"to":[6.0,10.5,6.0],"rotation":{"angle":0.0,"axis":"y","origin":[3.5,0.0,4.0]},"faces":{"north":{"uv":[15.0,12.0,16.0,11.75],"texture":"#0"},"east":{"uv":[15.0,12.0,16.0,11.75],"texture":"#0"},"south":{"uv":[15.0,12.0,16.0,11.75],"texture":"#0"},"west":{"uv":[15.0,12.0,16.0,11.75],"texture":"#0"},"up":{"uv":[16.0,10.75,15.0,11.75],"texture":"#0"},"down":{"uv":[16.0,10.75,15.0,11.75],"texture":"#0"}}},{"from":[6.0,-9.9556,8.0268],"to":[10.0,-3.9556,8.0268],"rotation":{"angle":0.0,"axis":"y","origin":[8.0,-6.2056,8.0268]},"faces":{"north":{"uv":[4.5,3.375,5.5,4.875],"texture":"#0"},"east":{"uv":[0.0,4.875,0.5,5.375],"texture":"#0"},"south":{"uv":[4.5,3.375,5.5,4.875],"texture":"#0"},"west":{"uv":[0.0,4.875,0.5,5.375],"texture":"#0"},"up":{"uv":[0.0,5.375,4.0,5.875],"texture":"#0"},"down":{"uv":[0.5,4.875,4.5,5.375],"texture":"#0"}}},{"from":[12.0,10.5,12.0],"to":[4.0,2.5,4.0],"rotation":{"angle":0.0,"axis":"y","origin":[3.5,0.0,4.0]},"faces":{"north":{"uv":[10.0,16.0,12.0,14.0],"texture":"#0","tintindex":0},"east":{"uv":[10.0,16.0,12.0,14.0],"texture":"#0","tintindex":0},"south":{"uv":[10.0,16.0,12.0,14.0],"texture":"#0","tintindex":0},"west":{"uv":[10.0,16.0,12.0,14.0],"texture":"#0","tintindex":0},"up":{"uv":[10.0,14.0,8.0,16.0],"texture":"#0","tintindex":0},"down":{"uv":[12.0,12.0,10.0,14.0],"texture":"#0","tintindex":0}}},{"from":[10.5,1.5,10.5],"to":[5.5,-3.5,5.5],"rotation":{"angle":0.0,"axis":"y","origin":[3.5,0.0,4.0]},"faces":{"north":{"uv":[6.75,16.0,8.0,14.75],"texture":"#0","tintindex":0},"east":{"uv":[6.75,16.0,8.0,14.75],"texture":"#0","tintindex":0},"south":{"uv":[6.75,16.0,8.0,14.75],"texture":"#0","tintindex":0},"west":{"uv":[6.75,16.0,8.0,14.75],"texture":"#0","tintindex":0},"up":{"uv":[8.0,13.5,6.75,14.75],"texture":"#0","tintindex":0},"down":{"uv":[8.0,12.25,6.75,13.5],"texture":"#0","tintindex":0}}},{"from":[9.5,-3.5,9.5],"to":[6.5,-4.5,6.5],"rotation":{"angle":0.0,"axis":"y","origin":[3.5,8.0,4.0]},"faces":{"north":{"uv":[15.25,12.0,16.0,12.25],"texture":"#0"},"east":{"uv":[15.25,12.0,16.0,12.25],"texture":"#0"},"south":{"uv":[15.25,12.0,16.0,12.25],"texture":"#0"},"west":{"uv":[15.25,12.0,16.0,12.25],"texture":"#0"},"up":{"uv":[16.0,13.0,15.25,12.25],"texture":"#0"},"down":{"uv":[16.0,13.0,15.25,12.25],"texture":"#0"}}}],"display":{"thirdperson_righthand":{"translation":[0.0,1.0,-1.0],"rotation":[63.0,34.0,0.0],"scale":[0.37891,0.37891,0.37891]},"thirdperson_lefthand":{"translation":[0.0,1.0,-1.0],"rotation":[63.0,34.0,0.0],"scale":[0.37891,0.37891,0.37891]},"firstperson_righthand":{"translation":[9.5,0.0,-5.75],"rotation":[3.0,112.0,-13.0],"scale":[0.35547,0.35547,0.35547]},"firstperson_lefthand":{"translation":[9.5,0.0,-5.75],"rotation":[3.0,112.0,-13.0],"scale":[0.35547,0.35547,0.35547]},"ground":{"translation":[0.0,4.25,0.0],"scale":[0.28906,0.28906,0.28906]},"gui":{"translation":[-0.25,1.75,0.0],"rotation":[30.0,-158.0,0.0],"scale":[0.48203,0.48203,0.48203]},"head":{"translation":[0.0,-30.5,0.0],"scale":[3.2,3.2,3.2]},"fixed":{"translation":[0.0,-3.25,-7.5]}},"credit":"Made with Blockbench"}