{"textures":{"0":"item/cit/props_pkw_2","particle":"item/cit/props_pkw_2"},"elements":[{"from":[0.0,5.0,0.0],"to":[16.0,21.0,16.0],"rotation":{"angle":0.0,"axis":"y","origin":[-1.0,0.0,0.0]},"faces":{"north":{"uv":[8.0,12.0,10.0,14.0],"texture":"#0","tintindex":0},"east":{"uv":[10.0,14.0,12.0,16.0],"texture":"#0","tintindex":0},"south":{"uv":[8.0,12.0,10.0,14.0],"texture":"#0","tintindex":0},"west":{"uv":[10.0,14.0,12.0,16.0],"texture":"#0","tintindex":0},"up":{"uv":[10.0,12.0,12.0,14.0],"texture":"#0","tintindex":0},"down":{"uv":[8.0,14.0,10.0,16.0],"texture":"#0","tintindex":0}}},{"from":[0.0,5.0,0.0],"to":[16.0,21.0,16.0],"rotation":{"angle":0.0,"axis":"y","origin":[-1.0,0.0,0.0]},"faces":{"north":{"uv":[12.0,12.0,14.0,14.0],"texture":"#0"},"south":{"uv":[12.0,12.0,14.0,14.0],"texture":"#0"}}},{"from":[4.0,21.0,4.0],"to":[12.0,23.0,12.0],"rotation":{"angle":0.0,"axis":"y","origin":[-1.0,0.0,0.0]},"faces":{"north":{"uv":[15.0,11.75,16.0,12.0],"texture":"#0"},"east":{"uv":[15.0,11.75,16.0,12.0],"texture":"#0"},"south":{"uv":[15.0,11.75,16.0,12.0],"texture":"#0"},"west":{"uv":[15.0,11.75,16.0,12.0],"texture":"#0"},"up":{"uv":[15.0,10.75,16.0,11.75],"texture":"#0"},"down":{"uv":[15.0,10.75,16.0,11.75],"texture":"#0"}}},{"from":[4.0,3.0,4.0],"to":[12.0,5.0,12.0],"rotation":{"angle":0.0,"axis":"y","origin":[-1.0,16.0,0.0]},"faces":{"north":{"uv":[15.0,12.0,16.0,11.75],"texture":"#0"},"east":{"uv":[15.0,12.0,16.0,11.75],"texture":"#0"},"south":{"uv":[15.0,12.0,16.0,11.75],"texture":"#0"},"west":{"uv":[15.0,12.0,16.0,11.75],"texture":"#0"},"up":{"uv":[15.0,11.75,16.0,10.75],"texture":"#0"},"down":{"uv":[15.0,11.75,16.0,10.75],"texture":"#0"}}},{"from":[3.0,23.0,8.0],"to":[13.0,32.0,8.0],"rotation":{"angle":0.0,"axis":"y","origin":[8.0,19.0,8.0]},"faces":{"north":{"uv":[14.75,9.625,16.0,10.75],"texture":"#0"},"south":{"uv":[14.75,9.625,16.0,10.75],"texture":"#0"}}},{"from":[12.0,5.0,12.0],"to":[4.0,3.0,4.0],"rotation":{"angle":0.0,"axis":"y","origin":[-1.0,16.0,0.0]},"faces":{"north":{"uv":[15.0,11.75,16.0,12.0],"texture":"#0"},"east":{"uv":[15.0,11.75,16.0,12.0],"texture":"#0"},"south":{"uv":[15.0,11.75,16.0,12.0],"texture":"#0"},"west":{"uv":[15.0,11.75,16.0,12.0],"texture":"#0"},"up":{"uv":[16.0,11.75,15.0,10.75],"texture":"#0"},"down":{"uv":[16.0,11.75,15.0,10.75],"texture":"#0"}}},{"from":[12.0,23.0,12.0],"to":[4.0,21.0,4.0],"rotation":{"angle":0.0,"axis":"y","origin":[-1.0,0.0,0.0]},"faces":{"north":{"uv":[15.0,12.0,16.0,11.75],"texture":"#0"},"east":{"uv":[15.0,12.0,16.0,11.75],"texture":"#0"},"south":{"uv":[15.0,12.0,16.0,11.75],"texture":"#0"},"west":{"uv":[15.0,12.0,16.0,11.75],"texture":"#0"},"up":{"uv":[16.0,10.75,15.0,11.75],"texture":"#0"},"down":{"uv":[16.0,10.75,15.0,11.75],"texture":"#0"}}},{"from":[0.2168,-6.4112,8.0536],"to":[15.7832,3.1016,8.0536],"rotation":{"angle":0.0,"axis":"y","origin":[-5.8368,0.0,1.0816]},"faces":{"north":{"uv":[3.875,3.5,6.125,4.875],"texture":"#0"},"east":{"uv":[0.0,4.875,0.5,5.375],"texture":"#0"},"south":{"uv":[6.125,3.5,3.875,4.875],"texture":"#0"},"west":{"uv":[0.0,4.875,0.5,5.375],"texture":"#0"},"up":{"uv":[0.0,5.375,4.0,5.875],"texture":"#0"},"down":{"uv":[0.5,4.875,4.5,5.375],"texture":"#0"}}},{"from":[16.0,21.0,16.0],"to":[0.0,5.0,0.0],"rotation":{"angle":0.0,"axis":"y","origin":[-1.0,0.0,0.0]},"faces":{"north":{"uv":[12.0,14.0,14.0,12.0],"texture":"#0"},"south":{"uv":[12.0,14.0,14.0,12.0],"texture":"#0"}}},{"from":[16.0,21.0,16.0],"to":[0.0,5.0,0.0],"rotation":{"angle":0.0,"axis":"y","origin":[-1.0,0.0,0.0]},"faces":{"north":{"uv":[8.0,14.0,10.0,12.0],"texture":"#0","tintindex":0},"east":{"uv":[10.0,16.0,12.0,14.0],"texture":"#0","tintindex":0},"south":{"uv":[8.0,14.0,10.0,12.0],"texture":"#0","tintindex":0},"west":{"uv":[10.0,16.0,12.0,14.0],"texture":"#0","tintindex":0},"up":{"uv":[10.0,14.0,8.0,16.0],"texture":"#0","tintindex":0},"down":{"uv":[12.0,12.0,10.0,14.0],"texture":"#0","tintindex":0}}}],"display":{"thirdperson_righthand":{"translation":[0.0,1.0,-1.0],"rotation":[63.0,34.0,0.0],"scale":[0.37891,0.37891,0.37891]},"thirdperson_lefthand":{"translation":[0.0,1.0,-1.0],"rotation":[63.0,34.0,0.0],"scale":[0.37891,0.37891,0.37891]},"firstperson_righthand":{"translation":[9.5,0.0,-5.75],"rotation":[3.0,112.0,-13.0],"scale":[0.35547,0.35547,0.35547]},"firstperson_lefthand":{"translation":[9.5,0.0,-5.75],"rotation":[3.0,112.0,-13.0],"scale":[0.35547,0.35547,0.35547]},"ground":{"translation":[0.0,4.25,0.0],"scale":[0.28906,0.28906,0.28906]},"gui":{"translation":[-0.25,-0.75,0.0],"rotation":[30.0,-158.0,0.0],"scale":[0.48203,0.48203,0.48203]},"head":{"translation":[0.0,-30.5,0.0],"scale":[1.6,1.6,1.6]},"fixed":{"translation":[0.0,-3.25,-7.5]}},"credit":"Made with Blockbench"}