{
	"credit": "Made with Blockbench",
	"texture_size": [32, 32],
	"textures": {
		"0": "item/cit/pointingarrowtexure",
		"particle": "item/cit/pointingarrowtexure"
	},
	"elements": [
		{
			"from": [6, 0, 7],
			"to": [10, 9, 7],
			"rotation": {"angle": 0, "axis": "y", "origin": [7, 0, 7]},
			"faces": {
				"north": {"uv": [0, 0, 2, 4.5], "texture": "#0"},
				"east": {"uv": [4, 6.5, 4, 11], "texture": "#0"},
				"south": {"uv": [2.5, 0, 4.5, 4.5], "texture": "#0"},
				"west": {"uv": [4.5, 6.5, 4.5, 11], "texture": "#0"},
				"up": {"uv": [3, 7, 1, 7], "texture": "#0"},
				"down": {"uv": [9, 4.5, 7, 4.5], "texture": "#0"}
			}
		},
		{
			"from": [3, 9, 7],
			"to": [13, 11, 7],
			"rotation": {"angle": 0, "axis": "y", "origin": [9, 9, 5]},
			"faces": {
				"north": {"uv": [0, 5, 5, 6], "texture": "#0"},
				"east": {"uv": [5, 6.5, 5, 7.5], "texture": "#0"},
				"south": {"uv": [5, 0, 10, 1], "texture": "#0"},
				"west": {"uv": [3.5, 7, 3.5, 8], "texture": "#0"},
				"up": {"uv": [12, 5, 7, 5], "texture": "#0"},
				"down": {"uv": [12, 5.5, 7, 5.5], "texture": "#0"}
			}
		},
		{
			"from": [5, 11, 7],
			"to": [11, 13, 7],
			"rotation": {"angle": 0, "axis": "y", "origin": [9, 11, 5]},
			"faces": {
				"north": {"uv": [5, 1.5, 8, 2.5], "texture": "#0"},
				"east": {"uv": [7, 6, 7, 7], "texture": "#0"},
				"south": {"uv": [5, 3, 8, 4], "texture": "#0"},
				"west": {"uv": [1, 7.5, 1, 8.5], "texture": "#0"},
				"up": {"uv": [8.5, 7.5, 5.5, 7.5], "texture": "#0"},
				"down": {"uv": [10.5, 6, 7.5, 6], "texture": "#0"}
			}
		},
		{
			"from": [7, 13, 7],
			"to": [9, 15, 7],
			"rotation": {"angle": 0, "axis": "y", "origin": [9, 13, 5]},
			"faces": {
				"north": {"uv": [5.5, 4.5, 6.5, 5.5], "texture": "#0"},
				"east": {"uv": [0, 6.5, 0, 7.5], "texture": "#0"},
				"south": {"uv": [5.5, 6, 6.5, 7], "texture": "#0"},
				"west": {"uv": [0.5, 6.5, 0.5, 7.5], "texture": "#0"},
				"up": {"uv": [2, 6.5, 1, 6.5], "texture": "#0"},
				"down": {"uv": [3.5, 6.5, 2.5, 6.5], "texture": "#0"}
			}
		}
	],
	"display": {},
	"groups": [
		{
			"name": "group",
			"origin": [9, 13, 5],
			"color": 0,
			"nbt": "{}",
			"children": [0, 1, 2, 3]
		}
	]
}