{
	"credit": "Made with Blockbench",
	"textures": {
		"0": "item/cit/pkw_signs",
		"particle": "item/cit/pkw_signs"
	},
	"elements": [
		{
			"from": [-12, 0, 7.5],
			"to": [28, 16, 8.5],
			"rotation": {"angle": 0, "axis": "y", "origin": [-12, 0, 4]},
			"faces": {
				"north": {"uv": [0, 2, 5, 4], "texture": "#0"},
				"south": {"uv": [0, 8, 5, 10], "texture": "#0"}
			}
		},
		{
			"from": [-15, 16, 7],
			"to": [31, 18, 9],
			"rotation": {"angle": 0, "axis": "y", "origin": [-8, 0, 4]},
			"faces": {
				"north": {"uv": [10.25, 1.625, 16, 1.875], "texture": "#0"},
				"east": {"uv": [11, 0, 11.25, 0.25], "texture": "#0"},
				"south": {"uv": [10.25, 1.625, 16, 1.875], "texture": "#0"},
				"west": {"uv": [11, 0, 11.25, 0.25], "texture": "#0"},
				"up": {"uv": [10.25, 1.875, 16, 2.125], "texture": "#0"},
				"down": {"uv": [10.25, 2.125, 16, 2.375], "texture": "#0"}
			}
		},
		{
			"from": [-15, -2, 7],
			"to": [31, 0, 9],
			"rotation": {"angle": 0, "axis": "y", "origin": [-8, 0, 4]},
			"faces": {
				"north": {"uv": [10.25, 1.625, 16, 1.875], "texture": "#0"},
				"east": {"uv": [11, 0, 11.25, 0.25], "texture": "#0"},
				"south": {"uv": [10.25, 1.625, 16, 1.875], "texture": "#0"},
				"west": {"uv": [11, 0, 11.25, 0.25], "texture": "#0"},
				"up": {"uv": [10.25, 1.875, 16, 2.125], "texture": "#0"},
				"down": {"uv": [10.25, 2.125, 16, 2.375], "texture": "#0"}
			}
		},
		{
			"from": [28.015, -2.985, 7.015],
			"to": [29.985, 18.985, 8.985],
			"rotation": {"angle": 0, "axis": "z", "origin": [8, 17, 8]},
			"faces": {
				"north": {"uv": [16, 0.8125, 13.25, 1.0625], "rotation": 90, "texture": "#0"},
				"east": {"uv": [13.25, 1.3125, 16, 1.5625], "rotation": 270, "texture": "#0"},
				"south": {"uv": [13.25, 0.8125, 16, 1.0625], "rotation": 270, "texture": "#0"},
				"west": {"uv": [13.25, 1.0625, 16, 1.3125], "rotation": 270, "texture": "#0"},
				"up": {"uv": [11, 0, 11.25, 0.25], "rotation": 270, "texture": "#0"},
				"down": {"uv": [11, 0, 11.25, 0.25], "rotation": 270, "texture": "#0"}
			}
		},
		{
			"from": [-13.985, -2.985, 7.015],
			"to": [-12.015, 18.985, 8.985],
			"rotation": {"angle": 0, "axis": "z", "origin": [8, 17, 8]},
			"faces": {
				"north": {"uv": [16, 1.0625, 13.25, 0.8125], "rotation": 90, "texture": "#0"},
				"east": {"uv": [13.25, 1.3125, 16, 1.0625], "rotation": 270, "texture": "#0"},
				"south": {"uv": [13.25, 1.0625, 16, 0.8125], "rotation": 270, "texture": "#0"},
				"west": {"uv": [13.25, 1.5625, 16, 1.3125], "rotation": 270, "texture": "#0"},
				"up": {"uv": [11, 0.25, 11.25, 0], "rotation": 270, "texture": "#0"},
				"down": {"uv": [11, 0.25, 11.25, 0], "rotation": 270, "texture": "#0"}
			}
		}
	],
	"display": {
		"thirdperson_righthand": {
			"rotation": [63, 34, 0],
			"translation": [0, 1, -1],
			"scale": [0.37891, 0.37891, 0.37891]
		},
		"thirdperson_lefthand": {
			"rotation": [63, 34, 0],
			"translation": [0, 1, -1],
			"scale": [0.37891, 0.37891, 0.37891]
		},
		"firstperson_righthand": {
			"rotation": [3, 112, -13],
			"translation": [9.5, 0, -5.75],
			"scale": [0.35547, 0.35547, 0.35547]
		},
		"firstperson_lefthand": {
			"rotation": [3, 112, -13],
			"translation": [9.5, 0, -5.75],
			"scale": [0.35547, 0.35547, 0.35547]
		},
		"ground": {
			"translation": [0, 4.25, 0],
			"scale": [0.28906, 0.28906, 0.28906]
		},
		"gui": {
			"rotation": [30, -158, 0],
			"translation": [-0.25, -2.5, 0],
			"scale": [0.23594, 0.23594, 0.23594]
		},
		"head": {
			"translation": [0, -17.6, 0],
			"scale": [3.2, 3.2, 3.2]
		},
		"fixed": {
			"translation": [0, -3.25, -7.5]
		}
	}
}