{"textures":{"0":"item/cit/frog_trophy_silver","particle":"item/cit/frog_trophy_silver"},"elements":[{"from":[3.0,0.0,3.0],"to":[13.0,4.0,13.0],"faces":{"north":{"uv":[7.5,0.0,10.0,1.0],"texture":"#0"},"east":{"uv":[7.5,0.0,10.0,1.0],"texture":"#0"},"south":{"uv":[7.5,0.0,10.0,1.0],"texture":"#0"},"west":{"uv":[7.5,0.0,10.0,1.0],"texture":"#0"},"up":{"uv":[5.5,2.5,3.0,0.0],"texture":"#0"},"down":{"uv":[5.5,2.5,3.0,5.0],"texture":"#0"}}},{"from":[1.0,5.0,1.0],"to":[15.0,7.0,15.0],"faces":{"north":{"uv":[12.5,3.75,16.0,4.25],"texture":"#0"},"east":{"uv":[12.5,3.75,16.0,4.25],"texture":"#0"},"south":{"uv":[12.5,3.75,16.0,4.25],"texture":"#0"},"west":{"uv":[12.5,3.75,16.0,4.25],"texture":"#0"},"up":{"uv":[16.0,7.75,12.5,4.25],"texture":"#0"},"down":{"uv":[16.0,11.25,12.5,7.75],"texture":"#0"}}},{"from":[2.0,-3.0,2.0],"to":[14.0,0.0,14.0],"faces":{"north":{"uv":[13.0,11.25,16.0,12.0],"texture":"#0"},"east":{"uv":[13.0,11.25,16.0,12.0],"texture":"#0"},"south":{"uv":[13.0,11.25,16.0,12.0],"texture":"#0"},"west":{"uv":[13.0,11.25,16.0,12.0],"texture":"#0"},"up":{"uv":[13.0,12.0,16.0,15.0],"texture":"#0"},"down":{"uv":[13.0,12.0,16.0,15.0],"texture":"#0"}}},{"from":[2.0,3.0,2.0],"to":[14.0,5.0,14.0],"faces":{"north":{"uv":[12.5,3.75,16.0,4.25],"texture":"#0"},"east":{"uv":[12.5,3.75,16.0,4.25],"texture":"#0"},"south":{"uv":[12.5,3.75,16.0,4.25],"texture":"#0"},"west":{"uv":[12.5,3.75,16.0,4.25],"texture":"#0"},"up":{"uv":[16.0,7.75,12.5,4.25],"texture":"#0"},"down":{"uv":[16.0,11.25,12.5,7.75],"texture":"#0"}}},{"from":[4.0,7.0,4.0],"to":[12.0,13.0,12.0],"faces":{"north":{"uv":[5.5,3.5,7.5,5.0],"texture":"#0"},"east":{"uv":[0.0,6.0,2.0,7.5],"texture":"#0"},"south":{"uv":[2.0,7.0,4.0,8.5],"texture":"#0"},"west":{"uv":[4.0,7.0,6.0,8.5],"texture":"#0"},"up":{"uv":[5.0,7.0,3.0,5.0],"texture":"#0"},"down":{"uv":[7.0,5.0,5.0,7.0],"texture":"#0"}}},{"from":[12.0,7.0,7.0],"to":[14.0,12.0,11.0],"faces":{"north":{"uv":[2.0,8.5,2.5,9.75],"texture":"#0"},"east":{"uv":[0.0,8.25,1.0,9.5],"texture":"#0"},"south":{"uv":[2.5,8.5,3.0,9.75],"texture":"#0"},"west":{"uv":[1.0,8.25,2.0,9.5],"texture":"#0"},"up":{"uv":[6.5,9.75,6.0,8.75],"texture":"#0"},"down":{"uv":[7.0,8.75,6.5,9.75],"texture":"#0"}}},{"from":[11.0,3.75,6.0],"to":[13.0,6.75,8.0],"rotation":{"angle":45.0,"axis":"x","origin":[13.0,9.5,9.0]},"faces":{"north":{"uv":[7.0,8.75,7.5,9.5],"texture":"#0"},"east":{"uv":[7.5,8.75,8.0,9.5],"texture":"#0"},"south":{"uv":[8.0,8.75,8.5,9.5],"texture":"#0"},"west":{"uv":[8.5,8.75,9.0,9.5],"texture":"#0"},"up":{"uv":[9.5,9.25,9.0,8.75],"texture":"#0"},"down":{"uv":[3.5,9.25,3.0,9.75],"texture":"#0"}}},{"from":[4.0,13.0,2.0],"to":[12.0,16.0,9.0],"faces":{"north":{"uv":[0.0,7.5,2.0,8.25],"texture":"#0"},"east":{"uv":[6.0,8.0,7.75,8.75],"texture":"#0"},"south":{"uv":[7.5,4.0,9.5,4.75],"texture":"#0"},"west":{"uv":[7.75,8.0,9.5,8.75],"texture":"#0"},"up":{"uv":[7.5,1.75,5.5,0.0],"texture":"#0"},"down":{"uv":[7.5,1.75,5.5,3.5],"texture":"#0"}}},{"from":[10.0,14.0,4.0],"to":[13.0,17.0,7.0],"faces":{"north":{"uv":[2.0,6.0,2.75,6.75],"texture":"#0"},"east":{"uv":[3.0,8.5,3.75,9.25],"texture":"#0"},"south":{"uv":[3.75,8.5,4.5,9.25],"texture":"#0"},"west":{"uv":[4.5,8.5,5.25,9.25],"texture":"#0"},"up":{"uv":[6.0,9.25,5.25,8.5],"texture":"#0"},"down":{"uv":[9.25,7.0,8.5,7.75],"texture":"#0"}}},{"from":[3.0,3.75,6.0],"to":[5.0,6.75,8.0],"rotation":{"angle":45.0,"axis":"x","origin":[3.0,9.5,9.0]},"faces":{"north":{"uv":[7.5,8.75,7.0,9.5],"texture":"#0"},"east":{"uv":[9.0,8.75,8.5,9.5],"texture":"#0"},"south":{"uv":[8.5,8.75,8.0,9.5],"texture":"#0"},"west":{"uv":[8.0,8.75,7.5,9.5],"texture":"#0"},"up":{"uv":[9.0,9.25,9.5,8.75],"texture":"#0"},"down":{"uv":[3.0,9.25,3.5,9.75],"texture":"#0"}}},{"from":[2.0,7.0,7.0],"to":[4.0,12.0,11.0],"rotation":{"angle":0.0,"axis":"y","origin":[16.0,0.0,0.0]},"faces":{"north":{"uv":[2.5,8.5,2.0,9.75],"texture":"#0"},"east":{"uv":[2.0,8.25,1.0,9.5],"texture":"#0"},"south":{"uv":[3.0,8.5,2.5,9.75],"texture":"#0"},"west":{"uv":[1.0,8.25,0.0,9.5],"texture":"#0"},"up":{"uv":[6.0,9.75,6.5,8.75],"texture":"#0"},"down":{"uv":[6.5,8.75,7.0,9.75],"texture":"#0"}}},{"from":[3.0,14.0,4.0],"to":[6.0,17.0,7.0],"rotation":{"angle":0.0,"axis":"y","origin":[16.0,0.0,0.0]},"faces":{"north":{"uv":[2.75,6.0,2.0,6.75],"texture":"#0"},"east":{"uv":[5.25,8.5,4.5,9.25],"texture":"#0"},"south":{"uv":[4.5,8.5,3.75,9.25],"texture":"#0"},"west":{"uv":[3.75,8.5,3.0,9.25],"texture":"#0"},"up":{"uv":[5.25,9.25,6.0,8.5],"texture":"#0"},"down":{"uv":[8.5,7.0,9.25,7.75],"texture":"#0"}}}],"display":{"thirdperson_righthand":{"translation":[0.5,2.25,1.0],"rotation":[44.11,23.42,11.41],"scale":[0.65547,0.65547,0.65547]},"thirdperson_lefthand":{"translation":[0.5,2.25,1.0],"rotation":[44.11,23.42,11.41],"scale":[0.65547,0.65547,0.65547]},"firstperson_righthand":{"translation":[1.13,3.95,1.13],"rotation":[-130.63,70.6,138.77],"scale":[0.30695,0.30695,0.30695]},"firstperson_lefthand":{"translation":[1.13,3.95,1.13],"rotation":[-130.63,70.6,138.77],"scale":[0.30695,0.30695,0.30695]},"ground":{"translation":[-0.25,10.5,0.0],"scale":[0.97851,0.97851,0.97851]},"gui":{"translation":[-0.25,1.5,0.0],"rotation":[-147.9,54.4,171.46],"scale":[0.64844,0.64844,0.64844]},"head":{"translation":[0.0,-25.75,0.0],"scale":[1.6,1.6,1.6]},"fixed":{"translation":[0.0,12.5,-3.25],"rotation":[0.0,180.0,0.0],"scale":[1.66602,1.66602,1.66602]}},"credit":"Made with Blockbench","gui_light":"front"}