{"textures":{"0":"item/cit/medals","particle":"item/cit/medals"},"elements":[{"from":[4.0,0.0,6.5],"to":[12.0,8.0,9.5],"rotation":{"angle":0.0,"axis":"y","origin":[0.0,0.0,-3.0]},"faces":{"north":{"uv":[15.0,0.0,16.0,1.0],"texture":"#0"},"east":{"uv":[14.625,0.5,15.0,1.5],"texture":"#0"},"south":{"uv":[15.0,0.0,16.0,1.0],"texture":"#0"},"west":{"uv":[14.625,0.5,15.0,1.5],"texture":"#0"},"up":{"uv":[15.0,1.0,16.0,1.375],"texture":"#0"},"down":{"uv":[15.0,1.375,16.0,1.75],"texture":"#0"}}},{"from":[3.0,-7.0,8.0],"to":[6.0,1.0,8.0],"rotation":{"angle":-22.5,"axis":"z","origin":[5.5,-4.0,8.0]},"faces":{"north":{"uv":[14.25,0.5,14.625,1.5],"texture":"#0"},"south":{"uv":[14.25,0.5,14.625,1.5],"texture":"#0"}}},{"from":[10.0,-7.0,8.0],"to":[13.0,1.0,8.0],"rotation":{"angle":22.5,"axis":"z","origin":[10.5,-4.0,8.0]},"faces":{"north":{"uv":[14.25,0.5,14.625,1.5],"texture":"#0"},"south":{"uv":[14.25,0.5,14.625,1.5],"texture":"#0"}}},{"from":[6.0,2.0,6.0],"to":[10.0,6.0,10.0],"rotation":{"angle":-45.0,"axis":"z","origin":[8.0,4.0,8.0]},"faces":{"north":{"uv":[14.5,0.0,15.0,0.5],"texture":"#0"},"east":{"uv":[14.5,0.0,14.625,0.5],"texture":"#0"},"south":{"uv":[14.5,0.0,15.0,0.5],"texture":"#0","rotation":270},"west":{"uv":[14.875,0.0,15.0,0.5],"texture":"#0"},"up":{"uv":[14.875,0.5,15.0,0.0],"texture":"#0","rotation":90},"down":{"uv":[14.5,0.0,14.625,0.5],"texture":"#0","rotation":270}}}],"display":{"thirdperson_righthand":{"translation":[0.75,0.75,1.5],"rotation":[70.54,-10.23,-2.39],"scale":[0.65547,0.65547,0.65547]},"thirdperson_lefthand":{"translation":[0.75,0.75,1.5],"rotation":[70.54,-10.23,-2.39],"scale":[0.65547,0.65547,0.65547]},"firstperson_righthand":{"translation":[1.88,5.7,1.13],"rotation":[-62.92,-57.37,-55.92],"scale":[0.45148,0.45148,0.45148]},"firstperson_lefthand":{"translation":[1.88,5.7,1.13],"rotation":[-62.92,-57.37,-55.92],"scale":[0.45148,0.45148,0.45148]},"ground":{"translation":[-0.25,17.0,0.0],"scale":[1.08984,1.08984,1.08984]},"gui":{"translation":[-3.25,6.0,0.0],"rotation":[-19.13,19.2,25.01],"scale":[0.93555,0.93555,0.93555]},"head":{"translation":[0.0,13.0,7.0],"rotation":[0.0,180.0,0.0]},"fixed":{"translation":[0.0,12.5,-3.25],"rotation":[0.0,180.0,0.0],"scale":[1.66602,1.66602,1.66602]}},"credit":"Made with Blockbench","gui_light":"front"}