{"textures":{"0":"item/cit/props_pkw_2","particle":"item/cit/props_pkw_2"},"elements":[{"from":[2.0,0.0,10.0],"to":[6.0,3.0,14.0],"faces":{"north":{"uv":[1.75,1.75,2.25,2.125],"texture":"#0"},"east":{"uv":[1.75,1.75,2.25,2.125],"texture":"#0"},"south":{"uv":[1.75,1.75,2.25,2.125],"texture":"#0"},"west":{"uv":[1.75,1.75,2.25,2.125],"texture":"#0"},"up":{"uv":[1.5,4.0,1.0,3.5],"texture":"#0"},"down":{"uv":[2.0,2.125,1.5,2.625],"texture":"#0"}}},{"from":[2.0,0.0,2.0],"to":[6.0,3.0,6.0],"faces":{"north":{"uv":[1.75,1.75,2.25,2.125],"texture":"#0"},"east":{"uv":[1.75,1.75,2.25,2.125],"texture":"#0"},"south":{"uv":[1.75,1.75,2.25,2.125],"texture":"#0"},"west":{"uv":[1.75,1.75,2.25,2.125],"texture":"#0"},"up":{"uv":[1.5,4.0,1.0,3.5],"texture":"#0"},"down":{"uv":[2.0,2.125,1.5,2.625],"texture":"#0"}}},{"from":[10.0,0.0,2.0],"to":[14.0,3.0,6.0],"faces":{"north":{"uv":[1.75,1.75,2.25,2.125],"texture":"#0"},"east":{"uv":[1.75,1.75,2.25,2.125],"texture":"#0"},"south":{"uv":[1.75,1.75,2.25,2.125],"texture":"#0"},"west":{"uv":[1.75,1.75,2.25,2.125],"texture":"#0"},"up":{"uv":[1.5,4.0,1.0,3.5],"texture":"#0"},"down":{"uv":[2.0,2.125,1.5,2.625],"texture":"#0"}}},{"from":[10.0,0.0,10.0],"to":[14.0,3.0,14.0],"faces":{"north":{"uv":[1.75,1.75,2.25,2.125],"texture":"#0"},"east":{"uv":[1.75,1.75,2.25,2.125],"texture":"#0"},"south":{"uv":[1.75,1.75,2.25,2.125],"texture":"#0"},"west":{"uv":[1.75,1.75,2.25,2.125],"texture":"#0"},"up":{"uv":[1.5,4.0,1.0,3.5],"texture":"#0"},"down":{"uv":[2.0,2.125,1.5,2.625],"texture":"#0"}}},{"from":[2.0,3.0,2.0],"to":[14.0,6.0,14.0],"faces":{"north":{"uv":[5.5,0.0,7.0,0.375],"texture":"#0"},"east":{"uv":[5.5,0.0,7.0,0.375],"texture":"#0"},"south":{"uv":[5.5,0.0,7.0,0.375],"texture":"#0"},"west":{"uv":[5.5,0.0,7.0,0.375],"texture":"#0"},"up":{"uv":[1.5,3.625,0.0,2.125],"texture":"#0"},"down":{"uv":[3.75,1.75,2.25,3.25],"texture":"#0"}}},{"from":[4.0,6.0,4.0],"to":[12.0,14.0,12.0],"faces":{"north":{"uv":[4.5,0.0,3.5,1.0],"texture":"#0"},"east":{"uv":[4.5,0.0,3.5,1.0],"texture":"#0"},"south":{"uv":[4.5,0.0,3.5,1.0],"texture":"#0"},"west":{"uv":[4.5,0.0,3.5,1.0],"texture":"#0"},"up":{"uv":[4.25,3.0,3.25,2.0],"texture":"#0"},"down":{"uv":[1.0,3.5,0.0,4.5],"texture":"#0"}}},{"from":[1.0,14.0,1.0],"to":[15.0,17.0,15.0],"faces":{"north":{"uv":[0.0,0.0,1.75,0.375],"texture":"#0"},"east":{"uv":[0.0,0.0,1.75,0.375],"texture":"#0"},"south":{"uv":[0.0,0.0,1.75,0.375],"texture":"#0"},"west":{"uv":[0.0,0.0,1.75,0.375],"texture":"#0"},"up":{"uv":[1.75,2.125,0.0,0.375],"texture":"#0"},"down":{"uv":[3.5,0.0,1.75,1.75],"texture":"#0"}}},{"from":[6.0,17.0,6.0],"to":[10.0,20.0,10.0],"rotation":{"angle":0.0,"axis":"y","origin":[5.0,0.0,0.0]},"faces":{"north":{"uv":[4.5,0.0,5.0,0.375],"texture":"#0"},"east":{"uv":[4.5,0.0,5.0,0.375],"texture":"#0"},"south":{"uv":[4.5,0.0,5.0,0.375],"texture":"#0"},"west":{"uv":[4.5,0.0,5.0,0.375],"texture":"#0"},"up":{"uv":[5.5,0.5,5.0,0.0],"texture":"#0"},"down":{"uv":[4.75,2.125,4.25,2.625],"texture":"#0"}}},{"from":[1.0,17.0,13.0],"to":[3.0,18.0,15.0],"faces":{"north":{"uv":[1.5,1.25,1.75,1.375],"texture":"#0"},"east":{"uv":[1.5,1.25,1.75,1.375],"texture":"#0"},"south":{"uv":[1.5,1.25,1.75,1.375],"texture":"#0"},"west":{"uv":[1.5,1.25,1.75,1.375],"texture":"#0"},"up":{"uv":[1.5,1.25,1.75,1.375],"texture":"#0"},"down":{"uv":[1.5,1.25,1.75,1.375],"texture":"#0"}}},{"from":[1.0,17.0,1.0],"to":[3.0,18.0,3.0],"faces":{"north":{"uv":[1.5,1.25,1.75,1.375],"texture":"#0"},"east":{"uv":[1.5,1.25,1.75,1.375],"texture":"#0"},"south":{"uv":[1.5,1.25,1.75,1.375],"texture":"#0"},"west":{"uv":[1.5,1.25,1.75,1.375],"texture":"#0"},"up":{"uv":[1.5,1.25,1.75,1.375],"texture":"#0"},"down":{"uv":[1.5,1.25,1.75,1.375],"texture":"#0"}}},{"from":[13.0,17.0,1.0],"to":[15.0,18.0,3.0],"faces":{"north":{"uv":[1.5,1.25,1.75,1.375],"texture":"#0"},"east":{"uv":[1.5,1.25,1.75,1.375],"texture":"#0"},"south":{"uv":[1.5,1.25,1.75,1.375],"texture":"#0"},"west":{"uv":[1.5,1.25,1.75,1.375],"texture":"#0"},"up":{"uv":[1.5,1.25,1.75,1.375],"texture":"#0"},"down":{"uv":[1.5,1.25,1.75,1.375],"texture":"#0"}}},{"from":[13.0,17.0,13.0],"to":[15.0,18.0,15.0],"faces":{"north":{"uv":[1.5,1.25,1.75,1.375],"texture":"#0"},"east":{"uv":[1.5,1.25,1.75,1.375],"texture":"#0"},"south":{"uv":[1.5,1.25,1.75,1.375],"texture":"#0"},"west":{"uv":[1.5,1.25,1.75,1.375],"texture":"#0"},"up":{"uv":[1.5,1.25,1.75,1.375],"texture":"#0"},"down":{"uv":[1.5,1.25,1.75,1.375],"texture":"#0"}}}],"display":{"thirdperson_righthand":{"translation":[0.0,1.0,-1.0],"rotation":[63.0,34.0,0.0],"scale":[0.37891,0.37891,0.37891]},"thirdperson_lefthand":{"translation":[0.0,1.0,-1.0],"rotation":[63.0,34.0,0.0],"scale":[0.37891,0.37891,0.37891]},"firstperson_righthand":{"translation":[9.5,0.0,-5.75],"rotation":[3.0,112.0,-13.0],"scale":[0.35547,0.35547,0.35547]},"firstperson_lefthand":{"translation":[9.5,0.0,-5.75],"rotation":[3.0,112.0,-13.0],"scale":[0.35547,0.35547,0.35547]},"ground":{"translation":[0.0,4.25,0.0],"scale":[0.28906,0.28906,0.28906]},"gui":{"translation":[-0.25,-0.25,0.0],"rotation":[30.0,-158.0,0.0],"scale":[0.56992,0.56992,0.56992]},"head":{"translation":[0.0,-30.5,0.0],"scale":[1.6,1.6,1.6]},"fixed":{"translation":[0.0,-3.25,-7.5]}},"credit":"Made with Blockbench"}