{
	"credit": "Made with Blockbench",
	"texture_size": [128, 128],
	"textures": {
		"0": "block/meltdown_1",
		"1": "block/puddle_anim",
		"particle": "block/meltdown_1"
	},
	"elements": [
		{
			"from": [0, 0, 0],
			"to": [16, 10, 16],
			"faces": {
				"north": {"uv": [2, 6.125, 0, 7.375], "texture": "#0"},
				"east": {"uv": [2, 6.125, 0, 7.375], "texture": "#0"},
				"south": {"uv": [2, 6.125, 0, 7.375], "texture": "#0"},
				"west": {"uv": [2, 6.125, 0, 7.375], "texture": "#0"},
				"up": {"uv": [0, 4.125, 2, 6.125], "texture": "#0"},
				"down": {"uv": [1.125, 6.5, 1.25, 6.625], "texture": "#0"}
			}
		},
		{
			"from": [0, 10, 8],
			"to": [8, 14, 16],
			"faces": {
				"north": {"uv": [2.125, 5.125, 3.125, 5.625], "texture": "#0"},
				"east": {"uv": [2.125, 5.125, 3.125, 5.625], "texture": "#0"},
				"south": {"uv": [2.125, 5.125, 3.125, 5.625], "texture": "#0"},
				"west": {"uv": [2.125, 5.125, 3.125, 5.625], "texture": "#0"},
				"up": {"uv": [2.125, 4.125, 3.125, 5.125], "texture": "#0"},
				"down": {"uv": [14.75, 4.625, 14.875, 4.75], "texture": "#missing"}
			}
		},
		{
			"from": [-4, 0, 15],
			"to": [4, 4, 23],
			"rotation": {"angle": 22.5, "axis": "y", "origin": [0, 2, 19]},
			"faces": {
				"north": {"uv": [3.625, 5.75, 4.625, 6.25], "texture": "#0"},
				"east": {"uv": [3.625, 5.75, 4.625, 6.25], "texture": "#0"},
				"south": {"uv": [3.625, 5.75, 4.625, 6.25], "texture": "#0"},
				"west": {"uv": [3.625, 5.75, 4.625, 6.25], "texture": "#0"},
				"up": {"uv": [3.25, 4.625, 4.25, 5.625], "texture": "#0"},
				"down": {"uv": [1.125, 6.5, 1.25, 6.625], "texture": "#0"}
			}
		},
		{
			"from": [9, 0, -5],
			"to": [17, 4, 3],
			"rotation": {"angle": 22.5, "axis": "y", "origin": [0, 2, 19]},
			"faces": {
				"north": {"uv": [3.625, 5.75, 4.625, 6.25], "texture": "#0"},
				"east": {"uv": [3.625, 5.75, 4.625, 6.25], "texture": "#0"},
				"south": {"uv": [3.625, 5.75, 4.625, 6.25], "texture": "#0"},
				"west": {"uv": [3.625, 5.75, 4.625, 6.25], "texture": "#0"},
				"up": {"uv": [3.25, 4.625, 4.25, 5.625], "texture": "#0"},
				"down": {"uv": [1.125, 6.5, 1.25, 6.625], "texture": "#0"}
			}
		},
		{
			"from": [15.5642, 0, 2.69974],
			"to": [23.5642, 4, 10.69974],
			"rotation": {"angle": 22.5, "axis": "y", "origin": [19.5642, 2, 6.69974]},
			"faces": {
				"north": {"uv": [3.625, 5.75, 4.625, 6.25], "texture": "#0"},
				"east": {"uv": [3.625, 5.75, 4.625, 6.25], "texture": "#0"},
				"south": {"uv": [3.625, 5.75, 4.625, 6.25], "texture": "#0"},
				"west": {"uv": [3.625, 5.75, 4.625, 6.25], "texture": "#0"},
				"up": {"uv": [3.25, 4.625, 4.25, 5.625], "texture": "#0"},
				"down": {"uv": [1.125, 6.5, 1.25, 6.625], "texture": "#0"}
			}
		},
		{
			"from": [7, 0, 16],
			"to": [18, 6, 27],
			"rotation": {"angle": -22.5, "axis": "y", "origin": [15, 2, 23]},
			"faces": {
				"north": {"uv": [2.125, 7.25, 3.5, 8], "texture": "#0"},
				"east": {"uv": [2.125, 7.25, 3.5, 8], "texture": "#0"},
				"south": {"uv": [2.125, 7.25, 3.5, 8], "texture": "#0"},
				"west": {"uv": [2.125, 7.25, 3.5, 8], "texture": "#0"},
				"up": {"uv": [2.125, 5.75, 3.5, 7.125], "texture": "#0"},
				"down": {"uv": [1.125, 6.5, 1.25, 6.625], "texture": "#0"}
			}
		},
		{
			"from": [-8, 0.25, -8],
			"to": [24, 0.25, 24],
			"rotation": {"angle": 0, "axis": "y", "origin": [-8, 0, -8]},
			"faces": {
				"north": {"uv": [0, 0, 0.25, 0.25], "texture": "#1"},
				"east": {"uv": [0, 0, 0.25, 0.25], "texture": "#1"},
				"south": {"uv": [0, 0, 0.25, 0.25], "texture": "#1"},
				"west": {"uv": [0, 0, 0.25, 0.25], "texture": "#1"},
				"up": {"uv": [0, 0, 16, 16], "texture": "#1"},
				"down": {"uv": [0, 16, 16, 0], "texture": "#1"}
			}
		}
	],
	"display": {
		"thirdperson_righthand": {
			"rotation": [63, 34, 0],
			"translation": [0, 1, -1],
			"scale": [0.37891, 0.37891, 0.37891]
		},
		"thirdperson_lefthand": {
			"rotation": [63, 34, 0],
			"translation": [0, 1, -1],
			"scale": [0.37891, 0.37891, 0.37891]
		},
		"firstperson_righthand": {
			"rotation": [3, 112, -13],
			"translation": [9.5, 0, -5.75],
			"scale": [0.35547, 0.35547, 0.35547]
		},
		"firstperson_lefthand": {
			"rotation": [3, 112, -13],
			"translation": [9.5, 0, -5.75],
			"scale": [0.35547, 0.35547, 0.35547]
		},
		"ground": {
			"translation": [0, 4.25, 0],
			"scale": [0.28906, 0.28906, 0.28906]
		},
		"gui": {
			"rotation": [30, -158, 0],
			"translation": [-0.25, -2.25, 0],
			"scale": [0.37265, 0.37265, 0.37265]
		},
		"head": {
			"translation": [0, -8, 0],
			"scale": [1.6, 1.6, 1.6]
		},
		"fixed": {
			"translation": [0, -3.25, -7.5]
		}
	}
}