{
	"credit": "Made with Blockbench",
	"texture_size": [128, 128],
	"textures": {
		"0": "item/cit/heater",
		"1": "item/cit/heater_anim_2",
		"particle": "item/cit/heater"
	},
	"elements": [
		{
			"from": [6, 16, 4],
			"to": [10, 18, 12],
			"faces": {
				"north": {"uv": [0, 2.375, 0.5, 2.625], "texture": "#0"},
				"east": {"uv": [0, 2.125, 0.125, 2.25], "texture": "#0"},
				"south": {"uv": [0, 2.375, 0.5, 2.625], "texture": "#0"},
				"west": {"uv": [0, 2.125, 0.125, 2.25], "texture": "#0"},
				"up": {"uv": [0, 2.625, 0.5, 3.625], "texture": "#0"},
				"down": {"uv": [0.125, 2.125, 0.25, 2.25], "texture": "#0"}
			}
		},
		{
			"from": [1, 13, 1],
			"to": [15, 16, 15],
			"faces": {
				"north": {"uv": [1.625, 0.875, 3.375, 1.25], "texture": "#0", "tintindex": 0},
				"east": {"uv": [1.625, 0.875, 3.375, 1.25], "texture": "#0", "tintindex": 0},
				"south": {"uv": [1.625, 0.875, 3.375, 1.25], "texture": "#0", "tintindex": 0},
				"west": {"uv": [1.625, 0.875, 3.375, 1.25], "texture": "#0", "tintindex": 0},
				"up": {"uv": [3.5, 0, 5.25, 1.75], "texture": "#0", "tintindex": 0},
				"down": {"uv": [3.5, 1.875, 5.25, 3.625], "texture": "#0", "tintindex": 0}
			}
		},
		{
			"from": [2, 4, 2],
			"to": [14, 14, 14],
			"faces": {
				"north": {"uv": [0, 0, 12, 10], "texture": "#1"},
				"east": {"uv": [0, 0, 12, 10], "texture": "#1"},
				"south": {"uv": [0, 0, 12, 10], "texture": "#1"},
				"west": {"uv": [0, 0, 12, 10], "texture": "#1"},
				"up": {"uv": [0, 0, 0.125, 0.125], "texture": "#missing"},
				"down": {"uv": [0, 0, 0.125, 0.125], "texture": "#missing"}
			}
		},
		{
			"from": [15, 11, 15],
			"to": [1, 5, 1],
			"rotation": {"angle": 0, "axis": "y", "origin": [13, 0, 13]},
			"faces": {
				"north": {"uv": [13, 1, 14, 2], "texture": "#1"},
				"east": {"uv": [13, 1, 14, 2], "texture": "#1"},
				"south": {"uv": [13, 1, 14, 2], "texture": "#1"},
				"west": {"uv": [13, 1, 14, 2], "texture": "#1"},
				"up": {"uv": [13, 6, 14, 7], "texture": "#1"},
				"down": {"uv": [13, 6, 14, 7], "texture": "#1"}
			}
		},
		{
			"from": [15.5, 11, 15.5],
			"to": [0.5, 5, 0.5],
			"rotation": {"angle": 0, "axis": "y", "origin": [13.5, 0, 13.5]},
			"faces": {
				"north": {"uv": [13, 3, 14, 4], "texture": "#1"},
				"east": {"uv": [13, 3, 14, 4], "texture": "#1"},
				"south": {"uv": [13, 3, 14, 4], "texture": "#1"},
				"west": {"uv": [13, 3, 14, 4], "texture": "#1"},
				"up": {"uv": [13, 6, 14, 7], "texture": "#1"},
				"down": {"uv": [13, 6, 14, 7], "texture": "#1"}
			}
		},
		{
			"from": [1, 0, 1],
			"to": [15, 5, 15],
			"faces": {
				"north": {"uv": [1.625, 0.125, 3.375, 0.75], "texture": "#0", "tintindex": 0},
				"east": {"uv": [1.625, 0.125, 3.375, 0.75], "texture": "#0", "tintindex": 0},
				"south": {"uv": [1.625, 0.125, 3.375, 0.75], "texture": "#0", "tintindex": 0},
				"west": {"uv": [1.625, 0.125, 3.375, 0.75], "texture": "#0", "tintindex": 0},
				"up": {"uv": [1.625, 1.375, 3.375, 3.125], "texture": "#0", "tintindex": 0},
				"down": {"uv": [5.375, 0, 7.125, 1.75], "texture": "#0", "tintindex": 0}
			}
		},
		{
			"from": [6.01, 0.01, -2.99],
			"to": [9.99, 3.99, 0.99],
			"rotation": {"angle": -45, "axis": "y", "origin": [8, 3, 8]},
			"faces": {
				"north": {"uv": [0.5, 1.375, 1, 1.875], "texture": "#0"},
				"east": {"uv": [1, 1.375, 1.5, 1.875], "texture": "#0"},
				"south": {"uv": [1.5, 1.875, 1, 2.375], "texture": "#0"},
				"west": {"uv": [1.5, 1.375, 1, 1.875], "texture": "#0"},
				"up": {"uv": [0, 1.375, 0.5, 1.875], "texture": "#0"},
				"down": {"uv": [1, 1.875, 0.5, 2.375], "texture": "#0"}
			}
		},
		{
			"from": [6.01, 0.01, -2.99],
			"to": [9.99, 3.99, 0.99],
			"rotation": {"angle": 45, "axis": "y", "origin": [8, 3, 8]},
			"faces": {
				"north": {"uv": [1, 1.375, 0.5, 1.875], "texture": "#0"},
				"east": {"uv": [1, 1.375, 1.5, 1.875], "texture": "#0"},
				"south": {"uv": [1, 1.875, 1.5, 2.375], "texture": "#0"},
				"west": {"uv": [1.5, 1.375, 1, 1.875], "texture": "#0"},
				"up": {"uv": [0.5, 1.375, 0, 1.875], "texture": "#0"},
				"down": {"uv": [0.5, 1.875, 1, 2.375], "texture": "#0"}
			}
		},
		{
			"from": [6.01, 0.01, 15.01],
			"to": [9.99, 3.99, 18.99],
			"rotation": {"angle": -45, "axis": "y", "origin": [8, 3, 8]},
			"faces": {
				"north": {"uv": [1.5, 1.875, 1, 2.375], "texture": "#0"},
				"east": {"uv": [1.5, 1.375, 1, 1.875], "texture": "#0"},
				"south": {"uv": [0.5, 1.375, 1, 1.875], "texture": "#0"},
				"west": {"uv": [1, 1.375, 1.5, 1.875], "texture": "#0"},
				"up": {"uv": [0.5, 1.875, 0, 1.375], "texture": "#0"},
				"down": {"uv": [0.5, 2.375, 1, 1.875], "texture": "#0"}
			}
		},
		{
			"from": [6.01, 0.01, 15.01],
			"to": [9.99, 3.99, 18.99],
			"rotation": {"angle": 45, "axis": "y", "origin": [8, 3, 8]},
			"faces": {
				"north": {"uv": [1, 1.875, 1.5, 2.375], "texture": "#0"},
				"east": {"uv": [1.5, 1.375, 1, 1.875], "texture": "#0"},
				"south": {"uv": [1, 1.375, 0.5, 1.875], "texture": "#0"},
				"west": {"uv": [1, 1.375, 1.5, 1.875], "texture": "#0"},
				"up": {"uv": [0, 1.875, 0.5, 1.375], "texture": "#0"},
				"down": {"uv": [1, 2.375, 0.5, 1.875], "texture": "#0"}
			}
		},
		{
			"name": "cube inverted",
			"from": [10, 18, 12],
			"to": [6, 16, 4],
			"faces": {
				"north": {"uv": [0, 2.625, 0.5, 2.375], "texture": "#0"},
				"east": {"uv": [0, 2.25, 0.125, 2.125], "texture": "#0"},
				"south": {"uv": [0, 2.625, 0.5, 2.375], "texture": "#0"},
				"west": {"uv": [0, 2.25, 0.125, 2.125], "texture": "#0"},
				"up": {"uv": [0.25, 2.125, 0.125, 2.25], "texture": "#0"},
				"down": {"uv": [0.5, 2.625, 0, 3.625], "texture": "#0"}
			}
		}
	],
	"gui_light": "front",
	"display": {
		"thirdperson_righthand": {
			"rotation": [63, 34, 0],
			"translation": [0, 1, -1],
			"scale": [0.37891, 0.37891, 0.37891]
		},
		"thirdperson_lefthand": {
			"rotation": [63, 34, 0],
			"translation": [0, 1, -1],
			"scale": [0.37891, 0.37891, 0.37891]
		},
		"firstperson_righthand": {
			"rotation": [3, 112, -13],
			"translation": [9.5, 0, -5.75],
			"scale": [0.35547, 0.35547, 0.35547]
		},
		"firstperson_lefthand": {
			"rotation": [3, 112, -13],
			"translation": [9.5, 0, -5.75],
			"scale": [0.35547, 0.35547, 0.35547]
		},
		"ground": {
			"translation": [0, 4.25, 0],
			"scale": [0.28906, 0.28906, 0.28906]
		},
		"gui": {
			"rotation": [30, -158, 0],
			"translation": [-0.25, -0.25, 0],
			"scale": [0.56992, 0.56992, 0.56992]
		},
		"head": {
			"translation": [0, -6.5, 0],
			"scale": [1.6, 1.6, 1.6]
		},
		"fixed": {
			"translation": [0, -3.25, -7.5]
		}
	}
}