{
    "providers": [
        {
            "type": "bitmap",
            "file": "minecraft:custom/red.png",
            "ascent": 8,
            "height": 9,
            "chars": ["\uE000"]
        },
        {
            "type": "bitmap",
            "file": "minecraft:custom/orange.png",
            "ascent": 8,
            "height": 9,
            "chars": ["\uE001"]
        },
        {
            "type": "bitmap",
            "file": "minecraft:custom/yellow.png",
            "ascent": 8,
            "height": 9,
            "chars": ["\uE002"]
        },
        {
            "type": "bitmap",
            "file": "minecraft:custom/lime.png",
            "ascent": 8,
            "height": 9,
            "chars": ["\uE003"]
        },
        {
            "type": "bitmap",
            "file": "minecraft:custom/green.png",
            "ascent": 8,
            "height": 9,
            "chars": ["\uE004"]
        },
        {
            "type": "bitmap",
            "file": "minecraft:custom/cyan.png",
            "ascent": 8,
            "height": 9,
            "chars": ["\uE005"]
        },
        {
            "type": "bitmap",
            "file": "minecraft:custom/aqua.png",
            "ascent": 8,
            "height": 9,
            "chars": ["\uE006"]
        },
        {
            "type": "bitmap",
            "file": "minecraft:custom/blue.png",
            "ascent": 8,
            "height": 9,
            "chars": ["\uE007"]
        },
        {
            "type": "bitmap",
            "file": "minecraft:custom/purple.png",
            "ascent": 8,
            "height": 9,
            "chars": ["\uE008"]
        },
        {
            "type": "bitmap",
            "file": "minecraft:custom/pink.png",
            "ascent": 8,
            "height": 9,
            "chars": ["\uE009"]
        },
        {
            "type": "bitmap",
            "file": "minecraft:custom/spectators.png",
            "ascent": 8,
            "height": 9,
            "chars": ["\uE010"]
        },
        {
            "type": "bitmap",
            "file": "minecraft:custom/coin.png",
            "ascent": 8,
            "height": 8,
            "chars": ["\uE011"]
        },
        {
            "type": "bitmap",
            "file": "minecraft:custom/player.png",
            "ascent": 8,
            "height": 9,
            "chars": ["\uE012"]
        },
        {
            "type": "bitmap",
            "file": "minecraft:custom/skull.png",
            "ascent": 4,
            "height": 9,
            "chars": ["\uE013"]
        },
        {
            "type": "bitmap",
            "file": "minecraft:custom/allies_vs_enemies.png",
            "ascent": 7,
            "height": 14,
            "chars": ["\uE036"]
        },
        {
            "type": "bitmap",
            "file": "minecraft:custom/clock.png",
            "ascent": 7,
            "height": 14,
            "chars": ["\uE037"]
        },
        {
            "type": "bitmap",
            "file": "minecraft:custom/kill_death.png",
            "ascent": 7,
            "height": 14,
            "chars": ["\uE038"]
        },
        {
            "type": "bitmap",
            "file": "minecraft:custom/animation1.png",
            "ascent": 93,
            "height": 98,
            "chars": ["\uE050"]
        },
        {
            "type": "bitmap",
            "file": "minecraft:custom/animation2.png",
            "ascent": 93,
            "height": 98,
            "chars": ["\uE051"]
        },
        {
            "type": "bitmap",
            "file": "minecraft:custom/animkill1.png",
            "ascent": 93,
            "height": 98,
            "chars": ["\uE052"]
        },
        {
            "type": "bitmap",
            "file": "minecraft:custom/kill1.png",
            "ascent": 93,
            "height": 98,
            "chars": ["\uE053"]
        },
        {
            "type": "bitmap",
            "file": "minecraft:custom/animkill2.png",
            "ascent": 93,
            "height": 98,
            "chars": ["\uE054"]
        },
        {
            "type": "bitmap",
            "file": "minecraft:custom/kill2.png",
            "ascent": 93,
            "height": 98,
            "chars": ["\uE055"]
        },
        {
            "type": "bitmap",
            "file": "minecraft:custom/animkill3.png",
            "ascent": 93,
            "height": 98,
            "chars": ["\uE056"]
        },
        {
            "type": "bitmap",
            "file": "minecraft:custom/kill3.png",
            "ascent": 93,
            "height": 98,
            "chars": ["\uE057"]
        },
        {
            "type": "bitmap",
            "file": "minecraft:custom/animkill4.png",
            "ascent": 93,
            "height": 98,
            "chars": ["\uE058"]
        },
        {
            "type": "bitmap",
            "file": "minecraft:custom/kill4.png",
            "ascent": 93,
            "height": 98,
            "chars": ["\uE059"]
        },
        {
            "type": "bitmap",
            "file": "minecraft:custom/animkill5.png",
            "ascent": 93,
            "height": 98,
            "chars": ["\uE060"]
        },
        {
            "type": "bitmap",
            "file": "minecraft:custom/kill5.png",
            "ascent": 93,
            "height": 98,
            "chars": ["\uE061"]
        },
        {
            "type": "bitmap",
            "file": "minecraft:custom/red.png",
            "ascent": 4,
            "height": 9,
            "chars": ["\uE100"]
        },
        {
            "type": "bitmap",
            "file": "minecraft:custom/orange.png",
            "ascent": 4,
            "height": 9,
            "chars": ["\uE101"]
        },
        {
            "type": "bitmap",
            "file": "minecraft:custom/yellow.png",
            "ascent": 4,
            "height": 9,
            "chars": ["\uE102"]
        },
        {
            "type": "bitmap",
            "file": "minecraft:custom/lime.png",
            "ascent": 4,
            "height": 9,
            "chars": ["\uE103"]
        },
        {
            "type": "bitmap",
            "file": "minecraft:custom/green.png",
            "ascent": 4,
            "height": 9,
            "chars": ["\uE104"]
        },
        {
            "type": "bitmap",
            "file": "minecraft:custom/cyan.png",
            "ascent": 4,
            "height": 9,
            "chars": ["\uE105"]
        },
        {
            "type": "bitmap",
            "file": "minecraft:custom/aqua.png",
            "ascent": 4,
            "height": 9,
            "chars": ["\uE106"]
        },
        {
            "type": "bitmap",
            "file": "minecraft:custom/blue.png",
            "ascent": 4,
            "height": 9,
            "chars": ["\uE107"]
        },
        {
            "type": "bitmap",
            "file": "minecraft:custom/purple.png",
            "ascent": 4,
            "height": 9,
            "chars": ["\uE108"]
        },
        {
            "type": "bitmap",
            "file": "minecraft:custom/pink.png",
            "ascent": 4,
            "height": 9,
            "chars": ["\uE109"]
        },
        {
            "type": "bitmap",
            "file": "minecraft:custom/player.png",
            "ascent": 4,
            "height": 9,
            "chars": ["\uE112"]
        },
        {
            "type": "bitmap",
            "file": "minecraft:custom/time/0.png",
            "ascent": -8,
            "height": 1,
            "chars": ["\uE150"]
        },
        {
            "type": "bitmap",
            "file": "minecraft:custom/time/1.png",
            "ascent": -8,
            "height": 1,
            "chars": ["\uE151"]
        },
        {
            "type": "bitmap",
            "file": "minecraft:custom/time/2.png",
            "ascent": -8,
            "height": 1,
            "chars": ["\uE152"]
        },
        {
            "type": "bitmap",
            "file": "minecraft:custom/time/3.png",
            "ascent": -8,
            "height": 1,
            "chars": ["\uE153"]
        },
        {
            "type": "bitmap",
            "file": "minecraft:custom/time/4.png",
            "ascent": -8,
            "height": 1,
            "chars": ["\uE154"]
        },
        {
            "type": "bitmap",
            "file": "minecraft:custom/time/5.png",
            "ascent": -8,
            "height": 1,
            "chars": ["\uE155"]
        },
        {
            "type": "bitmap",
            "file": "minecraft:custom/time/6.png",
            "ascent": -8,
            "height": 1,
            "chars": ["\uE156"]
        },
        {
            "type": "bitmap",
            "file": "minecraft:custom/time/7.png",
            "ascent": -8,
            "height": 1,
            "chars": ["\uE157"]
        },
        {
            "type": "bitmap",
            "file": "minecraft:custom/time/8.png",
            "ascent": -8,
            "height": 1,
            "chars": ["\uE158"]
        },
        {
            "type": "bitmap",
            "file": "minecraft:custom/time/9.png",
            "ascent": -8,
            "height": 1,
            "chars": ["\uE159"]
        },
        {
            "type": "bitmap",
            "file": "minecraft:custom/time/10.png",
            "ascent": -8,
            "height": 1,
            "chars": ["\uE160"]
        },
        {
            "type": "bitmap",
            "file": "minecraft:custom/clock_wide.png",
            "ascent": 7,
            "height": 15,
            "chars": ["\uE161"]
        },
        {
            "type": "bitmap",
            "file": "minecraft:custom/red.png",
            "ascent": 16,
            "height": 16,
            "chars": ["\uE200"]
        },
        {
            "type": "bitmap",
            "file": "minecraft:custom/orange.png",
            "ascent": 16,
            "height": 16,
            "chars": ["\uE201"]
        },
        {
            "type": "bitmap",
            "file": "minecraft:custom/yellow.png",
            "ascent": 16,
            "height": 16,
            "chars": ["\uE202"]
        },
        {
            "type": "bitmap",
            "file": "minecraft:custom/lime.png",
            "ascent": 16,
            "height": 16,
            "chars": ["\uE203"]
        },
        {
            "type": "bitmap",
            "file": "minecraft:custom/green.png",
            "ascent": 16,
            "height": 16,
            "chars": ["\uE204"]
        },
        {
            "type": "bitmap",
            "file": "minecraft:custom/cyan.png",
            "ascent": 16,
            "height": 16,
            "chars": ["\uE205"]
        },
        {
            "type": "bitmap",
            "file": "minecraft:custom/aqua.png",
            "ascent": 16,
            "height": 16,
            "chars": ["\uE206"]
        },
        {
            "type": "bitmap",
            "file": "minecraft:custom/blue.png",
            "ascent": 16,
            "height": 16,
            "chars": ["\uE207"]
        },
        {
            "type": "bitmap",
            "file": "minecraft:custom/purple.png",
            "ascent": 16,
            "height": 16,
            "chars": ["\uE208"]
        },
        {
            "type": "bitmap",
            "file": "minecraft:custom/pink.png",
            "ascent": 16,
            "height": 16,
            "chars": ["\uE209"]
        },
        {
            "type": "bitmap",
            "file": "minecraft:custom/health_bar/black_border/0_0.png",
            "ascent": 7,
            "height": 7,
            "chars": ["\uE210"]
        },
        {
            "type": "bitmap",
            "file": "minecraft:custom/health_bar/black_border/0_5.png",
            "ascent": 7,
            "height": 7,
            "chars": ["\uE211"]
        },
        {
            "type": "bitmap",
            "file": "minecraft:custom/health_bar/black_border/1_0.png",
            "ascent": 7,
            "height": 7,
            "chars": ["\uE212"]
        },
        {
            "type": "bitmap",
            "file": "minecraft:custom/health_bar/black_border/1_5.png",
            "ascent": 7,
            "height": 7,
            "chars": ["\uE213"]
        },
        {
            "type": "bitmap",
            "file": "minecraft:custom/health_bar/black_border/2_0.png",
            "ascent": 7,
            "height": 7,
            "chars": ["\uE214"]
        },
        {
            "type": "bitmap",
            "file": "minecraft:custom/health_bar/black_border/end_number/0-0.png",
            "ascent": 7,
            "height": 7,
            "chars": ["\uE215"]
        },
        {
            "type": "bitmap",
            "file": "minecraft:custom/health_bar/black_border/end_number/0-5.png",
            "ascent": 7,
            "height": 7,
            "chars": ["\uE216"]
        },
        {
            "type": "bitmap",
            "file": "minecraft:custom/health_bar/black_border/end_number/1-0.png",
            "ascent": 7,
            "height": 7,
            "chars": ["\uE217"]
        },
        {
            "type": "bitmap",
            "file": "minecraft:custom/health_bar/black_border/end_number/1-5.png",
            "ascent": 7,
            "height": 7,
            "chars": ["\uE218"]
        },
        {
            "type": "bitmap",
            "file": "minecraft:custom/health_bar/black_border/end_number/2-0.png",
            "ascent": 7,
            "height": 7,
            "chars": ["\uE219"]
        },
        {
            "type": "bitmap",
            "file": "minecraft:custom/health_bar/black_border/end_number/2-5.png",
            "ascent": 7,
            "height": 7,
            "chars": ["\uE220"]
        },
        {
            "type": "bitmap",
            "file": "minecraft:custom/health_bar/black_border/end_number/3-0.png",
            "ascent": 7,
            "height": 7,
            "chars": ["\uE221"]
        },
        {
            "type": "bitmap",
            "file": "minecraft:custom/health_bar/black_border/end_number/3-5.png",
            "ascent": 7,
            "height": 7,
            "chars": ["\uE222"]
        },
        {
            "type": "bitmap",
            "file": "minecraft:custom/health_bar/black_border/end_number/4-0.png",
            "ascent": 7,
            "height": 7,
            "chars": ["\uE223"]
        },
        {
            "type": "bitmap",
            "file": "minecraft:custom/health_bar/black_border/end_number/4-5.png",
            "ascent": 7,
            "height": 7,
            "chars": ["\uE224"]
        },
        {
            "type": "bitmap",
            "file": "minecraft:custom/health_bar/black_border/end_number/5-0.png",
            "ascent": 7,
            "height": 7,
            "chars": ["\uE225"]
        },
        {
            "type": "bitmap",
            "file": "minecraft:custom/health_bar/black_border/end_number/5-5.png",
            "ascent": 7,
            "height": 7,
            "chars": ["\uE226"]
        },
        {
            "type": "bitmap",
            "file": "minecraft:custom/health_bar/black_border/end_number/6-0.png",
            "ascent": 7,
            "height": 7,
            "chars": ["\uE227"]
        },
        {
            "type": "bitmap",
            "file": "minecraft:custom/health_bar/black_border/end_number/6-5.png",
            "ascent": 7,
            "height": 7,
            "chars": ["\uE228"]
        },
        {
            "type": "bitmap",
            "file": "minecraft:custom/health_bar/black_border/end_number/7-0.png",
            "ascent": 7,
            "height": 7,
            "chars": ["\uE229"]
        },
        {
            "type": "bitmap",
            "file": "minecraft:custom/health_bar/black_border/end_number/7-5.png",
            "ascent": 7,
            "height": 7,
            "chars": ["\uE230"]
        },
        {
            "type": "bitmap",
            "file": "minecraft:custom/health_bar/black_border/end_number/8-0.png",
            "ascent": 7,
            "height": 7,
            "chars": ["\uE231"]
        },
        {
            "type": "bitmap",
            "file": "minecraft:custom/meltdown.png",
            "ascent": 150,
            "height": 250,
            "chars": ["\uE350"]
        },
        {
            "type": "bitmap",
            "file": "minecraft:custom/line_break.png",
            "ascent": 0,
            "height": 2,
            "chars": ["\uE900"]
        },
        {
            "type": "bitmap",
            "file": "minecraft:custom/line_break.png",
            "ascent": -21,
            "height": 2,
            "chars": ["\uE901"]
        },
        {
            "type": "bitmap",
            "file": "minecraft:custom/line_break.png",
            "ascent": -39,
            "height": 2,
            "chars": ["\uE902"]
        },
        {
            "type": "bitmap",
            "file": "minecraft:custom/line_break.png",
            "ascent": -57,
            "height": 2,
            "chars": ["\uE903"]
        },
        {
            "type": "bitmap",
            "file": "minecraft:custom/line_break.png",
            "ascent": -75,
            "height": 2,
            "chars": ["\uE904"]
        },
        {
            "type": "bitmap",
            "file": "minecraft:custom/line_break.png",
            "ascent": -93,
            "height": 2,
            "chars": ["\uE905"]
        },
        {
            "type": "bitmap",
            "file": "minecraft:custom/line_break.png",
            "ascent": -108,
            "height": 2,
            "chars": ["\uE906"]
        },
        {
            "type": "bitmap",
            "file": "minecraft:custom/line_break.png",
            "ascent": -126,
            "height": 2,
            "chars": ["\uE907"]
        },
        {
            "type": "bitmap",
            "file": "minecraft:custom/spectate/red.png",
            "ascent": -23,
            "height": 15,
            "chars": ["\uE908"]
        },
        {
            "type": "bitmap",
            "file": "minecraft:custom/spectate/red_empty.png",
            "ascent": -23,
            "height": 15,
            "chars": ["\uE909"]
        },
        {
            "type": "bitmap",
            "file": "minecraft:custom/spectate/orange.png",
            "ascent": -41,
            "height": 15,
            "chars": ["\uE910"]
        },
        {
            "type": "bitmap",
            "file": "minecraft:custom/spectate/orange_empty.png",
            "ascent": -41,
            "height": 15,
            "chars": ["\uE911"]
        },
        {
            "type": "bitmap",
            "file": "minecraft:custom/spectate/yellow.png",
            "ascent": -59,
            "height": 15,
            "chars": ["\uE912"]
        },
        {
            "type": "bitmap",
            "file": "minecraft:custom/spectate/yellow_empty.png",
            "ascent": -59,
            "height": 15,
            "chars": ["\uE913"]
        },
        {
            "type": "bitmap",
            "file": "minecraft:custom/spectate/lime.png",
            "ascent": -77,
            "height": 15,
            "chars": ["\uE914"]
        },
        {
            "type": "bitmap",
            "file": "minecraft:custom/spectate/lime_empty.png",
            "ascent": -77,
            "height": 15,
            "chars": ["\uE915"]
        },
        {
            "type": "bitmap",
            "file": "minecraft:custom/spectate/green.png",
            "ascent": -95,
            "height": 15,
            "chars": ["\uE916"]
        },
        {
            "type": "bitmap",
            "file": "minecraft:custom/spectate/green_empty.png",
            "ascent": -95,
            "height": 15,
            "chars": ["\uE917"]
        },
        {
            "type": "bitmap",
            "file": "minecraft:custom/spectate/cyan.png",
            "ascent": -23,
            "height": 15,
            "chars": ["\uE918"]
        },
        {
            "type": "bitmap",
            "file": "minecraft:custom/spectate/cyan_empty.png",
            "ascent": -23,
            "height": 15,
            "chars": ["\uE919"]
        },
        {
            "type": "bitmap",
            "file": "minecraft:custom/spectate/aqua.png",
            "ascent": -41,
            "height": 15,
            "chars": ["\uE920"]
        },
        {
            "type": "bitmap",
            "file": "minecraft:custom/spectate/aqua_empty.png",
            "ascent": -41,
            "height": 15,
            "chars": ["\uE921"]
        },
        {
            "type": "bitmap",
            "file": "minecraft:custom/spectate/blue.png",
            "ascent": -59,
            "height": 15,
            "chars": ["\uE922"]
        },
        {
            "type": "bitmap",
            "file": "minecraft:custom/spectate/blue_empty.png",
            "ascent": -59,
            "height": 15,
            "chars": ["\uE923"]
        },
        {
            "type": "bitmap",
            "file": "minecraft:custom/spectate/purple.png",
            "ascent": -77,
            "height": 15,
            "chars": ["\uE924"]
        },
        {
            "type": "bitmap",
            "file": "minecraft:custom/spectate/purple_empty.png",
            "ascent": -77,
            "height": 15,
            "chars": ["\uE925"]
        },
        {
            "type": "bitmap",
            "file": "minecraft:custom/spectate/pink.png",
            "ascent": -95,
            "height": 15,
            "chars": ["\uE926"]
        },
        {
            "type": "bitmap",
            "file": "minecraft:custom/spectate/pink_empty.png",
            "ascent": -95,
            "height": 15,
            "chars": ["\uE927"]
        },
        {
            "type": "bitmap",
            "file": "minecraft:custom/spectators.png",
            "ascent": 10,
            "height": 15,
            "chars": ["\uE928"]
        },
        {
            "type": "bitmap",
            "file": "minecraft:custom/accept.png",
            "ascent": 4,
            "height": 9,
            "chars": ["\uE996"]
        },
        {
            "type": "bitmap",
            "file": "minecraft:custom/clock_wide.png",
            "ascent": 6,
            "height": 15,
            "chars": ["\uE997"]
        },
        {
            "type": "bitmap",
            "file": "minecraft:custom/plus.png",
            "ascent": 9,
            "height": 9,
            "chars": ["\uE998"]
        },
        {
            "type": "bitmap",
            "file": "minecraft:custom/minus.png",
            "ascent": 9,
            "height": 9,
            "chars": ["\uE999"]
        },
        {
            "type": "ttf",
            "file": "minecraft:negative_spaces.ttf",
            "shift": [0.0, 0.0],
            "size": 10.0,
            "oversample": 1.0
        },
        {
            "type": "bitmap",
            "file": "space:font/space_split.png",
            "ascent": -32768,
            "height": -3,
            "chars": [
                "\uF801"
            ]
        },
        {
            "type": "bitmap",
            "file": "space:font/space_split.png",
            "ascent": -32768,
            "height": -4,
            "chars": [
                "\uF802"
            ]
        },
        {
            "type": "bitmap",
            "file": "space:font/space_split.png",
            "ascent": -32768,
            "height": -5,
            "chars": [
                "\uF803"
            ]
        },
        {
            "type": "bitmap",
            "file": "space:font/space_split.png",
            "ascent": -32768,
            "height": -6,
            "chars": [
                "\uF804"
            ]
        },
        {
            "type": "bitmap",
            "file": "space:font/space_split.png",
            "ascent": -32768,
            "height": -7,
            "chars": [
                "\uF805"
            ]
        },
        {
            "type": "bitmap",
            "file": "space:font/space_split.png",
            "ascent": -32768,
            "height": -8,
            "chars": [
                "\uF806"
            ]
        },
        {
            "type": "bitmap",
            "file": "space:font/space_split.png",
            "ascent": -32768,
            "height": -9,
            "chars": [
                "\uF807"
            ]
        },
        {
            "type": "bitmap",
            "file": "space:font/space_split.png",
            "ascent": -32768,
            "height": -10,
            "chars": [
                "\uF808"
            ]
        },
        {
            "type": "bitmap",
            "file": "space:font/space_split.png",
            "ascent": -32768,
            "height": -18,
            "chars": [
                "\uF809"
            ]
        },
        {
            "type": "bitmap",
            "file": "space:font/space_split.png",
            "ascent": -32768,
            "height": -34,
            "chars": [
                "\uF80A"
            ]
        },
        {
            "type": "bitmap",
            "file": "space:font/space_split.png",
            "ascent": -32768,
            "height": -66,
            "chars": [
                "\uF80B"
            ]
        },
        {
            "type": "bitmap",
            "file": "space:font/space_split.png",
            "ascent": -32768,
            "height": -130,
            "chars": [
                "\uF80C"
            ]
        },
        {
            "type": "bitmap",
            "file": "space:font/space_split.png",
            "ascent": -32768,
            "height": -258,
            "chars": [
                "\uF80D"
            ]
        },
        {
            "type": "bitmap",
            "file": "space:font/space_split.png",
            "ascent": -32768,
            "height": -514,
            "chars": [
                "\uF80E"
            ]
        },
        {
            "type": "bitmap",
            "file": "space:font/space_split.png",
            "ascent": -32768,
            "height": -1026,
            "chars": [
                "\uF80F"
            ]
        },
        {
            "type": "bitmap",
            "file": "space:font/space_split.png",
            "ascent": -65536,
            "height": -32770,
            "chars": [
                "\uF800"
            ]
        },
        {
            "type": "bitmap",
            "file": "space:font/space_split.png",
            "ascent": -32768,
            "height": 0,
            "chars": [
                "\uF821"
            ]
        },
        {
            "type": "bitmap",
            "file": "space:font/space_split.png",
            "ascent": -32768,
            "height": 1,
            "chars": [
                "\uF822"
            ]
        },
        {
            "type": "bitmap",
            "file": "space:font/space_split.png",
            "ascent": -32768,
            "height": 2,
            "chars": [
                "\uF823"
            ]
        },
        {
            "type": "bitmap",
            "file": "space:font/space_split.png",
            "ascent": -32768,
            "height": 3,
            "chars": [
                "\uF824"
            ]
        },
        {
            "type": "bitmap",
            "file": "space:font/space_split.png",
            "ascent": -32768,
            "height": 4,
            "chars": [
                "\uF825"
            ]
        },
        {
            "type": "bitmap",
            "file": "space:font/space_split.png",
            "ascent": -32768,
            "height": 5,
            "chars": [
                "\uF826"
            ]
        },
        {
            "type": "bitmap",
            "file": "space:font/space_split.png",
            "ascent": -32768,
            "height": 6,
            "chars": [
                "\uF827"
            ]
        },
        {
            "type": "bitmap",
            "file": "space:font/space_split.png",
            "ascent": -32768,
            "height": 7,
            "chars": [
                "\uF828"
            ]
        },
        {
            "type": "bitmap",
            "file": "space:font/space_split.png",
            "ascent": -32768,
            "height": 15,
            "chars": [
                "\uF829"
            ]
        },
        {
            "type": "bitmap",
            "file": "space:font/space_split.png",
            "ascent": -32768,
            "height": 31,
            "chars": [
                "\uF82A"
            ]
        },
        {
            "type": "bitmap",
            "file": "space:font/space_split.png",
            "ascent": -32768,
            "height": 63,
            "chars": [
                "\uF82B"
            ]
        },
        {
            "type": "bitmap",
            "file": "space:font/space_split.png",
            "ascent": -32768,
            "height": 127,
            "chars": [
                "\uF82C"
            ]
        },
        {
            "type": "bitmap",
            "file": "space:font/space_split.png",
            "ascent": -32768,
            "height": 255,
            "chars": [
                "\uF82D"
            ]
        },
        {
            "type": "bitmap",
            "file": "space:font/space_split.png",
            "ascent": -32768,
            "height": 511,
            "chars": [
                "\uF82E"
            ]
        },
        {
            "type": "bitmap",
            "file": "space:font/space_split.png",
            "ascent": -32768,
            "height": 1023,
            "chars": [
                "\uF82F"
            ]
        },
        {
            "type": "bitmap",
            "file": "space:font/space_split.png",
            "ascent": -65536,
            "height": 32767,
            "chars": [
                "\uF820"
            ]
        },
        {
            "type": "bitmap",
            "file": "space:font/space_nosplit.png",
            "ascent": -32768,
            "height": -3,
            "chars": [
                "\uF811"
            ]
        },
        {
            "type": "bitmap",
            "file": "space:font/space_nosplit.png",
            "ascent": -32768,
            "height": -4,
            "chars": [
                "\uF812"
            ]
        },
        {
            "type": "bitmap",
            "file": "space:font/space_nosplit.png",
            "ascent": -32768,
            "height": -5,
            "chars": [
                "\uF813"
            ]
        },
        {
            "type": "bitmap",
            "file": "space:font/space_nosplit.png",
            "ascent": -32768,
            "height": -6,
            "chars": [
                "\uF814"
            ]
        },
        {
            "type": "bitmap",
            "file": "space:font/space_nosplit.png",
            "ascent": -32768,
            "height": -7,
            "chars": [
                "\uF815"
            ]
        },
        {
            "type": "bitmap",
            "file": "space:font/space_nosplit.png",
            "ascent": -32768,
            "height": -8,
            "chars": [
                "\uF816"
            ]
        },
        {
            "type": "bitmap",
            "file": "space:font/space_nosplit.png",
            "ascent": -32768,
            "height": -9,
            "chars": [
                "\uF817"
            ]
        },
        {
            "type": "bitmap",
            "file": "space:font/space_nosplit.png",
            "ascent": -32768,
            "height": -10,
            "chars": [
                "\uF818"
            ]
        },
        {
            "type": "bitmap",
            "file": "space:font/space_nosplit.png",
            "ascent": -32768,
            "height": -18,
            "chars": [
                "\uF819"
            ]
        },
        {
            "type": "bitmap",
            "file": "space:font/space_nosplit.png",
            "ascent": -32768,
            "height": -34,
            "chars": [
                "\uF81A"
            ]
        },
        {
            "type": "bitmap",
            "file": "space:font/space_nosplit.png",
            "ascent": -32768,
            "height": -66,
            "chars": [
                "\uF81B"
            ]
        },
        {
            "type": "bitmap",
            "file": "space:font/space_nosplit.png",
            "ascent": -32768,
            "height": -130,
            "chars": [
                "\uF81C"
            ]
        },
        {
            "type": "bitmap",
            "file": "space:font/space_nosplit.png",
            "ascent": -32768,
            "height": -258,
            "chars": [
                "\uF81D"
            ]
        },
        {
            "type": "bitmap",
            "file": "space:font/space_nosplit.png",
            "ascent": -32768,
            "height": -514,
            "chars": [
                "\uF81E"
            ]
        },
        {
            "type": "bitmap",
            "file": "space:font/space_nosplit.png",
            "ascent": -32768,
            "height": -1026,
            "chars": [
                "\uF81F"
            ]
        },
        {
            "type": "bitmap",
            "file": "space:font/space_nosplit.png",
            "ascent": -65536,
            "height": -32770,
            "chars": [
                "\uF810"
            ]
        },
        {
            "type": "bitmap",
            "file": "space:font/space_nosplit.png",
            "ascent": -32768,
            "height": 0,
            "chars": [
                "\uF831"
            ]
        },
        {
            "type": "bitmap",
            "file": "space:font/space_nosplit.png",
            "ascent": -32768,
            "height": 1,
            "chars": [
                "\uF832"
            ]
        },
        {
            "type": "bitmap",
            "file": "space:font/space_nosplit.png",
            "ascent": -32768,
            "height": 2,
            "chars": [
                "\uF833"
            ]
        },
        {
            "type": "bitmap",
            "file": "space:font/space_nosplit.png",
            "ascent": -32768,
            "height": 3,
            "chars": [
                "\uF834"
            ]
        },
        {
            "type": "bitmap",
            "file": "space:font/space_nosplit.png",
            "ascent": -32768,
            "height": 4,
            "chars": [
                "\uF835"
            ]
        },
        {
            "type": "bitmap",
            "file": "space:font/space_nosplit.png",
            "ascent": -32768,
            "height": 5,
            "chars": [
                "\uF836"
            ]
        },
        {
            "type": "bitmap",
            "file": "space:font/space_nosplit.png",
            "ascent": -32768,
            "height": 6,
            "chars": [
                "\uF837"
            ]
        },
        {
            "type": "bitmap",
            "file": "space:font/space_nosplit.png",
            "ascent": -32768,
            "height": 7,
            "chars": [
                "\uF838"
            ]
        },
        {
            "type": "bitmap",
            "file": "space:font/space_nosplit.png",
            "ascent": -32768,
            "height": 15,
            "chars": [
                "\uF839"
            ]
        },
        {
            "type": "bitmap",
            "file": "space:font/space_nosplit.png",
            "ascent": -32768,
            "height": 31,
            "chars": [
                "\uF83A"
            ]
        },
        {
            "type": "bitmap",
            "file": "space:font/space_nosplit.png",
            "ascent": -32768,
            "height": 63,
            "chars": [
                "\uF83B"
            ]
        },
        {
            "type": "bitmap",
            "file": "space:font/space_nosplit.png",
            "ascent": -32768,
            "height": 127,
            "chars": [
                "\uF83C"
            ]
        },
        {
            "type": "bitmap",
            "file": "space:font/space_nosplit.png",
            "ascent": -32768,
            "height": 255,
            "chars": [
                "\uF83D"
            ]
        },
        {
            "type": "bitmap",
            "file": "space:font/space_nosplit.png",
            "ascent": -32768,
            "height": 511,
            "chars": [
                "\uF83E"
            ]
        },
        {
            "type": "bitmap",
            "file": "space:font/space_nosplit.png",
            "ascent": -32768,
            "height": 1023,
            "chars": [
                "\uF83F"
            ]
        },
        {
            "type": "bitmap",
            "file": "space:font/space_nosplit.png",
            "ascent": -65536,
            "height": 32767,
            "chars": [
                "\uF830"
            ]
        }

    ]
}
