{"textures":{"0":"block/pumpkins","particle":"block/pumpkins"},"elements":[{"from":[0.0,0.0,0.0],"to":[16.0,16.0,16.0],"faces":{"north":{"uv":[12.0,11.0,16.0,15.0],"texture":"#0"},"east":{"uv":[12.0,11.0,16.0,15.0],"texture":"#0"},"south":{"uv":[12.0,11.0,16.0,15.0],"texture":"#0"},"west":{"uv":[12.0,11.0,16.0,15.0],"texture":"#0"},"up":{"uv":[8.0,4.0,4.0,0.0],"texture":"#0"},"down":{"uv":[12.0,0.0,8.0,4.0],"texture":"#0"}}},{"from":[6.5,14.0,6.5],"to":[9.5,21.0,9.5],"rotation":{"angle":0.0,"axis":"z","origin":[9.44311,16.80968,8.0]},"faces":{"north":{"uv":[0.75,0.75,1.5,2.5],"texture":"#0"},"east":{"uv":[0.0,0.75,0.75,2.5],"texture":"#0"},"south":{"uv":[2.25,0.75,3.0,2.5],"texture":"#0"},"west":{"uv":[1.5,0.75,2.25,2.5],"texture":"#0"},"up":{"uv":[1.5,0.75,0.75,0.0],"texture":"#0"},"down":{"uv":[2.25,0.0,1.5,0.75],"texture":"#0"}}}],"display":{"thirdperson_righthand":{"translation":[0.0,1.0,-1.0],"rotation":[63.0,34.0,0.0],"scale":[0.37891,0.37891,0.37891]},"thirdperson_lefthand":{"translation":[0.0,1.0,-1.0],"rotation":[63.0,34.0,0.0],"scale":[0.37891,0.37891,0.37891]},"firstperson_righthand":{"translation":[9.5,0.0,-5.75],"rotation":[3.0,112.0,-13.0],"scale":[0.35547,0.35547,0.35547]},"firstperson_lefthand":{"translation":[9.5,0.0,-5.75],"rotation":[3.0,112.0,-13.0],"scale":[0.35547,0.35547,0.35547]},"ground":{"translation":[0.0,4.25,0.0],"scale":[0.44531,0.44531,0.44531]},"gui":{"translation":[0.0,0.75,0.0],"rotation":[30.0,-158.0,0.0],"scale":[0.56992,0.56992,0.56992]},"head":{"translation":[0.0,2.75,0.0],"scale":[1.26602,1.26602,1.26602]},"fixed":{"translation":[0.0,0.0,-12.75],"rotation":[-90.0,0.0,0.0],"scale":[1.47656,1.47656,1.47656]}},"gui_light":"front"}