{"textures":{"0":"block/oak_leaves_model","particle":"block/oak_leaves_model"},"elements":[{"from":[0.0,15.75,0.0],"to":[16.0,15.75,16.0],"faces":{"up":{"uv":[12.0,8.0,16.0,12.0],"texture":"#0"},"down":{"uv":[12.0,8.0,16.0,12.0],"texture":"#0"}}},{"from":[-2.0,-0.25,8.0],"to":[18.0,15.75,8.0],"rotation":{"angle":45.0,"axis":"y","origin":[8.0,7.75,8.0]},"faces":{"north":{"uv":[12.0,12.0,16.0,16.0],"texture":"#0"},"south":{"uv":[12.0,12.0,16.0,16.0],"texture":"#0"}}},{"from":[8.0,-0.25,-2.0],"to":[8.0,15.75,18.0],"rotation":{"angle":45.0,"axis":"y","origin":[8.0,7.75,8.0]},"faces":{"east":{"uv":[12.0,12.0,16.0,16.0],"texture":"#0"},"west":{"uv":[12.0,12.0,16.0,16.0],"texture":"#0"}}}]}