{"textures":{"0":"block/model/misc_3","1":"block/model/streetlamp","particle":"block/model/misc_3"},"elements":[{"from":[2.0,-9.0,2.0],"to":[14.0,-1.0,14.0],"rotation":{"angle":0.0,"axis":"y","origin":[0.0,-15.0,0.0]},"faces":{"north":{"uv":[2.0,0.0,14.0,8.0],"texture":"#1"},"east":{"uv":[2.0,0.0,14.0,8.0],"texture":"#1"},"south":{"uv":[2.0,0.0,14.0,8.0],"texture":"#1"},"west":{"uv":[2.0,0.0,14.0,8.0],"texture":"#1"},"up":{"uv":[0.0,5.5,1.5,7.0],"texture":"#1"},"down":{"uv":[2.75,4.25,4.25,5.75],"texture":"#0"}}},{"from":[13.0,-9.0,3.0],"to":[14.0,-9.0,13.0],"rotation":{"angle":0.0,"axis":"y","origin":[0.0,-15.0,0.0]},"faces":{"north":{"uv":[2.0,0.0,14.0,8.0],"texture":"#1"},"east":{"uv":[2.0,0.0,14.0,8.0],"texture":"#1"},"south":{"uv":[2.0,0.0,14.0,8.0],"texture":"#1"},"west":{"uv":[2.0,0.0,14.0,8.0],"texture":"#1"},"up":{"uv":[3.0,7.0,13.0,8.0],"texture":"#1","rotation":90},"down":{"uv":[3.0,7.0,13.0,8.0],"texture":"#1","rotation":90}}},{"from":[3.0,-9.0,2.0],"to":[13.0,-9.0,3.0],"rotation":{"angle":0.0,"axis":"y","origin":[13.5,-9.0,8.0]},"faces":{"north":{"uv":[2.0,0.0,14.0,8.0],"texture":"#1"},"east":{"uv":[2.0,0.0,14.0,8.0],"texture":"#1"},"south":{"uv":[2.0,0.0,14.0,8.0],"texture":"#1"},"west":{"uv":[2.0,0.0,14.0,8.0],"texture":"#1"},"up":{"uv":[3.0,7.0,13.0,8.0],"texture":"#1"},"down":{"uv":[3.0,7.0,13.0,8.0],"texture":"#1","rotation":180}}},{"from":[3.0,-9.0,13.0],"to":[13.0,-9.0,14.0],"rotation":{"angle":0.0,"axis":"y","origin":[10.75,-9.0,5.25]},"faces":{"north":{"uv":[2.0,0.0,14.0,8.0],"texture":"#1"},"east":{"uv":[2.0,0.0,14.0,8.0],"texture":"#1"},"south":{"uv":[2.0,0.0,14.0,8.0],"texture":"#1"},"west":{"uv":[2.0,0.0,14.0,8.0],"texture":"#1"},"up":{"uv":[3.0,7.0,13.0,8.0],"texture":"#1","rotation":180},"down":{"uv":[3.0,7.0,13.0,8.0],"texture":"#1"}}},{"from":[2.0,-9.0,3.0],"to":[3.0,-9.0,13.0],"rotation":{"angle":0.0,"axis":"y","origin":[10.75,-9.0,5.25]},"faces":{"north":{"uv":[2.0,0.0,14.0,8.0],"texture":"#1"},"east":{"uv":[2.0,0.0,14.0,8.0],"texture":"#1"},"south":{"uv":[2.0,0.0,14.0,8.0],"texture":"#1"},"west":{"uv":[2.0,0.0,14.0,8.0],"texture":"#1"},"up":{"uv":[3.0,7.0,13.0,8.0],"texture":"#1","rotation":270},"down":{"uv":[3.0,7.0,13.0,8.0],"texture":"#1","rotation":270}}},{"from":[16.8487,-3.4998,-1.0],"to":[16.8487,-1.4998,17.0],"rotation":{"angle":0.0,"axis":"y","origin":[-0.1513,-15.4998,0.0]},"faces":{"north":{"uv":[0.625,2.625,0.875,2.875],"texture":"#0"},"east":{"uv":[0.0,5.25,2.25,5.5],"texture":"#0"},"south":{"uv":[0.625,2.625,0.875,2.875],"texture":"#0"},"west":{"uv":[0.0,5.25,2.25,5.5],"texture":"#0"},"up":{"uv":[0.625,2.625,0.875,2.875],"texture":"#0"},"down":{"uv":[0.625,2.625,0.875,2.875],"texture":"#0"}}},{"from":[-0.8497,-3.4998,-1.0],"to":[-0.8497,-1.4998,17.0],"rotation":{"angle":0.0,"axis":"y","origin":[0.1503,-15.4998,0.0]},"faces":{"north":{"uv":[0.625,2.625,0.875,2.875],"texture":"#0"},"east":{"uv":[0.0,5.25,2.25,5.5],"texture":"#0"},"south":{"uv":[0.625,2.625,0.875,2.875],"texture":"#0"},"west":{"uv":[0.0,5.25,2.25,5.5],"texture":"#0"},"up":{"uv":[0.625,2.625,0.875,2.875],"texture":"#0"},"down":{"uv":[0.625,2.625,0.875,2.875],"texture":"#0"}}},{"from":[-1.0005,-3.4998,16.8492],"to":[16.9995,-1.4998,16.8492],"rotation":{"angle":0.0,"axis":"y","origin":[7.9995,-2.4998,8.0]},"faces":{"north":{"uv":[0.0,5.25,2.25,5.5],"texture":"#0"},"east":{"uv":[0.625,2.625,0.875,2.875],"texture":"#0"},"south":{"uv":[0.0,5.25,2.25,5.5],"texture":"#0"},"west":{"uv":[0.625,2.625,0.875,2.875],"texture":"#0"},"up":{"uv":[0.625,2.625,0.875,2.875],"texture":"#0"},"down":{"uv":[0.625,2.625,0.875,2.875],"texture":"#0"}}},{"from":[-1.0005,-3.4998,-0.8492],"to":[16.9995,-1.4998,-0.8492],"rotation":{"angle":0.0,"axis":"y","origin":[7.9995,-2.4998,8.0]},"faces":{"north":{"uv":[0.0,5.25,2.25,5.5],"texture":"#0"},"east":{"uv":[0.625,2.625,0.875,2.875],"texture":"#0"},"south":{"uv":[0.0,5.25,2.25,5.5],"texture":"#0"},"west":{"uv":[0.625,2.625,0.875,2.875],"texture":"#0"},"up":{"uv":[0.625,2.625,0.875,2.875],"texture":"#0"},"down":{"uv":[0.625,2.625,0.875,2.875],"texture":"#0"}}},{"from":[7.0,-1.0,7.0],"to":[9.0,7.0,9.0],"rotation":{"angle":0.0,"axis":"y","origin":[0.0,-15.0,0.0]},"faces":{"north":{"uv":[5.5,4.125,5.75,5.125],"texture":"#0"},"east":{"uv":[5.5,4.125,5.75,5.125],"texture":"#0"},"south":{"uv":[5.5,4.125,5.75,5.125],"texture":"#0"},"west":{"uv":[5.5,4.125,5.75,5.125],"texture":"#0"},"up":{"uv":[5.75,4.125,6.0,4.375],"texture":"#0"},"down":{"uv":[5.75,4.375,6.0,4.625],"texture":"#0"}}},{"from":[6.75,2.0,-1.0],"to":[16.75,2.0,17.0],"rotation":{"angle":-22.5,"axis":"z","origin":[8.0,0.0,8.0]},"faces":{"north":{"uv":[0.25,2.0,0.375,2.125],"texture":"#0","rotation":270},"east":{"uv":[0.25,2.0,0.375,2.125],"texture":"#0","rotation":270},"south":{"uv":[0.25,2.0,0.375,2.125],"texture":"#0","rotation":270},"west":{"uv":[0.25,2.0,0.375,2.125],"texture":"#0","rotation":270},"up":{"uv":[4.25,4.125,5.5,6.375],"texture":"#0","rotation":180},"down":{"uv":[4.25,4.125,5.5,6.375],"texture":"#0","rotation":180}}},{"from":[-0.75,2.0,-1.0],"to":[9.25,2.0,17.0],"rotation":{"angle":22.5,"axis":"z","origin":[8.0,0.0,8.0]},"faces":{"north":{"uv":[0.25,2.0,0.375,2.125],"texture":"#0","rotation":270},"east":{"uv":[0.25,2.0,0.375,2.125],"texture":"#0","rotation":270},"south":{"uv":[0.25,2.0,0.375,2.125],"texture":"#0","rotation":270},"west":{"uv":[0.25,2.0,0.375,2.125],"texture":"#0","rotation":270},"up":{"uv":[4.25,4.125,5.5,6.375],"texture":"#0"},"down":{"uv":[4.25,4.125,5.5,6.375],"texture":"#0"}}},{"from":[7.0,4.0,4.0],"to":[12.0,4.0,12.0],"rotation":{"angle":-22.5,"axis":"z","origin":[8.0,2.0,9.0]},"faces":{"north":{"uv":[0.75,2.75,0.875,2.875],"texture":"#0","rotation":270},"east":{"uv":[0.75,2.75,0.875,2.875],"texture":"#0","rotation":270},"south":{"uv":[0.75,2.75,0.875,2.875],"texture":"#0","rotation":270},"west":{"uv":[0.75,2.75,0.875,2.875],"texture":"#0","rotation":270},"up":{"uv":[2.75,6.5,3.75,5.875],"texture":"#0","rotation":90},"down":{"uv":[2.75,6.5,3.75,5.875],"texture":"#0","rotation":90}}},{"from":[4.0,4.0,4.0],"to":[9.0,4.0,12.0],"rotation":{"angle":22.5,"axis":"z","origin":[8.0,2.0,9.0]},"faces":{"north":{"uv":[0.75,2.75,0.875,2.875],"texture":"#0","rotation":270},"east":{"uv":[0.75,2.75,0.875,2.875],"texture":"#0","rotation":270},"south":{"uv":[0.75,2.75,0.875,2.875],"texture":"#0","rotation":270},"west":{"uv":[0.75,2.75,0.875,2.875],"texture":"#0","rotation":270},"up":{"uv":[2.75,6.5,3.75,5.875],"texture":"#0","rotation":270},"down":{"uv":[2.75,6.5,3.75,5.875],"texture":"#0","rotation":270}}},{"from":[4.0,4.0,7.0],"to":[12.0,4.0,12.0],"rotation":{"angle":22.5,"axis":"x","origin":[7.0,2.0,8.0]},"faces":{"north":{"uv":[0.75,2.75,0.875,2.875],"texture":"#0","rotation":270},"east":{"uv":[0.75,2.75,0.875,2.875],"texture":"#0","rotation":270},"south":{"uv":[0.75,2.75,0.875,2.875],"texture":"#0","rotation":270},"west":{"uv":[0.75,2.75,0.875,2.875],"texture":"#0","rotation":270},"up":{"uv":[3.75,5.875,2.75,6.5],"texture":"#0"},"down":{"uv":[3.75,5.875,2.75,6.5],"texture":"#0","rotation":180}}},{"from":[4.0,4.0,4.0],"to":[12.0,4.0,9.0],"rotation":{"angle":-22.5,"axis":"x","origin":[7.0,2.0,8.0]},"faces":{"north":{"uv":[0.75,2.75,0.875,2.875],"texture":"#0","rotation":270},"east":{"uv":[0.75,2.75,0.875,2.875],"texture":"#0","rotation":270},"south":{"uv":[0.75,2.75,0.875,2.875],"texture":"#0","rotation":270},"west":{"uv":[0.75,2.75,0.875,2.875],"texture":"#0","rotation":270},"up":{"uv":[3.75,5.875,2.75,6.5],"texture":"#0","rotation":180},"down":{"uv":[3.75,5.875,2.75,6.5],"texture":"#0"}}},{"from":[-1.0,2.0,6.75],"to":[17.0,2.0,16.75],"rotation":{"angle":22.5,"axis":"x","origin":[8.0,0.0,8.0]},"faces":{"north":{"uv":[0.25,2.0,0.375,2.125],"texture":"#0","rotation":270},"east":{"uv":[0.25,2.0,0.375,2.125],"texture":"#0","rotation":270},"south":{"uv":[0.25,2.0,0.375,2.125],"texture":"#0","rotation":270},"west":{"uv":[0.25,2.0,0.375,2.125],"texture":"#0","rotation":270},"up":{"uv":[4.25,4.125,5.5,6.375],"texture":"#0","rotation":270},"down":{"uv":[4.25,4.125,5.5,6.375],"texture":"#0","rotation":90}}},{"from":[-1.0,2.0,-0.75],"to":[17.0,2.0,9.25],"rotation":{"angle":-22.5,"axis":"x","origin":[8.0,0.0,8.0]},"faces":{"north":{"uv":[0.25,2.0,0.375,2.125],"texture":"#0","rotation":270},"east":{"uv":[0.25,2.0,0.375,2.125],"texture":"#0","rotation":270},"south":{"uv":[0.25,2.0,0.375,2.125],"texture":"#0","rotation":270},"west":{"uv":[0.25,2.0,0.375,2.125],"texture":"#0","rotation":270},"up":{"uv":[4.25,4.125,5.5,6.375],"texture":"#0","rotation":90},"down":{"uv":[4.25,4.125,5.5,6.375],"texture":"#0","rotation":270}}},{"from":[3.0,-15.0,3.0],"to":[13.0,-9.0,13.0],"rotation":{"angle":0.0,"axis":"y","origin":[0.0,-15.0,0.0]},"faces":{"north":{"uv":[3.0,8.0,13.0,14.0],"texture":"#1"},"east":{"uv":[3.0,8.0,13.0,14.0],"texture":"#1"},"south":{"uv":[3.0,8.0,13.0,14.0],"texture":"#1"},"west":{"uv":[3.0,8.0,13.0,14.0],"texture":"#1"},"up":{"uv":[3.0,8.0,4.0,9.0],"texture":"#1"},"down":{"uv":[1.5,5.5,2.75,6.75],"texture":"#1"}}},{"from":[2.5,-16.0,2.5],"to":[13.5,-13.0,13.5],"rotation":{"angle":0.0,"axis":"y","origin":[-0.5,-15.0,0.5]},"faces":{"north":{"uv":[0.0,7.125,1.5,7.5],"texture":"#0"},"east":{"uv":[0.0,7.125,1.5,7.5],"texture":"#0"},"south":{"uv":[0.0,7.125,1.5,7.5],"texture":"#0"},"west":{"uv":[0.0,7.125,1.5,7.5],"texture":"#0"},"up":{"uv":[3.0,8.0,4.0,9.0],"texture":"#0"},"down":{"uv":[1.5,5.5,2.75,6.75],"texture":"#0"}}},{"from":[8.0,-16.0,-3.0],"to":[8.0,-1.0,19.0],"rotation":{"angle":-45.0,"axis":"y","origin":[8.0,-5.0,8.0]},"faces":{"north":{"uv":[2.0,0.0,14.0,8.0],"texture":"#0"},"east":{"uv":[9.75,8.0,7.0,9.875],"texture":"#0"},"south":{"uv":[2.0,0.0,14.0,8.0],"texture":"#0"},"west":{"uv":[7.0,8.0,9.75,9.875],"texture":"#0"},"up":{"uv":[0.0,5.5,1.5,7.0],"texture":"#0","rotation":270},"down":{"uv":[2.75,4.25,4.25,5.75],"texture":"#0","rotation":90}}},{"from":[-3.0,-16.0,8.0],"to":[19.0,-1.0,8.0],"rotation":{"angle":-45.0,"axis":"y","origin":[8.0,-8.5,8.0]},"faces":{"north":{"uv":[9.75,8.0,7.0,9.875],"texture":"#0"},"east":{"uv":[2.0,0.0,14.0,8.0],"texture":"#0"},"south":{"uv":[7.0,8.0,9.75,9.875],"texture":"#0"},"west":{"uv":[2.0,0.0,14.0,8.0],"texture":"#0"},"up":{"uv":[0.0,5.5,1.5,7.0],"texture":"#0","rotation":180},"down":{"uv":[2.75,4.25,4.25,5.75],"texture":"#0","rotation":180}}}],"display":{"thirdperson_righthand":{"translation":[0.0,1.0,-1.0],"rotation":[63.0,34.0,0.0],"scale":[0.52539,0.52539,0.52539]},"thirdperson_lefthand":{"translation":[0.0,1.0,-1.0],"rotation":[63.0,34.0,0.0],"scale":[0.52539,0.52539,0.52539]},"firstperson_righthand":{"translation":[9.5,0.0,-5.75],"rotation":[3.0,112.0,-13.0],"scale":[0.41992,0.41992,0.41992]},"firstperson_lefthand":{"translation":[9.5,0.0,-5.75],"rotation":[3.0,112.0,-13.0],"scale":[0.41992,0.41992,0.41992]},"ground":{"translation":[0.0,4.25,0.0],"scale":[0.43945,0.43945,0.43945]},"gui":{"translation":[0.0,-0.5,0.0],"rotation":[30.0,225.0,0.0],"scale":[0.55273,0.55273,0.55273]},"head":{"translation":[0.0,-30.5,0.0],"scale":[1.6,1.6,1.6]}}}