{"textures":{"0":"block/model/props_outdoor_2","particle":"block/model/props_outdoor_2"},"parent":"block/block","elements":[{"from":[2.0,-16.0,2.0],"to":[13.0,-11.0,14.0],"faces":{"north":{"uv":[0.0,0.0,1.375,0.625],"texture":"#0"},"east":{"uv":[2.625,3.0,1.125,3.625],"texture":"#0"},"south":{"uv":[0.0,3.625,1.375,4.25],"texture":"#0"},"west":{"uv":[1.125,3.0,2.625,3.625],"texture":"#0"},"up":{"uv":[1.125,0.625,2.5,2.125],"texture":"#0"},"down":{"uv":[2.5,0.0,3.875,1.5],"texture":"#0"}}},{"from":[4.0,-11.0,3.0],"to":[13.0,-4.0,12.0],"faces":{"north":{"uv":[0.0,0.625,1.125,1.5],"texture":"#0"},"east":{"uv":[0.0,2.625,1.125,3.5],"texture":"#0"},"south":{"uv":[1.125,2.125,2.25,3.0],"texture":"#0"},"west":{"uv":[1.375,0.75,2.5,1.625],"texture":"#0"},"up":{"uv":[0.0,1.5,1.125,2.625],"texture":"#0"}}},{"from":[5.0,-4.0,7.25],"to":[12.0,0.0,7.25],"faces":{"north":{"uv":[1.375,0.0,2.25,0.5],"texture":"#0"},"south":{"uv":[1.375,0.0,2.25,0.5],"texture":"#0"}}},{"from":[9.0,-4.0,3.25],"to":[9.0,0.0,10.25],"rotation":{"angle":0.0,"axis":"y","origin":[8.5,14.0,7.25]},"faces":{"east":{"uv":[1.375,0.0,2.25,0.5],"texture":"#0"},"west":{"uv":[1.375,0.0,2.25,0.5],"texture":"#0"}}}],"display":{"thirdperson_righthand":{"translation":[0.0,1.0,-1.0],"rotation":[63.0,34.0,0.0],"scale":[0.37891,0.37891,0.37891]},"thirdperson_lefthand":{"translation":[0.0,1.0,-1.0],"rotation":[63.0,34.0,0.0],"scale":[0.37891,0.37891,0.37891]},"firstperson_righthand":{"translation":[9.5,0.0,-5.75],"rotation":[3.0,112.0,-13.0],"scale":[0.35547,0.35547,0.35547]},"firstperson_lefthand":{"translation":[9.5,0.0,-5.75],"rotation":[3.0,112.0,-13.0],"scale":[0.35547,0.35547,0.35547]},"ground":{"translation":[0.0,4.25,0.0],"scale":[0.28906,0.28906,0.28906]},"gui":{"translation":[-0.25,1.25,0.0],"rotation":[-155.47,-35.06,-179.51],"scale":[0.79258,0.79258,0.79258]},"head":{"translation":[0.0,-30.5,0.0],"scale":[1.6,1.6,1.6]},"fixed":{"translation":[0.0,-3.25,-7.5]}}}