{
	"credit": "Made with Blockbench",
	"texture_size": [48, 48],
	"textures": {
		"1": "Bouncepad",
		"particle": "Bouncepad"
	},
	"elements": [
		{
			"name": "Bouncepad_0",
			"from": [-16, 0, -16],
			"to": [32, 0.33333, 32],
			"faces": {
				"north": {"uv": [16, 0, 0, 0.33333], "texture": "#1"},
				"east": {"uv": [15.66667, 0, 16, 16], "rotation": 90, "texture": "#1"},
				"south": {"uv": [0, 15.66667, 16, 16], "texture": "#1"},
				"west": {"uv": [0, 0, 0.33333, 16], "rotation": 270, "texture": "#1"},
				"up": {"uv": [0, 0, 16, 16], "texture": "#1"},
				"down": {"uv": [0, 16, 16, 0], "texture": "#1"}
			}
		}
	],
	"display": {},
	"groups": [
		{
			"name": "Bouncepad",
			"origin": [8, 8, 8],
			"color": 0,
			"children": [0]
		}
	]
}