{
	"credit": "Made with Blockbench",
	"parent": "block/carpet",
	"textures": {
		"wool": "block/orangebouncepad"
	},
	"elements": [
		{
			"from": [-16, 0, -16],
			"to": [32, 1, 32],
			"faces": {
				"north": {"uv": [0, 0, 16, 0.66667], "texture": "#wool"},
				"east": {"uv": [0, 0, 16, 0.66667], "texture": "#wool"},
				"south": {"uv": [0, 0, 16, 0.66667], "texture": "#wool"},
				"west": {"uv": [0, 0, 16, 0.66667], "texture": "#wool"},
				"up": {"uv": [0, 0, 16, 16], "texture": "#wool"},
				"down": {"uv": [0, 0, 16, 16], "texture": "#wool"}
			}
		}
	]
}