{
	"credit": "Made with Blockbench",
	"texture_size": [64, 64],
	"textures": {
		"0": "block/coincrate",
		"particle": "block/coincrate"
	},
	"elements": [
		{
			"from": [0, 0, 13],
			"to": [3, 16, 16],
			"faces": {
				"north": {"uv": [5.75, 7, 6.5, 11], "texture": "#0"},
				"east": {"uv": [6.5, 7.5, 7.25, 11.5], "texture": "#0"},
				"south": {"uv": [7.25, 7.5, 8, 11.5], "texture": "#0"},
				"west": {"uv": [7.75, 3.5, 8.5, 7.5], "texture": "#0"},
				"up": {"uv": [13.75, 2.25, 13, 1.5], "texture": "#0"},
				"down": {"uv": [13.75, 2.25, 13, 3], "texture": "#0"}
			}
		},
		{
			"from": [13, 0, 0],
			"to": [16, 16, 3],
			"faces": {
				"north": {"uv": [3.5, 7, 4.25, 11], "texture": "#0"},
				"east": {"uv": [7, 3.5, 7.75, 7.5], "texture": "#0"},
				"south": {"uv": [4.25, 7, 5, 11], "texture": "#0"},
				"west": {"uv": [5, 7, 5.75, 11], "texture": "#0"},
				"up": {"uv": [11.25, 13.25, 10.5, 12.5], "texture": "#0"},
				"down": {"uv": [13.75, 0.75, 13, 1.5], "texture": "#0"}
			}
		},
		{
			"from": [13, 0, 13],
			"to": [16, 16, 16],
			"faces": {
				"north": {"uv": [8, 7.5, 8.75, 11.5], "texture": "#0"},
				"east": {"uv": [8.5, 3.5, 9.25, 7.5], "texture": "#0"},
				"south": {"uv": [8.75, 7.5, 9.5, 11.5], "texture": "#0"},
				"west": {"uv": [9.25, 3.5, 10, 7.5], "texture": "#0"},
				"up": {"uv": [7.25, 13.75, 6.5, 13], "texture": "#0"},
				"down": {"uv": [8, 13, 7.25, 13.75], "texture": "#0"}
			}
		},
		{
			"from": [0, 0, 0],
			"to": [3, 16, 3],
			"faces": {
				"north": {"uv": [9.5, 7.5, 10.25, 11.5], "texture": "#0"},
				"east": {"uv": [10, 3.5, 10.75, 7.5], "texture": "#0"},
				"south": {"uv": [10.25, 7.5, 11, 11.5], "texture": "#0"},
				"west": {"uv": [0, 10.5, 0.75, 14.5], "texture": "#0"},
				"up": {"uv": [8.75, 13.75, 8, 13], "texture": "#0"},
				"down": {"uv": [12, 13, 11.25, 13.75], "texture": "#0"}
			}
		},
		{
			"from": [3, 0, 0],
			"to": [13, 3, 3],
			"faces": {
				"north": {"uv": [10.5, 0, 13, 0.75], "texture": "#0"},
				"east": {"uv": [12, 13, 12.75, 13.75], "texture": "#0"},
				"south": {"uv": [0.75, 10.5, 3.25, 11.25], "texture": "#0"},
				"west": {"uv": [12.75, 13, 13.5, 13.75], "texture": "#0"},
				"up": {"uv": [13, 1.5, 10.5, 0.75], "texture": "#0"},
				"down": {"uv": [13, 1.5, 10.5, 2.25], "texture": "#0"}
			}
		},
		{
			"from": [0, 0, 3],
			"to": [3, 3, 13],
			"faces": {
				"north": {"uv": [13.25, 3, 14, 3.75], "texture": "#0"},
				"east": {"uv": [10.5, 2.25, 13, 3], "texture": "#0"},
				"south": {"uv": [4, 13.25, 4.75, 14], "texture": "#0"},
				"west": {"uv": [10.75, 3, 13.25, 3.75], "texture": "#0"},
				"up": {"uv": [11.5, 6.25, 10.75, 3.75], "texture": "#0"},
				"down": {"uv": [4, 11, 3.25, 13.5], "texture": "#0"}
			}
		},
		{
			"from": [3, 0, 13],
			"to": [13, 3, 16],
			"faces": {
				"north": {"uv": [10.75, 6.25, 13.25, 7], "texture": "#0"},
				"east": {"uv": [4.75, 13.25, 5.5, 14], "texture": "#0"},
				"south": {"uv": [4, 11, 6.5, 11.75], "texture": "#0"},
				"west": {"uv": [5.5, 13.25, 6.25, 14], "texture": "#0"},
				"up": {"uv": [13.5, 7.75, 11, 7], "texture": "#0"},
				"down": {"uv": [13.5, 7.75, 11, 8.5], "texture": "#0"}
			}
		},
		{
			"from": [13, 0, 3],
			"to": [16, 3, 13],
			"faces": {
				"north": {"uv": [13.25, 6, 14, 6.75], "texture": "#0"},
				"east": {"uv": [11, 8.5, 13.5, 9.25], "texture": "#0"},
				"south": {"uv": [10.5, 13.25, 11.25, 14], "texture": "#0"},
				"west": {"uv": [11, 9.25, 13.5, 10], "texture": "#0"},
				"up": {"uv": [11.75, 12.5, 11, 10], "texture": "#0"},
				"down": {"uv": [1.5, 11.25, 0.75, 13.75], "texture": "#0"}
			}
		},
		{
			"from": [3, 13, 0],
			"to": [13, 16, 3],
			"faces": {
				"north": {"uv": [6.5, 12.25, 9, 13], "texture": "#0"},
				"east": {"uv": [0.75, 13.75, 1.5, 14.5], "texture": "#0"},
				"south": {"uv": [11.75, 12.25, 14.25, 13], "texture": "#0"},
				"west": {"uv": [13.75, 0.75, 14.5, 1.5], "texture": "#0"},
				"up": {"uv": [6.5, 13.25, 4, 12.5], "texture": "#0"},
				"down": {"uv": [15.5, 0, 13, 0.75], "texture": "#0"}
			}
		},
		{
			"from": [0, 13, 3],
			"to": [3, 16, 13],
			"faces": {
				"north": {"uv": [13.5, 9, 14.25, 9.75], "texture": "#0"},
				"east": {"uv": [11.75, 10.75, 14.25, 11.5], "texture": "#0"},
				"south": {"uv": [13.5, 13, 14.25, 13.75], "texture": "#0"},
				"west": {"uv": [11.75, 11.5, 14.25, 12.25], "texture": "#0"},
				"up": {"uv": [9.75, 14, 9, 11.5], "texture": "#0"},
				"down": {"uv": [10.5, 11.5, 9.75, 14], "texture": "#0"}
			}
		},
		{
			"from": [3, 13, 13],
			"to": [13, 16, 16],
			"faces": {
				"north": {"uv": [11.5, 5.25, 14, 6], "texture": "#0"},
				"east": {"uv": [13.5, 7.5, 14.25, 8.25], "texture": "#0"},
				"south": {"uv": [6.5, 11.5, 9, 12.25], "texture": "#0"},
				"west": {"uv": [13.5, 8.25, 14.25, 9], "texture": "#0"},
				"up": {"uv": [6.5, 12.5, 4, 11.75], "texture": "#0"},
				"down": {"uv": [14.25, 10, 11.75, 10.75], "texture": "#0"}
			}
		},
		{
			"from": [13, 13, 3],
			"to": [16, 16, 13],
			"faces": {
				"north": {"uv": [3, 13.5, 3.75, 14.25], "texture": "#0"},
				"east": {"uv": [11.5, 3.75, 14, 4.5], "texture": "#0"},
				"south": {"uv": [13.5, 6.75, 14.25, 7.5], "texture": "#0"},
				"west": {"uv": [11.5, 4.5, 14, 5.25], "texture": "#0"},
				"up": {"uv": [2.25, 13.75, 1.5, 11.25], "texture": "#0"},
				"down": {"uv": [3, 11.25, 2.25, 13.75], "texture": "#0"}
			}
		},
		{
			"from": [1, 1, 1],
			"to": [15, 15, 15],
			"faces": {
				"north": {"uv": [0, 0, 3.5, 3.5], "texture": "#0"},
				"east": {"uv": [0, 3.5, 3.5, 7], "texture": "#0"},
				"south": {"uv": [3.5, 0, 7, 3.5], "texture": "#0"},
				"west": {"uv": [3.5, 3.5, 7, 7], "texture": "#0"},
				"up": {"uv": [3.5, 10.5, 0, 7], "texture": "#0"},
				"down": {"uv": [10.5, 0, 7, 3.5], "texture": "#0"}
			}
		}
	],
	"display": {
		"thirdperson_righthand": {
			"rotation": [90, 0, 0],
			"translation": [0, -2, -3],
			"scale": [0.4, 0.4, 0.4]
		},
		"thirdperson_lefthand": {
			"rotation": [90, 0, 0],
			"translation": [0, -2, -2.5],
			"scale": [0.4, 0.4, 0.4]
		},
		"firstperson_righthand": {
			"rotation": [0, 20, 11],
			"translation": [0, 3, 0],
			"scale": [0.5, 0.5, 0.5]
		},
		"firstperson_lefthand": {
			"rotation": [0, 20, 11],
			"translation": [0, 3, 0],
			"scale": [0.5, 0.5, 0.5]
		},
		"ground": {
			"scale": [0.5, 0.5, 0.5]
		},
		"gui": {
			"rotation": [20, 20, 0],
			"translation": [0.25, 0, 0],
			"scale": [0.5, 0.5, 0.5]
		},
		"fixed": {
			"scale": [0.8, 0.8, 0.8]
		}
	}
}