{
	"credit": "Made with Blockbench",
	"texture_size": [32, 32],
	"textures": {
		"0": "block/meltdown_2",
		"2": "block/puddle_anim",
		"particle": "block/meltdown_2"
	},
	"elements": [
		{
			"from": [0, 0, 0],
			"to": [16, 32, 16],
			"faces": {
				"north": {"uv": [11.25, 6.625, 9.25, 10.625], "texture": "#0"},
				"east": {"uv": [11.25, 6.625, 9.25, 10.625], "texture": "#0"},
				"south": {"uv": [7.25, 6.625, 9.25, 10.625], "texture": "#0"},
				"west": {"uv": [9.25, 6.625, 11.25, 10.625], "texture": "#0"},
				"up": {"uv": [8.875, 10.75, 10.875, 12.75], "texture": "#0"},
				"down": {"uv": [14.75, 11.25, 14.875, 11.375], "texture": "#0"}
			}
		},
		{
			"from": [3.99, -0.01, -2.01],
			"to": [18.01, 20.01, 14.01],
			"faces": {
				"north": {"uv": [11.375, 6.625, 13.125, 9.125], "texture": "#0"},
				"east": {"uv": [15.25, 6.625, 13.25, 9.125], "texture": "#0"},
				"south": {"uv": [13.5, 6.625, 15.25, 9.125], "texture": "#0"},
				"west": {"uv": [15, 9.25, 13.25, 11.75], "texture": "#0"},
				"up": {"uv": [13.125, 9.25, 11.375, 11.25], "texture": "#0"},
				"down": {"uv": [14.75, 11.25, 14.875, 11.375], "texture": "#0"}
			}
		},
		{
			"from": [-8, 0.25, -8],
			"to": [24, 0.25, 24],
			"rotation": {"angle": 0, "axis": "y", "origin": [-8, 0, -8]},
			"faces": {
				"north": {"uv": [0, 0, 1, 1], "texture": "#missing"},
				"east": {"uv": [0, 0, 1, 1], "texture": "#missing"},
				"south": {"uv": [0, 0, 1, 1], "texture": "#missing"},
				"west": {"uv": [0, 0, 1, 1], "texture": "#missing"},
				"up": {"uv": [0, 0, 16, 16], "texture": "#2"},
				"down": {"uv": [0, 16, 16, 0], "texture": "#2"}
			}
		}
	],
	"display": {
		"thirdperson_righthand": {
			"rotation": [63, 34, 0],
			"translation": [0, 1, -1],
			"scale": [0.37891, 0.37891, 0.37891]
		},
		"thirdperson_lefthand": {
			"rotation": [63, 34, 0],
			"translation": [0, 1, -1],
			"scale": [0.37891, 0.37891, 0.37891]
		},
		"firstperson_righthand": {
			"rotation": [3, 112, -13],
			"translation": [9.5, 0, -5.75],
			"scale": [0.35547, 0.35547, 0.35547]
		},
		"firstperson_lefthand": {
			"rotation": [3, 112, -13],
			"translation": [9.5, 0, -5.75],
			"scale": [0.35547, 0.35547, 0.35547]
		},
		"ground": {
			"translation": [0, 4.25, 0],
			"scale": [0.28906, 0.28906, 0.28906]
		},
		"gui": {
			"rotation": [30, -158, 0],
			"translation": [-0.25, -2.25, 0],
			"scale": [0.37265, 0.37265, 0.37265]
		},
		"head": {
			"translation": [0, -30.5, 0],
			"scale": [1.6, 1.6, 1.6]
		},
		"fixed": {
			"translation": [0, -3.25, -7.5]
		}
	}
}