{
	"credit": "Made with Blockbench",
	"texture_size": [128, 128],
	"textures": {
		"0": "block/blueheater"
	},
	"elements": [
		{
			"from": [0, -0.1, -1],
			"to": [4, 3.9, 3],
			"rotation": {"angle": -45, "axis": "y", "origin": [1, 0, 1]},
			"faces": {
				"north": {"uv": [4.5, 7.875, 5, 8.375], "texture": "#0"},
				"east": {"uv": [8, 1.625, 8.5, 2.125], "texture": "#0"},
				"south": {"uv": [8, 2.125, 8.5, 2.625], "texture": "#0"},
				"west": {"uv": [5, 8, 5.5, 8.5], "texture": "#0"},
				"up": {"uv": [6, 8.5, 5.5, 8], "texture": "#0"},
				"down": {"uv": [6.5, 8, 6, 8.5], "texture": "#0"}
			}
		},
		{
			"from": [0, -0.1, 13],
			"to": [4, 3.9, 17],
			"rotation": {"angle": 45, "axis": "y", "origin": [1, 0, 15]},
			"faces": {
				"north": {"uv": [6.5, 8, 7, 8.5], "texture": "#0"},
				"east": {"uv": [7, 8, 7.5, 8.5], "texture": "#0"},
				"south": {"uv": [7.5, 8, 8, 8.5], "texture": "#0"},
				"west": {"uv": [8, 8, 8.5, 8.5], "texture": "#0"},
				"up": {"uv": [0.5, 8.625, 0, 8.125], "texture": "#0"},
				"down": {"uv": [1, 8.125, 0.5, 8.625], "texture": "#0"}
			}
		},
		{
			"from": [12, -0.1, -2],
			"to": [16, 3.9, 2],
			"rotation": {"angle": 45, "axis": "y", "origin": [16, 0, 0]},
			"faces": {
				"north": {"uv": [1, 8.125, 1.5, 8.625], "texture": "#0"},
				"east": {"uv": [1.5, 8.125, 2, 8.625], "texture": "#0"},
				"south": {"uv": [2, 8.125, 2.5, 8.625], "texture": "#0"},
				"west": {"uv": [2.5, 8.125, 3, 8.625], "texture": "#0"},
				"up": {"uv": [3.5, 8.625, 3, 8.125], "texture": "#0"},
				"down": {"uv": [4, 8.125, 3.5, 8.625], "texture": "#0"}
			}
		},
		{
			"from": [14, -0.1, 12],
			"to": [18, 3.9, 16],
			"rotation": {"angle": 45, "axis": "y", "origin": [16, 0, 16]},
			"faces": {
				"north": {"uv": [4, 8.125, 4.5, 8.625], "texture": "#0"},
				"east": {"uv": [8.25, 0, 8.75, 0.5], "texture": "#0"},
				"south": {"uv": [8.25, 0.5, 8.75, 1], "texture": "#0"},
				"west": {"uv": [4.5, 8.375, 5, 8.875], "texture": "#0"},
				"up": {"uv": [9, 2.125, 8.5, 1.625], "texture": "#0"},
				"down": {"uv": [9, 2.125, 8.5, 2.625], "texture": "#0"}
			}
		},
		{
			"from": [1, 0, 1],
			"to": [15, 5, 15],
			"rotation": {"angle": 0, "axis": "y", "origin": [8, 0, 8]},
			"faces": {
				"north": {"uv": [6, 4.5, 7.75, 5.125], "texture": "#0"},
				"east": {"uv": [6, 5.125, 7.75, 5.75], "texture": "#0"},
				"south": {"uv": [6, 5.75, 7.75, 6.375], "texture": "#0"},
				"west": {"uv": [6, 6.375, 7.75, 7], "texture": "#0"},
				"up": {"uv": [1.75, 1.75, 0, 0], "texture": "#0"},
				"down": {"uv": [1.75, 1.75, 0, 3.5], "texture": "#0"}
			}
		},
		{
			"from": [1, 6, 1],
			"to": [15, 9, 15],
			"rotation": {"angle": 0, "axis": "y", "origin": [8, 0, 8]},
			"faces": {
				"north": {"uv": [0, 6.5, 1.75, 6.875], "texture": "#0"},
				"east": {"uv": [6.5, 0, 8.25, 0.375], "texture": "#0"},
				"south": {"uv": [6.5, 0.375, 8.25, 0.75], "texture": "#0"},
				"west": {"uv": [6.5, 0.75, 8.25, 1.125], "texture": "#0"},
				"up": {"uv": [3.5, 1.75, 1.75, 0], "texture": "#0"},
				"down": {"uv": [3.5, 1.75, 1.75, 3.5], "texture": "#0"}
			}
		},
		{
			"from": [4, 11, 6],
			"to": [12, 11, 10],
			"rotation": {"angle": 0, "axis": "y", "origin": [8, 0, 8]},
			"faces": {
				"north": {"uv": [0, 0, 1, 0], "texture": "#0"},
				"east": {"uv": [0, 0, 0.5, 0], "texture": "#0"},
				"south": {"uv": [0, 0, 1, 0], "texture": "#0"},
				"west": {"uv": [0, 0, 0.5, 0], "texture": "#0"},
				"up": {"uv": [4.5, 3.5, 3.5, 3], "texture": "#0"},
				"down": {"uv": [8.5, 3.75, 7.5, 4.25], "texture": "#0"}
			}
		},
		{
			"from": [4, 9, 6],
			"to": [4, 11, 10],
			"rotation": {"angle": 0, "axis": "y", "origin": [8, 0, 8]},
			"faces": {
				"north": {"uv": [0, 0, 0, 0.25], "texture": "#0"},
				"east": {"uv": [8.25, 7.75, 8.75, 8], "texture": "#0"},
				"south": {"uv": [0, 0, 0, 0.25], "texture": "#0"},
				"west": {"uv": [8.5, 3.75, 9, 4], "texture": "#0"},
				"up": {"uv": [0, 0.5, 0, 0], "texture": "#0"},
				"down": {"uv": [0, 0, 0, 0.5], "texture": "#0"}
			}
		},
		{
			"from": [12, 9, 6],
			"to": [12, 11, 10],
			"rotation": {"angle": 0, "axis": "y", "origin": [8, 0, 8]},
			"faces": {
				"north": {"uv": [0, 0, 0, 0.25], "texture": "#0"},
				"east": {"uv": [3.25, 6.5, 3.75, 6.75], "texture": "#0"},
				"south": {"uv": [0, 0, 0, 0.25], "texture": "#0"},
				"west": {"uv": [3.75, 6.5, 4.25, 6.75], "texture": "#0"},
				"up": {"uv": [0, 0.5, 0, 0], "texture": "#0"},
				"down": {"uv": [0, 0, 0, 0.5], "texture": "#0"}
			}
		},
		{
			"name": "1",
			"from": [2, 5, 2],
			"to": [14, 6, 14],
			"rotation": {"angle": 0, "axis": "y", "origin": [8, 0, 8]},
			"faces": {
				"north": {"uv": [4.5, 7.5, 6, 7.625], "texture": "#0"},
				"east": {"uv": [8, 2.625, 9.5, 2.75], "texture": "#0"},
				"south": {"uv": [8, 2.75, 9.5, 2.875], "texture": "#0"},
				"west": {"uv": [8, 2.875, 9.5, 3], "texture": "#0"},
				"up": {"uv": [1.5, 5, 0, 3.5], "texture": "#0"},
				"down": {"uv": [5, 0, 3.5, 1.5], "texture": "#0"}
			}
		}
	],
	"display": {
		"thirdperson_righthand": {
			"rotation": [90, 0, 0],
			"translation": [0, -2, -0.75],
			"scale": [0.5, 0.5, 0.5]
		},
		"thirdperson_lefthand": {
			"rotation": [90, 0, 0],
			"translation": [0, -2, -1],
			"scale": [0.5, 0.5, 0.5]
		},
		"firstperson_righthand": {
			"rotation": [-20, 11, 23],
			"translation": [0.5, 4.25, 0],
			"scale": [0.3, 0.3, 0.3]
		},
		"firstperson_lefthand": {
			"rotation": [-20, 11, 23],
			"translation": [-0.5, 4.25, 0],
			"scale": [0.3, 0.3, 0.3]
		},
		"ground": {
			"translation": [0, 4, 0]
		},
		"gui": {
			"rotation": [20, 50, 0],
			"translation": [0, 1, 0],
			"scale": [0.6, 0.6, 0.6]
		},
		"fixed": {
			"translation": [0, 3.75, 0]
		}
	},
	"groups": [
		{
			"name": "bottom",
			"origin": [0, 0, 0],
			"color": 0,
			"nbt": "{}",
			"children": [0, 1, 2, 3, 4]
		},
		{
			"name": "top",
			"origin": [0, 0, 0],
			"color": 0,
			"nbt": "{}",
			"children": [5, 6, 7, 8]
		},
		{
			"name": "bone",
			"origin": [0, 0, 0],
			"color": 0,
			"nbt": "{}",
			"children": [9]
		}
	]
}