{
	"credit": "Made with Blockbench",
	"texture_size": [128, 128],
	"textures": {
		"0": "minecraft:model_textures/md/iceblock_friendly1",
		"particle": "minecraft:model_textures/md/iceblock_friendly1"
	},
	"elements": [
		{
			"from": [2, 22, 2],
			"to": [14, 32, 14],
			"rotation": {"angle": 0, "axis": "y", "origin": [8, 27, 8]},
			"faces": {
				"north": {"uv": [1.5, 6.75, 3, 8], "texture": "#0"},
				"east": {"uv": [3, 6.75, 4.5, 8], "texture": "#0"},
				"south": {"uv": [4.5, 6.75, 6, 8], "texture": "#0"},
				"west": {"uv": [7, 0, 8.5, 1.25], "texture": "#0"},
				"up": {"uv": [1.5, 8, 0, 6.5], "texture": "#0"},
				"down": {"uv": [8, 5.5, 6.5, 7], "texture": "#0"}
			}
		},
		{
			"from": [-2, 0, -2],
			"to": [18, 12, 18],
			"rotation": {"angle": 0, "axis": "y", "origin": [8, 7, 8]},
			"faces": {
				"north": {"uv": [2.5, 4, 5, 5.5], "texture": "#0"},
				"east": {"uv": [4.5, 0, 7, 1.5], "texture": "#0"},
				"south": {"uv": [4.5, 1.5, 7, 3], "texture": "#0"},
				"west": {"uv": [0, 5, 2.5, 6.5], "texture": "#0"},
				"up": {"uv": [2.5, 2.5, 0, 0], "texture": "#0"},
				"down": {"uv": [2.5, 2.5, 0, 5], "texture": "#0"}
			}
		},
		{
			"from": [0, 12, 0],
			"to": [16, 22, 16],
			"rotation": {"angle": 0, "axis": "y", "origin": [8, 17, 8]},
			"faces": {
				"north": {"uv": [5, 3, 7, 4.25], "texture": "#0"},
				"east": {"uv": [5, 4.25, 7, 5.5], "texture": "#0"},
				"south": {"uv": [2.5, 5.5, 4.5, 6.75], "texture": "#0"},
				"west": {"uv": [4.5, 5.5, 6.5, 6.75], "texture": "#0"},
				"up": {"uv": [4.5, 2, 2.5, 0], "texture": "#0"},
				"down": {"uv": [4.5, 2, 2.5, 4], "texture": "#0"}
			}
		},
		{
			"from": [7, 25, -1],
			"to": [9, 27, 3],
			"rotation": {"angle": 0, "axis": "y", "origin": [8, 26, 1]},
			"faces": {
				"north": {"uv": [1.5, 6.5, 1.75, 6.75], "texture": "#0"},
				"east": {"uv": [4.5, 3, 5, 3.25], "texture": "#0"},
				"south": {"uv": [1.75, 6.5, 2, 6.75], "texture": "#0"},
				"west": {"uv": [4.5, 3.25, 5, 3.5], "texture": "#0"},
				"up": {"uv": [4.75, 4, 4.5, 3.5], "texture": "#0"},
				"down": {"uv": [5, 3.5, 4.75, 4], "texture": "#0"}
			}
		}
	],
	"display": {
		"gui": {
			"rotation": [30, 149, 0],
			"translation": [0, -2, 0],
			"scale": [0.34, 0.34, 0.34]
		},
		"head": {
			"translation": [0, -30.5, 0],
			"scale": [1.85, 1.85, 1.85]
		}
	}
}